stateID,StateName,StateName2,Capital,Capital2,Begin,End,Latitude,Longitude,RatProcedure,Constitutional Description,Source_rat,Area,Region,Source,URL,Notes
ABK,Abkhazia,Kingdom of Abkhazia,Anakopia,Kutaisi,778,1008,43.0942,40.8088,NA,NA,NA,ASIA,Western Asia,"Anacopia Fortress (WayBack Machine)
History (World Abaza Congress)
Kutaisi: Bondyrev, I. V., Davitashvili, Z. V., & Singh, V. P. (2015). The geography of Georgia: problems and perspectives. Cham, CH; Heidelberg, DE; New York, US; Dordrecht, NL; London, UK: Springer International Publishing, p. 24.
Abkhazian Kingdom: Alasania, G. (2007). On the Personality of the Creator of the Abkhaz Kingdom. Bull. Georg. Natl. Acad. Sci. vol, 175(3), p. 156.","https://web.archive.org/web/20151208125038/http://abkhazia.travel/en/new_afon_places/98.html
https://abaza.org/en/history","Added: new line for new entity, including name in StateName, StateName2, Capital, Capital2, Begin and End dates, Area and Region, Source"
ABK,Abkhazia,Socialist Soviet Republic of Abkhazia,Sukhumi,NA,1921-03-04,1931-02-01,43.00697,40.9893,NA,NA,NA,ASIA,Western Asia,"History (World Abaza Congress)
Roth, C. F. (2015). Let's split!: A complete guide to separatist movements and aspirant nations, from Abkhazia to Zanzibar. Litwin Books, p. 188.
Auch, E. M. (2004). The Abkhazia conflict in historical perspective. Institute for Peace Research and Security Policy at the University of Hamburg (ed.)(2004). Yearbook on the Organization for Security and Co-operation in Europe (OSCE), 10, p. 226.",https://abaza.org/en/history,"Added: new line for new entity, including StateName, Statename2, Capital, Begin and End dates, Latitude and Longitude, Area and Region, Source"
ABK,Abkhazia,Abkhaz Autonomous Soviet Socialist Republic,Sukhumi,NA,1931-02-01,1990-08-25,43.00697,40.9893,NA,NA,NA,ASIA,Western Asia,"History (World Abaza Congress)
Roth, C. F. (2015). Let's split!: A complete guide to separatist movements and aspirant nations, from Abkhazia to Zanzibar. Litwin Books, p. 188.
Auch, E. M. (2004). The Abkhazia conflict in historical perspective. Institute for Peace Research and Security Policy at the University of Hamburg (ed.)(2004). Yearbook on the Organization for Security and Co-operation in Europe (OSCE), 10, p. 227.
Declaration on the State Sovereignty of the Abkhazian ASSR, 25.08.1990 (Auch, 2004, p. 229).",https://abaza.org/en/history,"Added: new line for new entity, including StateName, Statename2, Capital, Begin and End dates, Latitude and Longitude, Area and Region, Source"
ABK,Abkhazia,Republic of Abkhazia,Sukhumi,NA,1990-08-25,9999-12-31,43.00697,40.9893,2,"Abkhazia is a semi-presidential republic, following the Constitution of the Republic of Abkhazia, Adopted on the 26th of November 1994 and approved by the national voting in October 1999 with amendment. As provided by law, the Parliament of the Republic of Abkhazia shall ratify and denounce the interstate treaties and agreements. Also, the President of the Republic of Abkhazia shall sign international instruments and interstate treaties.","Constitution of the Republic of Abkhazia (Apsny), 1994. Legislature: Art. 47 (8); Executive: Art. 53 (2), (3), (4). https://abkhazworld.com/aw/reports-and-key-texts/607-constitution-of-the-republic-of-abkhazia-apsny",ASIA,Western Asia,"History (World Abaza Congress)
Auch, E. M. (2004). The Abkhazia conflict in historical perspective. Institute for Peace Research and Security Policy at the University of Hamburg (ed.)(2004). Yearbook on the Organization for Security and Co-operation in Europe (OSCE), 10, p. 227.",https://abaza.org/en/history,"Added: Statename2, Begin, End, Source
Changed: Latitude, Longitudes
Checked: Capital, RatProcedure, Constitutional Description, Source-rat, Area and Region"
ACH,Aceh,Kingdom of Aceh Darussalam,Kutaraja,Banda Aceh,1511-01-01,1904-01-01,5.5483,95.3238,NA,NA,NA,ASIA,South Eastern Asia,"Özay, M. (2012). The Historical Basis of Aceh Socio-Economics Development (1511-1904). Journal of History Culture and Art Research, 1(2), p. 58.",NA,"Changed: Capital, Begin and End dates, Latitude and Longitude
Added: Statename2, Capital2, Source
Checked: RatProcedure, Constitutional Description, Source-rat, Area and Region
Deleted: second line with dates from 1816 to 1874 which do not correspond to any specific period of statehood"
AFG,Afghanistan,Durrani Empire,Kabul,Quandahar,1747-01-01,1879-12-31,34.52813,69.17233,NA,NA,NA,NA,Central Asia,"Nejatie, S. (2017). Iranian Migrations in the Durrani Empire, 1747–93. Comparative Studies of South Asia, Africa and the Middle East, 37(3), pp. 494-495.
Morrison, A. (2017). Beyond the ‘Great Game’: The Russian origins of the second Anglo–Afghan War. Modern Asian Studies, 51(3), 686-735.
Shīr 'Alī Khān (Britannica)",https://www.britannica.com/biography/Shir-Ali-Khan,"Added: StateName2, Capital2, Area, Region, Source
Checked: StateName, StateName2, Capital, Begin, End, Latitude, Longitude, RatProcedure, Constitutional Description, Source-rat"
AGO,Angola,People's Republic of Angola,Luanda,NA,1975-11-11,9999-12-31,-8.83682,13.23432,NA,"We, the people of Angola, through its lawful representatives, the legislators of the nation, freely elected in the parliamentary elections of September 2008;
Having received, by the said popular vote and under the provision contained in Article 158 of the Constitutional Law of 1992, the noble and irrefusable mandate to proceed with the drawing up and approval of the Constitution of the Republic of Angola;",Constitution of the Republic of Angola (2010),AFRICA,Southern Africa,"Meijer, G., & Birmingham, D. (2004). Angola from past to present. Accord: from military peace to social justice? the Angolan peace process, pp. 10.",https://www.constituteproject.org/constitution/Angola_2010,"Added: StateName2, Area, Region, Constitutional Description, Source-rat Source
Checked: StateName, Capital, Capital2, Begin, End, Latitude, Longitude, RatProcedure"
ALB,Albania,Kingdom of Albania,Tirana,NA,1272-02-21,1392-12-31,41.33333,19.91667,NA,NA,NA,EUROPE,Southern Europe,"Frasheri, K. (1964). The history of Albania. A Brief Survey. Tirana, pp. 36, 48.",NA,"Added: StateName2, Area, Region, Source
Checked: StateName, Capital, Capital2, Begin, End, Latitude, Longitude, RatProcedure, Constitutional Description, Source-rat"
ALB,Albania,NA,Tirana,NA,1913-07-29,1939-04-09,41.33333,19.91667,NA,NA,NA,EUROPE,Southern Europe,"Frasheri, K. (1964). The history of Albania. A Brief Survey. Tirana, pp. 152, 217.",NA,"Added: Area, Region, Source
Checked: StateName, StateName2, Capital, Capital2, Begin, End, Latitude, Longitude, RatProcedure, Constitutional Description, Source-rat"
ALB,Albania,Republic of Albania,Tirana,NA,1944-11-29,9999-12-31,41.33333,19.91667,NA,NA,NA,EUROPE,Southern Europe,"Albania Nationalism (Britannica)
Frasheri, K. (1964). The history of Albania. A Brief Survey. Tirana, p. 256.",https://www.britannica.com/place/Albania/Albanian-nationalism,"Changed: Begin
Added: Area, Region, Source
Checked: StateName, StateName2, Capital, Capital2, End, Latitude, Longitude, RatProcedure, Constitutional Description, Source-rat"
ALT,Los Altos,NA,Quetzaltenango,NA,1848-08-27,1849,14.83472,-91.51806,NA,NA,NA,LATIN AMERICA,Central America,"Taracena Arriola, A. (1997). Invención criolla, sueño ladino, pesadilla indígena: Los Altos de Guatemala: de región a Estado, 1740-1850, p. 353.",NA,"Changed: Begin
Added: Source
Checked: StateName, StateName2, Capital, Capital2, End, Latitude, Longitude, RatProcedure, Constitutional Description, Source-rat, Area, Region"
AND,Andorra,Co-Principality of Andorra,Andorra la Vella,NA,1278-09-08,1812-01-26,42.50779,1.52109,3,"Andorra is a Democratic and Social independent State abiding by the Rule of Law. According to the Constitution of the Principality of Andorra, the authority and power of the ratification of treaties  are dedicated to the the Coprinces, General Council, and the Constitutional Court. The Coprinces express the consent of the State to honour its international treaties under the provisions of the General Council. The Constitution request the approval of the absolute majority of the members of the General Council, or a majority of two-thirds of the members of the General Council. In the cases of the unconstitutionality of the international treaties, the Coprinces shall request opinions to the Constitutional Court.","The Constitution of the Principality of Andorra. Executive Power: Title III, Art. 45 (h); Legislative Power: Title IV, Chap. III, Art. 64, 65, 66, 67; Constitutional Court: Title VIII, Art. 98, 101. https://www.wipo.int/edocs/lexdocs/laws/en/ad/ad001en.pdf",EUROPE,Southwestern Europe,"Sanguin, A. L. (1978). L'Andorre, micro-état pyrénéen: quelques aspects de géographie politique. Revue géographique des Pyrénées et du Sud-Ouest. Sud-Ouest Européen, 49(4), pp. 457-458.
Whittlesey, D. (1934). Andorra's autonomy. The Journal of Modern History, 6(2), p. 149.
The First Pariatge of Andorra (Library of Congress)
Contact (Gran Orient d'Andorra)
Andorra (Archontology)","https://www.loc.gov/item/2021668170
https://www.granorientandorra.com/en/andorra/
https://www.archontology.org/nations/andorra/00_polity.php","Added: StateName2, Area, Region, Source
Checked: StateName, Capital, Capital2, Begin, End, Latitude, Longitude, RatProcedure, Constitutional Description, Source-rat"
AND,Andorra,NA,Andorra la Vella,NA,1814-03-10,9999-12-31,42.50779,1.52109,3,"Andorra is a Democratic and Social independent State abiding by the Rule of Law. According to the Constitution of the Principality of Andorra, the authority and power of the ratification of treaties  are dedicated to the the Coprinces, General Council, and the Constitutional Court. The Coprinces express the consent of the State to honour its international treaties under the provisions of the General Council. The Constitution request the approval of the absolute majority of the members of the General Council, or a majority of two-thirds of the members of the General Council. In the cases of the unconstitutionality of the international treaties, the Coprinces shall request opinions to the Constitutional Court.","The Constitution of the Principality of Andorra. Executive Power: Title III, Art. 45 (h); Legislative Power: Title IV, Chap. III, Art. 64, 65, 66, 67; Constitutional Court: Title VIII, Art. 98, 101. https://www.wipo.int/edocs/lexdocs/laws/en/ad/ad001en.pdf",EUROPE,Southwestern Europe,"Morgan Jr, J. L. (1994). The Army of Catalonia organization, operations and logistics, 1807-1814.(Volumes I and II). Loyola University Chicago, pp. 189, 367.",NA,"Added: Area, Region, Source
Checked: StateName, StateName2, Capital, Capital2, Begin, End, Latitude, Longitude, RatProcedure, Constitutional Description, Source-rat"
ARE,United Arab Emirates,NA,Abu Dhabi,NA,1971-12-02,9999-12-31,24.46667,54.36667,NA,NA,NA,ASIA,Western Asia,"History (Embassy of the United Arab EmiratesWashington, DC)",https://www.uae-embassy.org/discover-uae/history,"Added: Area, Region, Source
Checked: StateName, StateName2, Capital, Capital2, Begin, End, Latitude, Longitude, RatProcedure, Constitutional Description, Source-rat"
ARG,Argentina,NA,Buenos Aires,NA,1816-07-09,9999-12-31,-36,-60,NA,NA,NA,AMERICA,South America,"Criscenti, J. T. (1961). Argentine Constitutional History, 1810-1852: a re-examination. The Hispanic American Historical Review, 41(3), pp. 381, 398.",NA,"The Argentine Republic was called 'United Provinces of America' at the time the Declaration of Indepndence was signed (Criscenti, 1961, p. 398).
Added: Area, Region, Source
Checked: StateName, StateName2, Capital, Capital2, Begin, End, Latitude, Longitude, RatProcedure, Constitutional Description, Source-rat"
ARM,Armenia,First Republic of Armenia,Yerevan,NA,1918-05-28,1920-12-02,40.18111,44.51361,NA,NA,NA,ASIA,Western Asia,"First Republic of Armenia 1918-1920 (Armenian-History)
Hovannisian, R. G. (1996). The Republic of Armenia: Between Crescent and Sickle: Partition and Sovietization (Vol. 4, pp. 391-403). Berkeley and Los Angeles: University of California Press, p. 387.",https://armenian-history.com/first-republic-of-armenia-1918-1920/,"Added: StateName2, Area, Region, Source
Checked: StateName, Capital, Capital2, Begin, End, Latitude, Longitude, RatProcedure, Constitutional Description, Source-rat"
ARM,Armenia,Republic of Armenia,Yerevan,NA,1991-09-23,9999-12-31,40.18111,44.51361,NA,NA,NA,ASIA,Western Asia,"Grotz, Florian, and Maria Rodriguez‐McKey, ' Armenia', in Dieter Nohlen, Florian Grotz, and Christof Hartmann (eds), Elections in Asia and the Pacific: A Data Handbook: Volume I: Middle East, Central Asia, and South Asia (Oxford, 2001; online edn, Oxford Academic, 1 Nov. 2003), p. 320.
Self-determination according to Leninist principles (APN)",https://www.apn.ru/index.php?newsid=10413,"Added: StateName2, Area, Region, Source
Checked: StateName, Capital, Capital2, Begin, End, Latitude, Longitude, RatProcedure, Constitutional Description, Source-rat"
ASA,Assam,Ahom Kingdom,Dispur,NA,1228,1826,26.13564,91.80069,NA,NA,NA,ASIA,Southern Asia,"Guha, A. (1983). The Ahom political system: an enquiry into the state formation process in medieval Assam (1228-1714). Social Scientist, pp. 9, 11, 13.
Roth, C. F. (2015). Let's split!: A complete guide to separatist movements and aspirant nations, from Abkhazia to Zanzibar. Litwin Books, p. 335.",NA,"Capital and cooridnates are for the current state of Assam, India (Roth, 2015, p. 335)
Changed: End
Added: StateName2, Source
Checked: StateName, Capital, Capital2, Begin, Latitude, Longitude, RatProcedure, Constitutional Description, Source-rat, Area, Region
Deleted: second line with dates from 1816 to 1817 which is part of the same period of statehood (see Guha, 1983, p. 9)"
ASI,Asir,NA,Abha,NA,1818-01-01,1872-04-30,18.21639,42.50528,NA,NA,NA,ASIA,Western Asia,,,
ASI,Asir,NA,Abha,NA,1/1/14,12/31/26,18.21639,42.50528,NA,NA,NA,ASIA,Western Asia,,,
AST,Ashanti,NA,Kumasi,NA,1670-01-01,1896-02-01,6.68848,-1.62443,NA,NA,NA,AFRICA,Western Africa,,,
AST,Ashanti,NA,Kumasi,NA,1816-01-01,1896-02-01,6.68848,-1.62443,NA,NA,NA,AFRICA,Western Africa,,,
ATG,Antigua and Barbuda,NA,Saint Johns,NA,11/1/81,9999-12-31,29.91218,-81.40989,NA,NA,NA,NA,NA,,,
AUH,Austria-Hungary,NA,Vienna,NA,1867-03-01,11/12/18,48.20849,16.37208,3,"By constitution, at the foundation of the dual system in 1867, the Austro-Hungarian Monarchy consists of the two separate and sovereign States of Austria and Hungary. Each state provided its own parliament, government and its own Crown. The two offices of Emperor of Austria and King of Hungary are distinct, but by the constitution, they vest in the same person. Even the two offices are independent. Minister for War and Minister for Foreign Affairs are to be found in the joint ministry of Austria-Hungary, which is attached to a joint parliament, providing the element of a common legislature of Austria-Hungary. The joint legislature, the Delegations consists of two committees appointed by and from the two parliament of Austria and of Hungary. The Delegations are to control foreign affairs, but treaties must be ratified by the two separate parliaments.",https://www.jstor.org/stable/30082697,NA,NA,,,
AUH,Austria-Hungary,NA,Vienna,NA,1867-03-30,11/11/18,48.20849,16.37208,3,"By constitution, at the foundation of the dual system in 1867, the Austro-Hungarian Monarchy consists of the two separate and sovereign States of Austria and Hungary. Each state provided its own parliament, government and its own Crown. The two offices of Emperor of Austria and King of Hungary are distinct, but by the constitution, they vest in the same person. Even the two offices are independent. Minister for War and Minister for Foreign Affairs are to be found in the joint ministry of Austria-Hungary, which is attached to a joint parliament, providing the element of a common legislature of Austria-Hungary. The joint legislature, the Delegations consists of two committees appointed by and from the two parliament of Austria and of Hungary. The Delegations are to control foreign affairs, but treaties must be ratified by the two separate parliaments.",https://www.jstor.org/stable/30082697,NA,NA,,,
AUS,Australia,NA,Canberra,NA,1/1/01,9999-12-31,-35.28346,149.12807,NA,NA,NA,NA,NA,,,
AUT,Austria,NA,Vienna,NA,1804-08-11,1867-03-30,48.20849,16.37208,NA,NA,NA,NA,NA,,,
AUT,Austria,NA,Vienna,NA,9/10/19,3/13/38,48.20849,16.37208,NA,NA,NA,NA,NA,,,
AUT,Austria,NA,Vienna,NA,7/27/55,9999-12-31,48.20849,16.37208,NA,NA,NA,NA,NA,,,
AZA,Azande,NA,Yambio,NA,1816-01-01,1895-12-31,4.57213,28.39549,NA,NA,NA,AFRICA,Eastern Africa,,,
AZE,Azerbaijan,NA,Baku,NA,5/28/18,4/28/20,40.37767,49.89201,NA,NA,NA,NA,NA,,,
AZE,Azerbaijan,NA,Baku,NA,10/18/91,9999-12-31,40.37767,49.89201,NA,NA,NA,NA,NA,,,
BAD,Baden,NA,Karlsruhe,NA,1112,1919,49.00472,8.38583,NA,NA,NA,EUROPE,Western Europe,,,
BAV,Bavaria,NA,Munich,NA,1805,1918,48.13743,11.57549,NA,NA,NA,EUROPE,Western Europe,,,
BDI,Urundi,NA,Bujumbura,NA,1680-01-01,1890-05-14,-3.3822,29.3644,NA,NA,NA,NA,NA,,,
BEL,Belgium,NA,Brussels,NA,1830-12-20,5/28/40,50.85045,4.34878,NA,NA,NA,NA,NA,,,
BEL,Belgium,NA,Brussels,NA,6/26/45,9999-12-31,50.85045,4.34878,NA,NA,NA,NA,NA,,,
BEN,Benin,Dahomey,Porto-Novo,NA,8/1/60,9999-12-31,6.49646,2.60359,NA,NA,NA,NA,NA,Renamed 1975,,
BFA,Burkina Faso,Upper Volta,Ouagadougou,NA,8/5/60,9999-12-31,12.36566,-1.53388,NA,NA,NA,NA,NA,Renamed 1984,,
BGD,Bangladesh,NA,Dhaka,NA,12/16/71,9999-12-31,23.7104,90.40744,NA,NA,NA,NA,NA,,,
BGR,Bulgaria,NA,Sofia,NA,0681-12-31,1018-12-31,42.69751,23.32415,NA,NA,NA,NA,NA,,,
BGR,Bulgaria,NA,Sofia,NA,1185-10-26,1396-09-25,42.69751,23.32415,NA,NA,NA,NA,NA,,,
BGR,Bulgaria,NA,Sofia,NA,1878-03-03,9999-12-31,42.69751,23.32415,NA,NA,NA,NA,NA,,,
BHP,Bhopal,NA,Bhopal,NA,1707-01-01,1818-03-01,23.25469,77.40289,NA,NA,NA,ASIA,Southern Asia,,,
BHP,Bhopal,NA,Bhopal,NA,1816-01-01,1817-12-01,23.25469,77.40289,NA,NA,NA,ASIA,Southern Asia,,,
BHR,Bahrain,NA,Manama,NA,8/15/71,9999-12-31,26.21536,50.5832,NA,NA,NA,NA,NA,,,
BHS,Bahamas,NA,Nassau,NA,7/10/73,9999-12-31,40.73217,-73.58545,NA,NA,NA,NA,NA,,,
BHT,Bharatpur,NA,Bharatpur,NA,1707-01-01,1828-12-31,27.21731,77.49009,NA,NA,NA,ASIA,Southern Asia,,,
BHT,Bharatpur,NA,Bharatpur,NA,1816-01-01,1828-01-18,27.21731,77.49009,NA,NA,NA,ASIA,Southern Asia,,,
BIH,Bosnia and Herzegovina,NA,Sarajevo,NA,3/1/92,9999-12-31,43.84864,18.35644,NA,NA,NA,NA,NA,,,
BIK,Bikaner,NA,Bikaner,NA,1465-01-01,1818-03-09,28.02094,73.30749,NA,NA,NA,ASIA,Southern Asia,,,
BIK,Bikaner,NA,Bikaner,NA,1816-01-01,1818-05-09,28.02094,73.30749,NA,NA,NA,ASIA,Southern Asia,,,
BLR,Belarus,NA,Minsk,NA,3/25/18,1/5/19,53.9,27.56667,NA,NA,NA,NA,NA,,,
BLR,Belarus,SSR Byelorussia,Minsk,NA,7/31/20,8/19/91,53.9,27.56667,NA,NA,NA,NA,NA,,,
BLR,Belarus,NA,Minsk,NA,8/25/91,9999-12-31,53.9,27.56667,NA,NA,NA,NA,NA,,,
BLZ,Belize,NA,Belmopan,NA,9/21/81,9999-12-31,17.25,-88.76667,NA,NA,NA,NA,NA,,,
BNJ,Benjermassin,NA,Banjarmasin,NA,1526-01-01,1860-12-31,-3.31987,114.59075,NA,NA,NA,ASIA,South Eastern Asia,,,
BNJ,Benjermassin,NA,Banjarmasin,NA,1816-01-01,1860-12-31,-3.31987,114.59075,NA,NA,NA,ASIA,South Eastern Asia,,,
BOL,Plurinational State of Bolivia,NA,Sucre,NA,1825-08-06,9999-12-31,9,-75,NA,NA,NA,NA,NA,,,
BPR,Bahawalpur,NA,Bahawalpur,NA,1748-01-01,1838-01-18,29.4,71.68333,NA,NA,NA,ASIA,Southern Asia,,,
BPR,Bahawalpur,NA,Bahawalpur,NA,1816-01-01,1838-01-18,29.4,71.68333,NA,NA,NA,ASIA,Southern Asia,,,
BRA,Brazil,NA,Brasilia,NA,1822-09-07,9999-12-31,-10,-55,NA,NA,NA,NA,NA,,,
BRB,Barbados,NA,Bridgetown,NA,11/30/66,9999-12-31,13.1,-59.61667,NA,NA,NA,NA,NA,,,
BRE,Bremen,NA,Bremen,NA,1648-06-15,1871-01-17,53.08891,8.79063,NA,NA,NA,EUROPE,Western Europe,,,
BRE,Bremen,NA,Bremen,NA,1816-01-01,1871-01-17,53.08891,8.79063,NA,NA,NA,EUROPE,Western Europe,,,
BRN,Brunei,NA,Bandar Seri Begawan,NA,1368-01-01,1888-01-01,4.94029,114.94806,1,"Brunei Darussalams ultimate authority rests with His Majesty the Sultan and Yang Di-Pertuan of Brunei Darussalam. Both executive power and legislature power is embedded on His Majesty the Sultan and Yang Di-Pertuan. Therefore, the consent of His Majesty the Sultan and Yang Di-Pertuan of Brunei Darussalam ratifies international treaties.",https://www.icj.org/wp-content/uploads/2013/04/Brunei-Constitution-1959-eng.pdf,NA,NA,,,
BTN,Bhutan,NA,Thimphu,NA,1616-01-01,1/8/10,27.46609,89.64191,NA,NA,NA,NA,NA,,,
BUK,Bukhara,NA,Bukhara,NA,1785-01-01,1868-06-30,39.77472,64.42861,NA,NA,NA,ASIA,Central Asia,,,
BUK,Bukhara,NA,Bukhara,NA,1816-01-01,1868-06-30,39.77472,64.42861,NA,NA,NA,ASIA,Central Asia,,,
BUR,Urundi,NA,Gitega,NA,1675-01-01,1890-05-14,-3.5,29.95,NA,NA,NA,AFRICA,Eastern Africa,,,
BWA,Botswana,NA,Gaborone,NA,9/30/66,9999-12-31,-24.65451,25.90859,NA,NA,NA,NA,NA,,,
CAF,Central African Republic,NA,Bangui,NA,8/13/60,9999-12-31,4.36122,18.55496,NA,NA,NA,NA,NA,,,
CAN,Canada,NA,Ottawa,NA,3/29/82,9999-12-31,45.41117,-75.69812,NA,NA,NA,NA,NA,,,
CAY,Cayor,NA,Mboul,NA,1549-01-01,1859-12-31,6.26667,14.28333,NA,NA,NA,AFRICA,Western Africa,,,
CAY,Cayor,NA,Mboul,NA,1816-01-01,1859-12-31,6.26667,14.28333,NA,NA,NA,AFRICA,Western Africa,,,
CHE,Switzerland,NA,Bern,NA,1848,9999-12-31,46.94809,7.44744,NA,NA,NA,NA,NA,,,
CHL,Chile,NA,Santiago,NA,1818-02-12,9999-12-31,-33.45694,-70.64827,NA,NA,NA,NA,NA,,,
CHM,Chamba,NA,Chamba,NA,1816-01-01,1846-03-09,32.5558,76.12592,NA,NA,NA,ASIA,Southern Asia,,,
CHM,Chamba,NA,Chamba,NA,920-01-01,1846-03-09,32.5558,76.12592,NA,NA,NA,ASIA,Southern Asia,,,
CHN,China,NA,Beijing,NA,1368-01-01,9999-12-31,39.9075,116.39723,NA,NA,NA,NA,NA,,,
CHN,China,NA,Beijing,NA,1816-01-01,9999-12-31,39.9075,116.39723,NA,NA,NA,NA,NA,,,
CIV,Cote DIvoire,NA,Yamoussoukro,NA,8/7/60,9999-12-31,6.82055,-5.27674,1.5,"Cote dIvoire, officially the Republic of Cote dIvoire, is a country located on the south coast of West Africa. Cote dIvoires Constitution of 2016 indicates the procedures of treaties ratification in a separate title, Title VI: International Treaties and Agreements. In Chapter I: Negotiation and Ratification, the President of the Republic has an authority of negotiation and ratification of international treaties and agreements. As provided by the following articles, the Constitutional Council shall review governing legislation for the purpose of ratification. If the Constitutional Council, called upon by the President of the Republic, the President of the National Assembly or Senate or by at least one-tenth of deputies or senators, has declared that an international treaty or agreement contains a clause contrary to the Constitution, authorisation to ratify it may take place only after review by the Constitution.","Cote dIvoires Constitution of 2016. Title VI, Chap. I. https://www.constituteproject.org/constitution/Cote_DIvoire_2016.pdf?lang=en",NA,NA,,,
CMR,Cameroon,NA,Yaounde,NA,1/1/60,9999-12-31,3.86667,11.51667,NA,NA,NA,NA,NA,,,
COD,Democratic Republic of the Congo,NA,Kinshasa,NA,6/30/60,9999-12-31,-4.32142,15.30807,NA,NA,NA,NA,NA,,,
COG,Congo,NA,Brazzaville,NA,8/15/60,9999-12-31,-4.26613,15.28318,NA,NA,NA,NA,NA,,,
COK,Cook Islands,NA,Avarua,NA,8/4/65,9999-12-31,-21.20778,-159.775,NA,NA,http://www.track.unodc.org/LegalLibrary/LegalResources/Cook%20Islands/Laws/Cook%20Islands%20Constitution%201965.pdf,NA,NA,,,
COL,Colombia,NA,Bogota,NA,1831-11-19,9999-12-31,4.60971,-74.08175,NA,NA,NA,NA,NA,,,
COM,Comoros,NA,Moroni,NA,7/6/75,9999-12-31,-11.70216,43.25506,NA,NA,NA,NA,NA,,,
CPV,Cape Verde,NA,Praia,NA,7/5/75,9999-12-31,14.93152,-23.51254,NA,NA,NA,NA,NA,,,
CRI,Costa Rica,NA,San Jose,NA,1838-11-05,9999-12-31,37.33939,-121.89496,NA,NA,NA,NA,NA,,,
CUB,Cuba,NA,Havana,NA,5/20/02,9999-12-31,23.13302,-82.38304,NA,NA,NA,NA,NA,,,
CUT,Cutch,NA,Bhuj,NA,1147-01-01,1816-01-15,23.25397,69.66928,NA,NA,NA,ASIA,Southern Asia,,,
CUT,Cutch,NA,Bhuj,NA,1816-01-01,1816-01-15,23.25397,69.66928,NA,NA,NA,ASIA,Southern Asia,,,
CYP,Cyprus,NA,Nicosia,NA,8/16/60,9999-12-31,35.16667,33.36667,NA,NA,NA,NA,NA,,,
CZE,Czech Republic,,Prague,NA,10/28/18,9999-12-31,50.08804,14.42076,NA,NA,NA,NA,NA,Czechoslovakia until 1992-12-31,,
DDR,German Democratic Republic,NA,Berlin,NA,3/25/54,10/2/90,52.5233,13.41377,NA,NA,NA,NA,NA,,,
DEU,German Federal Republic,NA,Bonn,NA,5/23/49,10/2/90,50.73616,7.1002,NA,NA,NA,NA,NA,,,
DFR,Darfur,NA,Al Fasher,NA,1603-01-01,1874-09-30,32.799,-86.8073,NA,NA,NA,AFRICA,Northern Africa,,,
DFR,Darfur,NA,Al Fasher,NA,1816-01-01,1874-09-30,32.799,-86.8073,NA,NA,NA,AFRICA,Northern Africa,,,
DIR,Dir,NA,Dir,NA,1626-01-01,1896-12-31,9.59306,41.86611,NA,NA,NA,ASIA,Southern Asia,,,
DIR,Dir,NA,Dir,NA,1816-01-01,1896-12-31,9.59306,41.86611,NA,NA,NA,ASIA,Southern Asia,,,
DJA,Fouta Djallon,NA,Timbo,NA,1725-01-01,1896-12-31,-26.82333,-49.27167,NA,NA,NA,AFRICA,Western Africa,,,
DJA,Fouta Djallon,NA,Timbo,NA,1816-01-01,1896-12-31,-26.82333,-49.27167,NA,NA,NA,AFRICA,Western Africa,,,
DJI,Djibouti,NA,Djibouti,NA,6/27/77,9999-12-31,11.5,42.5,NA,NA,NA,NA,NA,,,
DMA,Dominica,NA,Roseau,NA,11/3/78,9999-12-31,15.30174,-61.38808,NA,NA,NA,NA,NA,,,
DNK,Denmark,NA,Copenhagen,NA,793,9999-12-31,55.67594,12.56553,NA,NA,NA,NA,NA,,,
DOM,Dominican Republic,NA,Santo Domingo,NA,1821-11-30,1822-02-09,19,-70.66667,NA,NA,NA,NA,NA,,,
DOM,Dominican Republic,NA,Santo Domingo,NA,1844-02-27,1861-03-18,19,-70.66667,NA,NA,NA,NA,NA,,,
DOM,Dominican Republic,NA,Santo Domingo,NA,1865-03-03,5/16/16,19,-70.66667,NA,NA,NA,NA,NA,,,
DOM,Dominican Republic,NA,Santo Domingo,NA,7/13/24,9999-12-31,19,-70.66667,NA,NA,NA,NA,NA,,,
DRV,Annam,NA,Hue,NA,1816-01-01,1883-08-31,16.46667,107.6,NA,NA,NA,ASIA,South Eastern Asia,,,
DRV,Annam,NA,Hue,NA,939-01-01,1883-08-31,16.46667,107.6,NA,NA,NA,ASIA,South Eastern Asia,,,
ALG,Algeria,NA,Algiers,NA,7/5/62,9999-12-31,36.7525,3.04197,NA,NA,NA,NA,NA,,,
DZG,Free City Of Danzig,NA,Danzig,NA,11/15/20,1939-09,54.35205,18.64637,NA,NA,NA,EUROPE,Eastern Europe,,,
EAZ,Zanzibar,NA,Stone Town,NA,1816-01-01,1890-07-01,-6.16368,39.19184,NA,NA,NA,AFRICA,Eastern Africa,,,
EAZ,Zanzibar,NA,Stone Town,NA,1856-01-01,1890-07-01,-6.16368,39.19184,NA,NA,NA,AFRICA,Eastern Africa,,,
EAZ,Zanzibar,NA,Zanzibar City,,12/19/63,4/26/64,-6.16394,39.19793,NA,NA,NA,AFRICA,Eastern Africa,,,
ECU,Ecuador,NA,Quito,NA,1830-05-13,9999-12-31,-0.22985,-78.52495,NA,NA,NA,NA,NA,,,
EGY,Egypt,NA,Cairo,NA,1805-05-17,1882-09-15,30.06263,31.24967,NA,NA,NA,NA,NA,,,
EGY,Egypt,NA,Cairo,NA,6/18/53,9999-12-31,30.06263,31.24967,NA,NA,NA,NA,NA,,,
EHT,State Of Haiti,NA,Milot,NA,NA,NA,19.61667,-72.21667,NA,NA,NA,NORTHERN AMERICA,Northern America,no record found,,
ERI,Eritrea,NA,Asmara,NA,5/24/93,9999-12-31,15.33805,38.93184,NA,NA,NA,NA,NA,,,
ESP,Spain,NA,Madrid,NA,1479,9999-12-31,40.4165,-3.70256,NA,NA,NA,NA,NA,,,
EST,Estonia,NA,Tallinn,NA,2/24/18,6/16/40,59.43696,24.75353,NA,NA,NA,NA,NA,,,
EST,Estonia,NA,Tallinn,NA,8/20/91,9999-12-31,59.43696,24.75353,NA,NA,NA,NA,NA,,,
ETH,Ethiopia,NA,Addis Ababa,NA,1270-01-01,5/5/36,9.02497,38.74689,NA,NA,NA,NA,NA,,,
ETH,Ethiopia,NA,Addis Ababa,NA,1855-02-11,5/5/36,9.02497,38.74689,NA,NA,NA,NA,NA,,,
ETH,Ethiopia,NA,Addis Ababa,NA,5/5/41,9999-12-31,9.02497,38.74689,NA,NA,NA,NA,NA,,,
ETS,Eastern Turkistan,NA,Kashgar,NA,1874-01-01,1877-12-31,39.45472,75.97972,NA,NA,NA,ASIA,Eastern Asia,,,
EUE,European Union,NA,Brussels,NA,11/1/93,9999-12-31,50.85045,4.34878,4,"Provided by Treaty on European Union (TEU), Article 47 recognises the legal personality of the European Union, as a subject of international law. The European Union can negotiate and conclude international agreement within the scope of its competences. The executive branch has near exclusive competence in the ratification procedure of international treaties, although may be subject to a mandate voted or approval by national/regional parliament. The Lisbon Treaty gives a stronger role to the European Parliament, for instance, trade negotiations are conducted and concluded in the EU branches. In practice, the EU and Member States sign the treaty simultaneously. Mixed agreements require the agreement to be ratified at national level. In this case, treaties enter into force when the other partner, the EU and all Member States exchange ratification instruments.",http://www.europarl.europa.eu/RegData/etudes/BRIE/2016/593489/EPRS_BRI(2016)593489_EN.pdf. http://www.europarl.europa.eu/RegData/etudes/BRIE/2016/593513/EPRS_BRI(2016)593513_EN.pdf,NA,NA,,,
FIN,Finland,NA,Helsinki,NA,12/6/17,9999-12-31,60.16952,24.93545,NA,NA,NA,NA,NA,,,
FJI,Fiji,NA,Suva,NA,197-10-10,9999-12-31,-18.14161,178.44149,NA,NA,NA,NA,NA,,,
FNJ,Funj,NA,Sennar,NA,1504-01-01,1821-06-30,13.56907,33.56718,NA,NA,NA,AFRICA,Northern Africa,,,
FNJ,Funj,NA,Sennar,NA,1816-01-01,1821-06-30,13.56907,33.56718,NA,NA,NA,AFRICA,Northern Africa,Irrelevant record,,
FRA,France,NA,Paris,NA,843,9999-12-31,48.85341,2.3488,NA,NA,NA,NA,NA,,,
FRO,Faroe Islands,NA,Torshavn,NA,4/1/48,9999-12-31,62.00973,-6.77164,NA,NA,https://www.government.fo/en/foreign-relations/constitutional-status/,NA,NA,,,
FSM,Federated States of Micronesia,NA,Palikir,NA,11/3/86,9999-12-31,6.92477,158.16109,NA,NA,NA,NA,NA,,,
FTO,Fouta Toro,NA,Silla,NA,1776-01-01,1888-12-31,39.36667,-0.41667,NA,NA,NA,AFRICA,Western Africa,,,
FTO,Fouta Toro,NA,Silla,NA,1816-01-01,1888-12-31,39.36667,-0.41667,NA,NA,NA,AFRICA,Western Africa,,,
GAB,Gabon,NA,Libreville,NA,8/17/60,9999-12-31,0.39241,9.45356,NA,NA,NA,NA,NA,,,
GBR,United Kingdom,NA,London,NA,927,9999-12-31,51.5072648,-0.1278328,NA,NA,NA,NA,NA,Kingdom of England,,
GCL,Gran Colombia,NA,Bogota,NA,1819-12-17,1830,4.60971,-74.08175,NA,NA,NA,NA,NA,,,
GEO,Georgia,NA,Tbilisi,NA,5/26/18,2/25/21,41.69411,44.83368,NA,NA,NA,NA,NA,,,
GEO,Georgia,NA,Tbilisi,NA,4/9/91,9999-12-31,41.69411,44.83368,NA,NA,NA,NA,NA,,,
GHA,Ghana,NA,Accra,NA,3/6/57,9999-12-31,5.55602,-0.1969,NA,NA,NA,NA,NA,,,
GIN,Guinea,NA,Conakry,NA,10/2/58,9999-12-31,9.53795,-13.67729,NA,NA,NA,NA,NA,,,
GMB,Gambia,NA,Banjul,NA,2/18/65,9999-12-31,13.45274,-16.57803,NA,NA,NA,NA,NA,,,
GNB,Guinea-Bissau,NA,Bissau,NA,9/10/74,9999-12-31,11.86357,-15.59767,NA,NA,NA,NA,NA,,,
GNQ,Equatorial Guinea,NA,Malabo,NA,10/12/68,9999-12-31,3.75,8.78333,NA,NA,NA,NA,NA,,,
GRC,Greece,NA,Athens,NA,1827-05-17,4/23/41,37.97945,23.71622,NA,NA,NA,NA,NA,,,
GRC,Greece,NA,Athens,NA,10/13/44,9999-12-31,37.97945,23.71622,NA,NA,NA,NA,NA,,,
GRD,Grenada,NA,Saint George‚Äôs,NA,2/7/74,9999-12-31,12.05644,-61.74849,NA,NA,NA,NA,NA,,,
GTM,Guatemala,NA,Guatemala,NA,1840-01-01,9999-12-31,15.5,-90.25,NA,NA,NA,NA,NA,,,
GUY,Guyana,NA,Georgetown,NA,5/26/66,9999-12-31,5.41123,100.33543,NA,NA,NA,NA,NA,,,
GWA,Gwalior,NA,Lashkar,NA,1731-01-01,1818-02-28,34.58468,68.02543,NA,NA,NA,ASIA,Southern Asia,,,
GWA,Gwalior,NA,Lashkar,NA,1816-01-01,1818-02-28,34.58468,68.02543,NA,NA,NA,ASIA,Southern Asia,,,
HAN,Hanover,NA,Hannover,NA,1814-10-12,1866-07-26,52.37052,9.73322,NA,NA,NA,EUROPE,Western Europe,,,
HAN,Hanover,NA,Hannover,NA,8/23/46,11/23/46,52.37052,9.73322,NA,NA,NA,EUROPE,Western Europe,,,
HAW,Hawaii,NA,Lahaina,NA,1810-01-01,1898-07-06,20.87833,-156.6825,NA,NA,NA,NORTHERN AMERICA,Northern America,,,
HAW,Hawaii,NA,Lahaina,NA,1816-01-01,1898-07-06,20.87833,-156.6825,NA,NA,NA,NORTHERN AMERICA,Northern America,,,
HBG,Hamburg,NA,Hamburg,NA,1806-01-01,1867-07-01,53.57532,10.01534,NA,NA,NA,EUROPE,Western Europe,,,
HBG,Hamburg,NA,Hamburg,NA,1816-01-01,1867-07-01,53.57532,10.01534,NA,NA,NA,EUROPE,Western Europe,,,
HEJ,Hejaz,NA,Mecca,NA,10/1/16,1/8/26,21.42667,39.82611,NA,NA,NA,ASIA,Western Asia,,,
HND,Honduras,NA,Tegucigalpa,NA,1838-11-05,9999-12-31,14.0818,-87.20681,NA,NA,NA,NA,NA,,,
HRV,Croatia,NA,Zagreb,NA,0879-06-07,1102-12-31,45.81444,15.97798,NA,NA,NA,NA,NA,,,
HRV,Croatia,NA,Zagreb,NA,4/10/41,5/8/45,45.81444,15.97798,NA,NA,NA,NA,NA,,,
HRV,Croatia,NA,Zagreb,NA,10/8/91,9999-12-31,45.81444,15.97798,NA,NA,NA,NA,NA,,,
HSE,Hesse Electoral,NA,Kassel,NA,1803-04-27,1807-07-09,51.31667,9.5,NA,NA,https://en.wikisource.org/wiki/Translation:Constitution_of_the_State_of_Hesse,EUROPE,Western Europe,,,
HSE,Hesse Electoral,NA,Kassel,NA,1814-05-30,1866-08-23,51.31667,9.5,NA,NA,https://en.wikisource.org/wiki/Translation:Constitution_of_the_State_of_Hesse,EUROPE,Western Europe,,,
HSG,Hesse Grand Ducal,NA,Darmstadt,NA,1806-08-13,1871-01-18,49.87056,8.64944,NA,NA,NA,EUROPE,Western Europe,,,
HTI,Haiti,NA,Port-au-Prince,NA,1804-01-01,9999-12-31,18.53917,-72.335,NA,NA,NA,NA,NA,,,
HUN,Hungary,NA,Budapest,NA,1000-12-25,1526-08-29,47.49801,19.03991,NA,NA,NA,NA,NA,,,
HUN,Hungary,NA,Budapest,NA,6/4/20,9999-12-31,47.49801,19.03991,NA,NA,NA,NA,NA,,,
IDN,Indonesia,NA,Jakarta,NA,12/27/49,9999-12-31,-6.21462,106.84513,NA,NA,NA,NA,NA,Originally Republic of the United States of Indonesia,,
IND,India,NA,New Delhi,NA,8/15/47,9999-12-31,28.63576,77.22445,NA,NA,NA,NA,NA,,,
INO,Indore,NA,Maheshwar,NA,1724-01-01,1818-12-31,22.17592,75.58715,NA,NA,NA,ASIA,Southern Asia,,,
INO,Indore,NA,Maheshwar,NA,1816-01-01,1818-12-31,22.17592,75.58715,NA,NA,NA,ASIA,Southern Asia,,,
IPH,Perak,NA,Ipoh,NA,1528-01-01,1874-01-20,4.5841,101.0829,NA,NA,NA,ASIA,South Eastern Asia,,,
IRL,Ireland,NA,Dublin,NA,12/6/22,9999-12-31,53.38046,-6.27113,NA,NA,NA,NA,NA,,,
IRN,Islamic Republic of Iran,NA,Tehran,NA,4/1/79,9999-12-31,35.69439,51.42151,2,"The Constitution of Islamic Republic of Iran, amended in 1989, is based on the governance of the jurisprudent. As provided by law, Art. 77 indicates the legislative power of ratifying treaties; treaties, transactions, contract and all international agreements must be ratified by the Islamic Consultative Assembly (Majiles). The executive power indicates the power of the government of Iran, pertaining to all the treaties, transactions, agreements, and contracts. It says that after they are approved by the Islamic Consultative Assembly, must by signed by the President of the Republic or his legal representative.","The Constitution of the Islamic Republic of Iran. The Legislative Power: The Chap. 6, Part 1, Art. 77; The Executive Power: Chap. 9, Section 1, Art. 125. https://www.wipo.int/edocs/lexdocs/laws/en/ir/ir001en.pdf",NA,NA,Preceded by dynasties,,
IRQ,Iraq,NA,Baghdad,NA,10/3/32,9999-12-31,33.34058,44.40088,NA,NA,NA,NA,NA,,,
ISL,Iceland,NA,Reykjavik,NA,6/17/44,9999-12-31,64.13548,-21.89541,NA,NA,NA,NA,NA,,,
ISR,Israel,NA,Jerusalem,NA,5/14/48,9999-12-31,31.76904,35.21633,NA,NA,NA,NA,NA,,,
ITA,Italy,NA,Rome,NA,###############################################################################################################################################################################################################################################################,9999-12-31,41.89474,12.4839,NA,NA,NA,NA,NA,753BC emergence,,
JAM,Jamaica,NA,Kingston,NA,8/6/62,9999-12-31,17.99702,-76.79358,NA,NA,NA,NA,NA,,,
JMK,Jimma-Kakka,NA,Jimma,NA,1830-01-01,1885-12-31,7.66667,37,NA,NA,NA,AFRICA,Eastern Africa,,,
JOD,Jodhpur,NA,Jodhpur,NA,1226-01-01,1818-06-06,26.26841,73.00594,NA,NA,NA,ASIA,Southern Asia,,,
JOD,Jodhpur,NA,Jodhpur,NA,1816-01-01,1818-06-06,26.26841,73.00594,NA,NA,NA,ASIA,Southern Asia,,,
JOH,Johore,NA,Johor Bahru,NA,1518-01-01,1885-12-31,1.4655,103.7578,NA,NA,NA,ASIA,South Eastern Asia,,,
JOH,Johore,NA,Johor Bahru,NA,1816-01-01,1885-12-31,1.4655,103.7578,NA,NA,NA,ASIA,South Eastern Asia,,,
JOR,Jordan,NA,Amman,NA,5/25/46,9999-12-31,31.95522,35.94503,NA,NA,NA,NA,NA,,,
JPN,Japan,NA,Tokyo,NA,1600-01-01,8/14/45,35.6895,139.69171,NA,NA,NA,NA,NA,,,
JPN,Japan,NA,Tokyo,NA,1816-01-01,8/14/45,35.6895,139.69171,NA,NA,NA,NA,NA,,,
JPN,Japan,NA,Tokyo,NA,4/28/52,9999-12-31,35.6895,139.69171,NA,NA,NA,NA,NA,,,
JPR,Jaipur,NA,Jaipur,NA,1128-01-01,1818-04-25,26.91962,75.78781,NA,NA,NA,ASIA,Southern Asia,,,
JPR,Jaipur,NA,Jaipur,NA,1816-01-01,1818-04-25,26.91962,75.78781,NA,NA,NA,ASIA,Southern Asia,,,
KAF,Kaffa,NA,Jimma,NA,1390-01-01,1897-09-11,7.66667,37,NA,NA,NA,AFRICA,Eastern Africa,,,
KAF,Kaffa,NA,Jimma,NA,1816-01-01,1897-09-11,7.66667,37,NA,NA,NA,AFRICA,Eastern Africa,,,
KAS,Kasanje,NA,Kasanje,NA,1620-01-01,12/31/11,-1.3,29.86667,NA,NA,NA,AFRICA,Eastern Africa,,,
KAS,Kasanje,NA,Kasanje,NA,1816-01-01,12/31/11,-1.3,29.86667,NA,NA,NA,AFRICA,Eastern Africa,,,
KAT,Kathiri Sultanate,NA,Sayun,NA,1490-01-01,1888-12-31,15.96611,48.7883,NA,NA,NA,ASIA,Western Asia,,,
KAT,Kathiri Sultanate,NA,Sayun,NA,1816-01-01,1888-12-31,15.96611,48.7883,NA,NA,NA,ASIA,Western Asia,Irrelevant record,,
KAZ,Kazakhstan,NA,Astana,NA,12/16/91,9999-12-31,51.1801,71.44598,NA,NA,NA,NA,NA,,,
KED,Kedah,NA,Alor Star,NA,1136-01-01,1821-12-31,6.12104,100.36014,NA,NA,NA,ASIA,South Eastern Asia,,,
KED,Kedah,NA,Alor Star,NA,1816-01-01,1821-12-31,6.12104,100.36014,NA,NA,NA,ASIA,South Eastern Asia,,,
KEL,Kelantan,NA,Wakaf Bharu,NA,1760-01-01,1843-12-31,6.11667,102.2,NA,NA,NA,ASIA,South Eastern Asia,,,
KEL,Kelantan,NA,Kota Bharu,NA,1844-01-01,3/10/09,6.13328,102.2386,NA,NA,NA,ASIA,South Eastern Asia,,,
KEN,Kenya,NA,Nairobi,NA,12/12/63,9999-12-31,-1.28333,36.81667,NA,NA,NA,NA,NA,,,
KGZ,Kyrgyzstan,NA,Bishkek,NA,8/31/91,9999-12-31,42.87,74.59,NA,NA,NA,NA,NA,,,
KHI,Khairpur,NA,Khairpur City,NA,1775-01-01,1838-12-25,27.52948,68.7617,NA,NA,NA,ASIA,Southern Asia,,,
KHI,Khairpur,NA,Khairpur City,NA,1816-01-01,1838-12-25,27.52948,68.7617,NA,NA,NA,ASIA,Southern Asia,,,
KHM,Cambodia,NA,Phnom Penh,NA,9/9/53,9999-12-31,11.56245,104.91601,NA,NA,NA,NA,NA,Previous kingdoms? (for other colonies too),,
KHV,Khiva,NA,Khiva,NA,1511-01-01,1873-08-12,41.37833,60.36389,NA,NA,NA,ASIA,Central Asia,,,
KHV,Khiva,NA,Khiva,NA,1816-01-01,1873-08-12,41.37833,60.36389,NA,NA,NA,ASIA,Central Asia,,,
KIR,Kiribati,NA,Tarawa,NA,NA,NA,1.3278,172.97696,NA,NA,https://www.wipo.int/edocs/lexdocs/laws/en/ki/ki001en.pdf,NA,NA,,,
KLT,Kalat,NA,Kalat,NA,1666-01-01,1876-12-31,28.88242,66.53165,NA,NA,NA,ASIA,Southern Asia,,,
KLT,Kalat,NA,Kalat,NA,1816-01-01,1876-12-31,28.88242,66.53165,NA,NA,NA,ASIA,Southern Asia,,,
KNA,St. Kitts and Nevis,NA,Basseterre,NA,NA,NA,17.29484,-62.7261,NA,NA,NA,NA,NA,,,
KNB,Kanem-Bornu,NA,Dikoa,NA,1380-01-01,1893-12-31,12.02396,13.91646,NA,NA,NA,AFRICA,Middle Africa,,,
KNB,Kanem-Bornu,NA,Dikoa,NA,1816-01-01,1893-12-31,12.02396,13.91646,NA,NA,NA,AFRICA,Middle Africa,,,
KOK,Kokand,NA,Kokand,NA,1709-01-01,1865-05-30,40.52861,70.9425,NA,NA,NA,ASIA,Central Asia,,,
KOK,Kokand,NA,Kokand,NA,1816-01-01,1865-05-30,40.52861,70.9425,NA,NA,NA,ASIA,Central Asia,,,
KON,Kongo Kingdom,NA,Sao Salvador,NA,1390-01-01,1888-12-31,-12.97111,-38.51083,NA,NA,NA,AFRICA,Middle Africa,,,
KON,Kongo Kingdom,NA,Sao Salvador,NA,1816-01-01,1888-12-31,-12.97111,-38.51083,NA,NA,NA,AFRICA,Middle Africa,,,
KOR,Republic of Korea,NA,Seoul,NA,NA,NA,37.56826,126.97783,NA,NA,NA,NA,NA,,,
KOS,Kosovo,NA,Kosovo,NA,2/17/08,9999-12-31,42.58333,21,3,"In Article 18, it declares that international agreements are ratified by two thirds vote of all deputies of the Assembly, if the subjects are territory, peace, alliances, political and military issues; fundamental rights and freedoms; membership of the Republic of Kosovo in international organisations; and the undertaking of financial obligations by the Republic of Kosovo. Other than those, the President of the Republic of Kosovo ratifies international agreements upon signature.","Constitution of Republic of Kosovo. Chapter I, Article 18. http://www.kryeministri-ks.net/repository/docs/Constitution1Kosovo.pdf",EUROPE,Southern Europe,,,
KOT,Kotah,NA,Kotah,NA,1631-01-01,1818-12-31,25.18254,75.83906,NA,NA,NA,ASIA,Southern Asia,,,
KOT,Kotah,NA,Kotah,NA,1816-01-01,1818-12-31,25.18254,75.83906,NA,NA,NA,ASIA,Southern Asia,,,
KPT,Kapurthala,NA,Kapurthala,NA,1780-01-01,1826-12-31,31.38011,75.38105,NA,NA,NA,ASIA,Southern Asia,,,
KPT,Kapurthala,NA,Kapurthala,NA,1816-01-01,1826-12-31,31.38011,75.38105,NA,NA,NA,ASIA,Southern Asia,,,
KRG,Karangasem (Bali And Lombok),NA,Amlapura,NA,1740-01-01,1894-01-11,-8.45,115.61667,NA,NA,NA,ASIA,South Eastern Asia,,,
KRG,Karangasem (Bali And Lombok),NA,Amlapura,NA,1816-01-01,1894-01-11,-8.45,115.61667,NA,NA,NA,ASIA,South Eastern Asia,,,
KTA,Kaarta,NA,GuZmou,NA,1650-01-01,1854-12-31,14.51104,-11.85154,NA,NA,NA,AFRICA,Western Africa,,,
KTA,Kaarta,NA,Guemou,,1816-01-01,1854-12-31,14.51104,-11.85154,NA,NA,NA,AFRICA,Western Africa,,,
KUB,Kuba,NA,Mushenge,NA,1625-01-01,12/31/10,-4.52985,21.33321,NA,NA,NA,AFRICA,Middle Africa,,,
KUB,Kuba,NA,Mushenge,NA,1816-01-01,12/31/10,-4.52985,21.33321,NA,NA,NA,AFRICA,Middle Africa,,,
KWT,Kuwait,NA,Kuwait,NA,NA,NA,29.5,47.75,NA,NA,NA,NA,NA,,,
KZB,Kazembe,NA,Kazembe,NA,1740-01-01,1890-12-31,-10.37327,23.18229,NA,NA,NA,AFRICA,Eastern Africa,,,
LAO,Lao Peoples Democratic Republic,NA,Vientiane,NA,NA,NA,17.96667,102.6,NA,NA,NA,NA,NA,,,
LBN,Lebanon,NA,Beirut,NA,10/24/45,9999-12-31,33.88894,35.49442,NA,NA,NA,NA,NA,,,
LBR,Liberia,NA,Monrovia,NA,1847-07-26,9999-12-31,6.30054,-10.7969,NA,NA,NA,NA,NA,,,
LBY,Libya,NA,Tripoli,NA,NA,NA,32.87519,13.18746,NA,NA,NA,NA,NA,,,
LCA,St. Lucia,NA,Castries,NA,NA,NA,13.9957,-61.00614,NA,NA,NA,NA,NA,,,
LIE,Liechtenstein,NA,Vaduz,NA,1718-01-23,1806-07-25,47.14151,9.52154,NA,NA,NA,NA,NA,,,
LIE,Liechtenstein,NA,Vaduz,NA,1813-10-19,1815-06-20,47.14151,9.52154,NA,NA,NA,NA,NA,,,
LIE,Liechtenstein,NA,Vaduz,NA,1866-08-24,9999-12-31,47.14151,9.52154,NA,NA,NA,NA,NA,,,
LIM,Enarya (Limmu),NA,Saqqa,NA,1801-01-01,1849-12-31,33.4364,36.46638,NA,NA,NA,AFRICA,Eastern Africa,,,
LIM,Enarya (Limmu),NA,Saqqa,NA,1816-01-01,1849-12-31,33.4364,36.46638,NA,NA,NA,AFRICA,Eastern Africa,,,
LIP,Lippe,NA,Detmold,NA,1123-01-01,1867-07-01,51.93855,8.87318,NA,NA,NA,EUROPE,Western Europe,,,
LIP,Lippe,NA,Detmold,NA,1816-01-01,1867-07-01,51.93855,8.87318,NA,NA,NA,EUROPE,Western Europe,,,
LKA,Sri Lanka,NA,Colombo,NA,NA,NA,6.8664,80.0166,NA,NA,NA,NA,NA,,,
LSO,Lesotho,NA,Maseru,NA,1822-01-01,1843-12-31,-29.31667,27.48333,NA,NA,NA,NA,NA,,,
LTU,Lithuania,NA,Vilnius,NA,NA,NA,54.68916,25.2798,NA,NA,NA,NA,NA,,,
LUB,Luba,NA,Kabongo,NA,1585-01-01,1889-12-31,-6.15061,22.81719,NA,NA,NA,AFRICA,Middle Africa,,,
LUB,Luba,NA,Kabongo,NA,1816-01-01,1889-12-31,-6.15061,22.81719,NA,NA,NA,AFRICA,Middle Africa,,,
LUN,Lunda Empire,NA,Musumba,NA,1644-01-01,1889-12-31,-2.68333,30.71667,NA,NA,NA,AFRICA,Middle Africa,,,
LUN,Lunda Empire,NA,Musumba,NA,1816-01-01,1889-12-31,-2.68333,30.71667,NA,NA,NA,AFRICA,Middle Africa,,,
LUX,Luxembourg,NA,Luxembourg,NA,1867-05-11,1890-11-22,49.75,6.16667,NA,NA,NA,NA,NA,,,
LUX,Luxembourg,NA,Luxembourg,NA,1890-11-23,5/10/40,49.75,6.16667,NA,NA,NA,NA,NA,,,
LUX,Luxembourg,NA,Luxembourg,NA,9/10/44,9999-12-31,49.75,6.16667,NA,NA,NA,NA,NA,,,
LVA,Latvia,NA,Riga,NA,11/18/18,6/16/40,56.946,24.10589,NA,NA,NA,NA,NA,,,
LVA,Latvia,NA,Riga,NA,9/6/91,12/31/99,56.946,24.10589,NA,NA,NA,NA,NA,,,
MAR,Morocco,NA,Rabat,NA,1664-08-02,3/30/12,34.01325,-6.83255,NA,NA,NA,NA,NA,,,
MAR,Morocco,NA,Rabat,NA,3/2/56,9999-12-31,34.01325,-6.83255,NA,NA,NA,NA,NA,,,
MAS,Massina,NA,Hamdullahi,NA,1820-01-01,1862-12-31,11.62967,9.05725,NA,NA,NA,AFRICA,Western Africa,,,
MCO,Monaco,NA,Monaco,NA,1641-09-14,1793-02-14,48.13743,11.57549,1,The principle of government is a hereditary and constitutional nomarchy. The executive power is exercised by the highest authority of the Prince. The legislative power is jointly exercised by the Prince and the National Council. The Prince signs and ratifies treaties after consulting the Crown Council. The National Council does not have treaty ratification powers explicitly.,"Constitution of the Principality, December 17th 1962 (as amended by Law n Section 1.249 dated April 2nd 2002). Chap. II, Art. 13, 14.http://www.monaco-consulate.com/wp-content/uploads/2009/06/Constitution.pdf",NA,NA,,,
MCO,Monaco,NA,Monaco,NA,1861-02-02,9999-12-31,48.13743,11.57549,1,The principle of government is a hereditary and constitutional nomarchy. The executive power is exercised by the highest authority of the Prince. The legislative power is jointly exercised by the Prince and the National Council. The Prince signs and ratifies treaties after consulting the Crown Council. The National Council does not have treaty ratification powers explicitly.,"Constitution of the Principality, December 17th 1962 (as amended by Law n Section 1.249 dated April 2nd 2002). Chap. II, Art. 13, 14.http://www.monaco-consulate.com/wp-content/uploads/2009/06/Constitution.pdf",NA,NA,,,
MDA,Republic of Moldova,NA,Chisinau,NA,NA,NA,47.00556,28.8575,NA,NA,NA,NA,NA,,,
MDG,Madagascar,NA,Antananarivo,NA,1810-07-06,1896-08-06,-18.91368,47.53613,NA,NA,NA,NA,NA,,,
MDG,Madagascar,NA,Antananarivo,NA,6/26/60,9999-12-31,-18.91368,47.53613,NA,NA,NA,NA,NA,,,
MDK,Mandinka Empire (Wassulu),NA,Kankan,NA,1878-01-01,1898-09-29,10.38542,-9.30568,NA,NA,NA,AFRICA,Western Africa,,,
MDV,Maldives,NA,Male,NA,NA,NA,4.1748,73.50888,NA,NA,NA,NA,NA,,,
MEC,Mecklenburg Schwerin,NA,Schwerin,NA,1815-06-14,1871-01-18,53.62937,11.41316,NA,NA,NA,EUROPE,Western Europe,,,
MEX,Mexico,NA,Mexico,NA,1821-09-28,9999-12-31,23,-102,NA,NA,NA,NA,NA,,,
MHL,Marshall Islands,NA,Majuro,NA,NA,NA,7.113,171.236,NA,NA,NA,NA,NA,,,
MIN,Minangkabau,NA,Batusangkar,NA,1347-01-01,1837-12-31,-0.45624,100.6268,NA,NA,NA,ASIA,South Eastern Asia,,,
MIN,Minangkabau,NA,Batusangkar,NA,1816-01-01,1837-12-31,-0.45624,100.6268,NA,NA,NA,ASIA,South Eastern Asia,,,
MKD,North Macedonia,NA,Skopje,NA,NA,NA,42,21.41667,NA,NA,NA,NA,NA,,,
MLI,Mali,NA,Bamako,NA,NA,NA,12.65,-8,NA,NA,NA,NA,NA,,,
MLT,Malta,NA,Valletta,NA,NA,NA,35.89972,14.51472,NA,NA,NA,NA,NA,,,
MMR,Myanmar,NA,Rangoon,NA,1044-01-01,1885-11-29,16.80528,96.15611,2,"As provided the Constitution of Myanmar (2008), the President shall have the power to enter into, ratify or annul international agreements which require the approval of the Pyidaungsu Hluttaw, the legislative body of Myanmar. In some cases, the President may enter into, ratify or annul international agreements without the approval of the Pyidaungsu Hluttaw, however, this authority is given by the Pyidaungsu Hluttaw.","Constitution of the Republic of the Union of Myanmar, 2008. Legislature: Chap. IV, 108 (a) (b); Executive: Chap. V, 209 (a) (b). http://www.burmalibrary.org/docs5/Myanmar_Constitution-2008-en.pdf",NA,NA,,,
MNE,Montenegro,NA,Cetinje,NA,1852-03-13,11/28/18,42.39063,18.91417,2,"As provided the Constitution of Montenegro (2007), the Government of Montenegro, which consists of the Prime Minister, one or more Deputy Prime Ministers and the ministers, shall have the responsibility to manage internal and foreign policy of Montenegro and to sign international agreements. The Parliament shall confirm international agreements by the majority consent.","The Constitution of Montenegro, 2007. Legislature: Part 3, 1, Art. 82 (17); Executive: Part 3, 3, Art. 100 (1) (4). https://www.wipo.int/edocs/lexdocs/laws/en/me/me004en.pdf",NA,NA,,,
MNE,Montenegro,NA,Cetinje,NA,1852-03-13,12/1/18,42.39063,18.91417,2,"As provided the Constitution of Montenegro (2007), the Government of Montenegro, which consists of the Prime Minister, one or more Deputy Prime Ministers and the ministers, shall have the responsibility to manage internal and foreign policy of Montenegro and to sign international agreements. The Parliament shall confirm international agreements by the majority consent.","The Constitution of Montenegro, 2007. Legislature: Part 3, 1, Art. 82 (17); Executive: Part 3, 3, Art. 100 (1) (4). https://www.wipo.int/edocs/lexdocs/laws/en/me/me004en.pdf",NA,NA,,,
MNE,Montenegro,NA,Podgorica,NA,6/3/06,9999-12-31,42.44111,19.26361,2,"As provided the Constitution of Montenegro (2007), the Government of Montenegro, which consists of the Prime Minister, one or more Deputy Prime Ministers and the ministers, shall have the responsibility to manage internal and foreign policy of Montenegro and to sign international agreements. The Parliament shall confirm international agreements by the majority consent.","The Constitution of Montenegro, 2007. Legislature: Part 3, 1, Art. 82 (17); Executive: Part 3, 3, Art. 100 (1) (4). https://www.wipo.int/edocs/lexdocs/laws/en/me/me004en.pdf",NA,NA,,,
MNG,Mongolia,NA,Ulaanbaatar,NA,NA,NA,47.90771,106.88324,NA,NA,NA,NA,NA,,,
MOD,Modena,NA,Modena,NA,1452-05-18,1796-05-07,44.64783,10.92539,2,"The first written constitution which appeared in Italy was known as the Constituzione della Repubilica Cispadana. It was adopted by the representatives of Bologna, Ferrara, Modena and Reggio, accepted by the people and published on the twenty-seventh of March, 1797. The main provisions were that the division of legislative power and executive power in that the legislative power should be exercised by two councils. The executive authority was placed in the hands of a Directory of three members elected by the legislative bodies. The Executive was expected to look to the security of the Republic, both within and without, having the power to issue proclamations in conformity with the law. The various administrative bodies occupied about the same position as at present. The 1848 Constitution by the Kingdom of Sardinia shows the role of the Advisory Council of State, the examination of foreign treaties as well as all matters pertaining to foreign affairs.",1848 Constitution. https://doi.org/10.1177/000271629400500902,EUROPE,Southern Europe,,,
MOD,Modena,NA,Modena,NA,1814-07-14,1859-08-20,44.64783,10.92539,2,"The first written constitution which appeared in Italy was known as the Constituzione della Repubilica Cispadana. It was adopted by the representatives of Bologna, Ferrara, Modena and Reggio, accepted by the people and published on the twenty-seventh of March, 1797. The main provisions were that the division of legislative power and executive power in that the legislative power should be exercised by two councils. The executive authority was placed in the hands of a Directory of three members elected by the legislative bodies. The Executive was expected to look to the security of the Republic, both within and without, having the power to issue proclamations in conformity with the law. The various administrative bodies occupied about the same position as at present. The 1848 Constitution by the Kingdom of Sardinia shows the role of the Advisory Council of State, the examination of foreign treaties as well as all matters pertaining to foreign affairs.",1848 Constitution. https://doi.org/10.1177/000271629400500902,EUROPE,Southern Europe,,,
MOS,Yatenga (Mossi),NA,Ouagadougou,NA,1200-01-01,1895-09-30,12.36566,-1.53388,NA,NA,NA,NA,NA,,,
MOS,Yatenga (Mossi),NA,Ouagadougou,NA,1816-01-01,1895-09-30,12.36566,-1.53388,NA,NA,NA,NA,NA,,,
MOZ,Mozambique,NA,Maputo,NA,NA,NA,-25.96553,32.58322,NA,NA,NA,NA,NA,,,
MPR,Manipur,NA,Imphal,NA,1110-01-01,1891-04-27,24.80805,93.9442,NA,NA,NA,ASIA,Southern Asia,,,
MPR,Manipur,NA,Imphal,NA,1816-01-01,1891-04-27,24.80805,93.9442,NA,NA,NA,ASIA,Southern Asia,,,
MRT,Mauritania,NA,Nouakchott,NA,NA,NA,18.08581,-15.9785,NA,NA,NA,NA,NA,,,
MUS,Mauritius,NA,Port Louis,NA,NA,NA,-20.16194,57.49889,NA,NA,NA,NA,NA,,,
MWI,Malawi,NA,Lilongwe,NA,NA,NA,-13.96692,33.78725,NA,NA,NA,NA,NA,,,
MYS,Malaysia,NA,Kuala Lumpur,NA,NA,NA,3.1412,101.68653,NA,NA,NA,NA,NA,,,
NAG,Nagpur,NA,Nagpur,NA,1703-01-01,1818-12-31,21.15,79.1,NA,NA,NA,ASIA,Southern Asia,,,
NAG,Nagpur,NA,Nagpur,NA,1816-01-01,1818-12-31,21.15,79.1,NA,NA,NA,ASIA,Southern Asia,,,
NAM,Namibia,NA,Windhoek,NA,NA,NA,-22.55941,17.08323,NA,NA,NA,NA,NA,,,
NAS,Nassau,NA,Wiesbaden,NA,1806-01-01,1866-12-31,50.08258,8.24932,NA,NA,NA,EUROPE,Western Europe,,,
NAS,Nassau,NA,Wiesbaden,NA,1816-01-01,1866-12-31,50.08258,8.24932,NA,NA,NA,EUROPE,Western Europe,,,
NER,Niger,NA,Niamey,NA,8/3/60,9999-12-31,13.51366,2.1098,NA,NA,NA,NA,NA,,,
NGA,Nigeria,NA,Abuja,NA,NA,NA,9.06853,7.48375,NA,NA,NA,NA,NA,,,
NIC,Nicaragua,NA,Managua,NA,1838-04-30,9999-12-31,12.13282,-86.2504,NA,NA,NA,NA,NA,,,
NIU,Niue,NA,Alofi,NA,NA,NA,-19.05952,-169.91867,NA,NA,http://www.legislation.govt.nz/act/public/1974/0042/latest/DLM412793.html,NA,NA,,,
NLD,Netherlands,NA,Amsterdam,NA,NA,NA,52.37403,4.88969,NA,NA,NA,NA,NA,,,
NOR,Norway,NA,Oslo,NA,6/7/05,6/10/40,59.91273,10.74609,NA,NA,NA,NA,NA,,,
NOR,Norway,NA,Oslo,NA,5/7/45,9999-12-31,59.91273,10.74609,NA,NA,NA,NA,NA,,,
NPL,Nepal,NA,Kathmandu,NA,1768-01-01,9999-12-31,27.70169,85.3206,NA,NA,NA,NA,NA,,,
NPL,Nepal,NA,Kathmandu,NA,1816-01-01,9999-12-31,27.70169,85.3206,NA,NA,NA,NA,NA,,,
NRU,Nauru,NA,Yaren,NA,1/31/68,9999-12-31,-0.54724,166.91599,NA,NA,http://www.naurugov.nr/parliament-of-nauru/constitution-of-nauru.aspx,NA,NA,,,
NZL,New Zealand,NA,Wellington,NA,NA,NA,-41.28664,174.77557,NA,NA,NA,NA,NA,,,
OFS,Orange Free State,NA,Bloemfontein,NA,1854-03-28,5/31/02,-29.12106,26.214,NA,NA,NA,AFRICA,Southern Africa,,,
OLD,Oldenburg,NA,Oldenbourg,NA,1815-01-01,1867-07-01,53.14118,8.21467,NA,NA,NA,EUROPE,Western Europe,,,
OLD,Oldenburg,NA,Oldenbourg,NA,1816-01-01,1867-07-01,53.14118,8.21467,NA,NA,NA,EUROPE,Western Europe,,,
OMN,Oman,NA,Muscat,NA,1744-01-01,1891-12-31,23.61387,58.5922,NA,NA,NA,NA,NA,,,
OVB,Ovimbundu,NA,Kuito,NA,1556-01-01,12/31/03,-0.22985,-78.52495,NA,NA,NA,AFRICA,Middle Africa,,,
OVB,Ovimbundu,NA,Kuito,NA,1816-01-01,12/31/03,-0.22985,-78.52495,NA,NA,NA,AFRICA,Middle Africa,,,
OYO,Oyo,NA,Oyo,NA,1608-01-01,1835-12-31,7.85,3.93333,NA,NA,NA,AFRICA,Western Africa,,,
OYO,Oyo,NA,Oyo,NA,1816-01-01,1835-12-31,7.85,3.93333,NA,NA,NA,AFRICA,Western Africa,,,
PAH,Pahang,NA,Pekan,NA,1470-01-01,1874-12-31,3.4836,103.3996,NA,NA,NA,ASIA,South Eastern Asia,,,
PAH,Pahang,NA,Pekan,NA,1816-01-01,1874-12-31,3.4836,103.3996,NA,NA,NA,ASIA,South Eastern Asia,,,
PAK,Pakistan,NA,Islamabad,NA,NA,NA,22.3384,91.83168,NA,NA,NA,NA,NA,,,
PAL,Palembang,NA,Palembang,NA,1659-01-01,1823-12-31,-2.91673,104.7458,NA,NA,NA,ASIA,South Eastern Asia,,,
PAL,Palembang,NA,Palembang,NA,1675-01-01,1823-12-31,-2.91673,104.7458,NA,NA,NA,ASIA,South Eastern Asia,,,
PAL,Palembang,NA,Palembang,NA,1816-01-01,1823-12-31,-2.91673,104.7458,NA,NA,NA,ASIA,South Eastern Asia,,,
PAN,Panama,NA,Panama,NA,NA,NA,9,-80,NA,NA,NA,NA,NA,,,
PER,Peru,NA,Lima,NA,1821-07-28,1836-10-27,-12.04318,-77.02824,NA,NA,NA,NA,NA,,,
PER,Peru-Bolivia,,Tacna,NA,1836-10-28,1839-08-25,-18.00556,-70.24833,NA,NA,NA,NA,NA,,,
PER,Peru,NA,Lima,NA,1839-08-26,9999-12-31,-12.04318,-77.02824,NA,NA,NA,NA,NA,,,
PES,Peshwa,NA,Pune,NA,1674-01-01,1817-12-31,18.51957,73.85535,NA,NA,NA,ASIA,Southern Asia,,,
PES,Peshwa,NA,Pune,NA,1816-01-01,1817-12-31,18.51957,73.85535,NA,NA,NA,ASIA,Southern Asia,,,
PHL,Philippines,NA,Manila,NA,NA,NA,14.6042,120.9822,NA,NA,NA,NA,NA,,,
PLW,Palau,NA,Ngerulmud,NA,10/1/94,9999-12-31,7.50077,134.6238,3,"As provided by the Constitution of the Republic of Palau amended in 1979, the powers and duties of treaty-ratification belong to the executive and the legislature. The legislative power of Palau, the Olbiil Era Kelulau, shall consist of two houses, the House of Delegates and the Senate. To ratify treaties, the approval of a majority of the members of each house is required.","Constitution of the Republic of Palau, 1979. Executive: Art. VIII, Section 7 (2); Legislative: Art. IX, Section 5 (7). http://www.unesco.org/education/edurights/media/docs/c4679995d1bddd3ef509ddc66c3cb38e80d492fe.pdf",NA,NA,,,
PMA,Parma,NA,Parma,NA,1545-09-16,1802-10-09,44.80266,10.32898,NA,NA,NA,EUROPE,Southern Europe,,,
PMA,Parma,NA,Parma,NA,1814-04-11,1859-09-15,44.80266,10.32898,NA,NA,NA,EUROPE,Southern Europe,,,
PNG,Papua New Guinea,NA,Port Moresby,NA,NA,NA,-9.44314,147.17972,NA,NA,NA,NA,NA,,,
POL,Poland,NA,Warsaw,NA,1025-04-18,1795-10-24,52.22977,21.01178,NA,NA,NA,NA,NA,,,
POL,Poland,NA,Warsaw,NA,1807-06-09,1815-06-09,52.22977,21.01178,NA,NA,NA,NA,NA,,,
POL,Poland,NA,Warsaw,NA,11/11/18,9/27/39,52.22977,21.01178,NA,NA,NA,NA,NA,,,
POL,Poland,NA,Warsaw,NA,6/28/45,9999-12-31,52.22977,21.01178,NA,NA,NA,NA,NA,,,
PRK,Democratic Peoples Republic Of Korea,NA,Pyongyang,NA,NA,NA,39.03385,125.75432,2,"Amended and supplemented socialist constitution of the DPRK is adopted in 1998 by the first session of the 1st Supreme People's Assembly (SPA). As provided by law, the SPA Presidium has the duties and authority to ratify or abrogate treaties concluded with other countries. Also, the SPA has the authority to decide on the ratification or abrogation of treaties. The Cabinet has duties and authorities to conclude treaties with foreign countries, and conduct external activities.","DPRK's Socialist Consititution, 1998. SPA: Art. 11, Art. 91 (17); The Cabinet: Art. 119. https://www.ilo.org/dyn/natlex/docs/ELECTRONIC/56761/95661/F1832741191/PRK56761.pdf",NA,NA,,,
PRT,Portugal,NA,Lisbon,NA,NA,NA,38.71667,-9.13333,NA,NA,NA,NA,NA,,,
PRY,Paraguay,NA,Asuncion,NA,NA,NA,-25.30066,-57.63591,NA,NA,NA,NA,NA,,,
PSE,State Of Palestine,NA,Jerusalem,NA,NA,NA,31.76904,35.21633,1,"The governing system in Palestine shall be a democratic parliamentary system, based upon political and party pluralism. As provided by the Amended Basic Law of 2003, the Palestinian National Authority shall work without delay to become a party to regional and international declarations and covenants that protect human rights. As the hierarchy of norms has not been established, only we know is that the government is responsible for international relations. Even the democratic legislative procedure is established by Constitution, nothing is mentioned pertaining to treaty ratification process. Considering the political situation in State of Palestine, in practice, treaties are ratified by presidential decree.",Palestine's Constitution of 2003 with Amendments through 2005. Art. 10. https://constituteproject.org/constitution/Palestine_2005.pdf?lang=en,NA,NA,,,
PUN,Punjab,NA,Lahore,NA,1801-01-01,1846-12-31,31.54972,74.34361,NA,NA,NA,ASIA,Southern Asia,,,
PUN,Punjab,NA,Lahore,NA,1816-01-01,1846-12-31,31.54972,74.34361,NA,NA,NA,ASIA,Southern Asia,,,
QAT,Qatar,NA,Doha,NA,NA,NA,25.27932,51.52245,NA,NA,NA,NA,NA,,,
QUA,Quaiti Sultanate,NA,Al Mukalla,NA,1816-01-01,1888-12-31,14.54248,49.12424,NA,NA,NA,ASIA,Western Asia,,,
QUA,Quaiti Sultanate,NA,Al Mukalla,NA,1858-01-01,1888-12-31,14.54248,49.12424,NA,NA,NA,ASIA,Western Asia,,,
ROU,Romania,NA,Bucharest,NA,NA,NA,44.43225,26.10626,NA,NA,NA,NA,NA,,,
RUS,Russian Federation,NA,Moscow,NA,NA,NA,55.75,37.5,NA,NA,NA,NA,NA,,,
RVN,Republic Of Viet Nam,NA,Saigon,NA,12/29/54,4/30/75,10.75,106.66667,NA,NA,NA,ASIA,South Eastern Asia,,,
RWA,Ruanda,NA,Kigali,NA,1081-01-01,1890-05-14,-1.94995,30.05885,NA,NA,NA,NA,NA,,,
SAL,Saloum,NA,Kahone,NA,1494-01-01,1887-12-31,13.71667,-15.01667,NA,NA,NA,AFRICA,Western Africa,,,
SAU,Emirate of Diriyah,NA,Riyadh,NA,NA,NA,24.68773,46.72185,NA,NA,NA,NA,NA,,,
SAW,Sawantvadi,NA,Kudal,NA,1627-01-01,1838-12-31,16.01148,73.68867,NA,NA,NA,ASIA,Southern Asia,,,
SAW,Sawantvadi,NA,Kudal,NA,1816-01-01,1838-12-31,16.01148,73.68867,NA,NA,NA,ASIA,Southern Asia,,,
SAX,Saxony,NA,Dresden,NA,1806-12-20,1871-01-18,51.05,13.75,NA,NA,NA,EUROPE,Western Europe,,,
SDN,Sudan,NA,Khartoum,NA,NA,NA,15.55177,32.53241,NA,NA,NA,NA,NA,,,
SEG,Segou,NA,Segou,NA,1712-01-01,1861-03-10,13.6,-5.9,NA,NA,NA,AFRICA,Western Africa,,,
SEG,Segou,NA,Segou,NA,1816-01-01,1861-03-10,13.6,-5.9,NA,NA,NA,AFRICA,Western Africa,,,
SEL,Selangor,NA,Klang,NA,1511-01-01,1875-10-30,3.03333,101.45,NA,NA,NA,ASIA,South Eastern Asia,,,
SEL,Selangor,NA,Klang,NA,1816-01-01,1875-10-30,3.03333,101.45,NA,NA,NA,ASIA,South Eastern Asia,,,
SEN,Senegal,NA,Dakar,NA,NA,NA,14.6937,-17.44406,NA,NA,NA,NA,NA,,,
SGP,Singapore,NA,Singapore,NA,NA,NA,1.36667,103.8,NA,NA,NA,NA,NA,,,
SHO,Shoa,NA,Ankober,NA,1865-06-30,1889-03-10,9.3,39.76667,NA,NA,NA,AFRICA,Eastern Africa,,,
SIA,Siak,NA,Siak Sri Indrapura,NA,1723-01-01,1858-12-31,0.76667,102.06667,NA,NA,NA,ASIA,South Eastern Asia,,,
SIA,Siak,NA,Siak Sri Indrapura,NA,1816-01-01,1858-12-31,0.76667,102.06667,NA,NA,NA,ASIA,South Eastern Asia,,,
SIC,2 Sicilies,NA,Naples,NA,1442-06-02,1458-06-27,40.83333,14.25,NA,NA,NA,EUROPE,Southern Europe,,,
SIC,2 Sicilies,NA,Naples,NA,1501-08-01,1714-03-07,40.83333,14.25,NA,NA,NA,EUROPE,Southern Europe,,,
SIC,2 Sicilies,NA,Naples,NA,1815-01-01,1861-02-13,40.83333,14.25,NA,NA,NA,EUROPE,Southern Europe,,,
SIC,2 Sicilies,NA,Naples,NA,1816-12-12,1861-03-17,40.83333,14.25,NA,NA,NA,EUROPE,Southern Europe,,,
SID,Sind,NA,Thatta,NA,1520-01-01,1839-12-31,24.74745,67.92353,NA,NA,NA,ASIA,Southern Asia,,,
SID,Sind,NA,Thatta,NA,1816-01-01,1839-12-31,24.74745,67.92353,NA,NA,NA,ASIA,Southern Asia,,,
SIK,Sikkim,NA,Tumlong,NA,1642-01-01,1890-03-17,27.41667,88.58333,NA,NA,NA,ASIA,Southern Asia,,,
SIK,Sikkim,NA,Tumlong,NA,1816-01-01,1890-03-17,27.41667,88.58333,NA,NA,NA,ASIA,Southern Asia,,,
SIR,Sirohi,NA,Sirohi,NA,1425-01-01,1823-09-11,24.88838,72.84794,NA,NA,NA,ASIA,Southern Asia,,,
SIR,Sirohi,NA,Sirohi,NA,1816-01-01,1823-09-11,24.88838,72.84794,NA,NA,NA,ASIA,Southern Asia,,,
SLB,Solomon Islands,NA,Honiara,NA,NA,NA,-9.43333,159.95,2,"Provided by Solomon Islandss Constitution of 1978 with Amendments through 2009, the executive authority is vested in the Head of State (Governor-General), and Ministers. Prime Minister shall be elected by the members of Parliament. The legislative power is vested in the Parliament. The authority of international treaties ratification is not established in the Constitution, however, super majority rule is only mentioned in the removal of Governor-General, the alternation of Constitution,  the removal of Speaker and Deputy Speaker, and provisions for periods of public emergency. In this sense, the international treaties are ratified by majority consent of the Parliament.","Solomon Islandss Constitution of1978 with Amendments through 2009. Legislature: Chapter VI. Art. 59; Executive: Chapter V, Art. 30. http://extwprlegs1.fao.org/docs/pdf/sol132844.pdf",NA,NA,,,
SLE,Sierra Leone,NA,Freetown,NA,NA,NA,8.484,-13.22994,NA,NA,NA,NA,NA,,,
SLV,El Salvador,NA,San Salvador,NA,1841-02-18,1896-09-15,13.68935,-89.18718,NA,NA,NA,NA,NA,,,
SLV,El Salvador,NA,San Salvador,NA,1898-11-21,9999-12-31,13.68935,-89.18718,NA,NA,NA,NA,NA,,,
SMR,San Marino,NA,San Marino,NA,0301-09-03,9999-12-31,43.9367,12.4463,2,"San Marino, officially the Republic of San Marino, is an enclaved micro state surrounded by Italy. San Marino is governed by the Constitution of San Marino (Leges Statutae Republicae Sancti Marini). As provided by law, the Grand and General Council has the power to ratify treaties with other countries. Also, the Congress of State collegially implements international policies, as well as international treaties and agreements concerning general international policies and matters relevant for the States security, without prejudice to the functions performed by the Great and General Council. In conformity with Art. 5 of Constitutional Law, the Captains Regent promulgate and order the publication of the decrees ratifying international treaties and agreements, following the decision by the Great and General Council, as well as the decrees adopted by the Congress of State in conformity with Article 3 bis, fifth paragraph of the Declaration on the Citizens Rights, which must be signed also by the Minister of Internal Affairs.",http://www.sanmarino.sm/on-line/search.jsp?instance=43&channel=44000068&node=44003217&hitsPerPage=10&query=treaties&x=0&y=0,NA,NA,,,
SOK,Sokoto,NA,Sokoto,NA,1804-02-04,3/30/03,13.06092,5.23902,NA,NA,NA,AFRICA,Western Africa,,,
SOK,Sokoto,NA,Sokoto,NA,1816-01-01,3/30/03,13.06092,5.23902,NA,NA,NA,AFRICA,Western Africa,,,
SOM,Somalia,NA,Mogadishu,NA,NA,NA,2.03711,45.34375,NA,NA,NA,NA,NA,,,
SOT,South Ossetia,NA,Tskhinvali,NA,NA,NA,42.22764,43.96861,NA,NA,NA,ASIA,Western Asia,,,
YUG,Yugoslavia,Serbia,Belgrade,NA,4/11/92,9999-12-31,44.80401,20.46513,NA,NA,NA,NA,NA,Recode Serbia in countryregex?,,
SSD,South Sudan,NA,Juba,NA,7/9/11,9999-12-31,4.85165,31.58247,2,"South Sudan, offcially known as the Republic of South Sudan gained its independence from the Republic of the Sudan in 2011. 2011 The Transition Constitution of The Republic of South Sudan indicates procedures of treaty ratification, i.e. functions of the National Legislative Assembly and the President. As provided by law, the President shall perform direct and supervise foreign policy and ratify treaties and international agreements. These presidential functions are limited to the approval of the National Legislatve Assembly.",The Transition Constitution of the Republic of South Sudan 2011. Legislature: Art.57 (d); Executive: Art.101 (p). https://www.wipo.int/edocs/lexdocs/laws/en/ss/ss013en.pdf,AFRICA,Eastern Africa,,,
STP,Sao Tome and Principe,NA,Sao Tome,NA,7/12/75,9999-12-31,0.33654,6.72732,NA,NA,NA,NA,NA,,,
SUL,Sulu,NA,Maimbung,NA,1405-01-01,1851-04-19,5.9272,121.02935,NA,NA,NA,ASIA,South Eastern Asia,,,
SUL,Sulu,NA,Maimbung,NA,1816-01-01,1851-04-19,5.9272,121.02935,NA,NA,NA,ASIA,South Eastern Asia,,,
SUR,Suriname,NA,Paramaribo,NA,11/25/75,9999-12-31,5.86638,-55.16682,NA,NA,NA,NA,NA,,,
SVK,Slovakia,NA,Bratislava,NA,1/1/93,9999-12-31,48.14816,17.10674,NA,NA,NA,NA,NA,,,
SVN,Slovenia,NA,Ljubljana,NA,6/25/91,9999-12-31,46.05108,14.50513,NA,NA,NA,NA,NA,,,
SWA,Swat,NA,Saidu Sharif,NA,1849-01-01,1896-12-31,34.7447,72.3546,NA,NA,NA,ASIA,Southern Asia,,,
SWE,Sweden,NA,Stockholm,NA,NA,9999-12-31,59.33258,18.0649,NA,NA,NA,NA,NA,,,
SWZ,Eswatini,NA,Mbabane,NA,9/6/68,9999-12-31,-26.31667,31.13333,NA,NA,NA,NA,NA,,,
SXA,Saxe-Atenburg,Saxe-Altenburg,Altenburg,NA,1603-01-01,1867-07-01,50.98763,12.43684,NA,NA,NA,EUROPE,Western Europe,,,
SXA,Saxe-Atenburg,Saxe-Altenburg,Altenburg,NA,1816-01-01,1867-07-01,50.98763,12.43684,NA,NA,NA,EUROPE,Western Europe,,,
SXG,Saxe-Coburg-Gotha,NA,Coburg,NA,1680-01-01,1867-07-01,50.25937,10.96384,NA,NA,NA,EUROPE,Western Europe,,,
SXG,Saxe-Coburg-Gotha,NA,Coburg,NA,1816-01-01,1867-07-01,50.25937,10.96384,NA,NA,NA,EUROPE,Western Europe,,,
SXM,Saxe-Meiningen-Hidburghausen,NA,Meiningen,NA,1675-01-01,1867-07-01,50.56787,10.41521,NA,NA,NA,EUROPE,Western Europe,,,
SXM,Saxe-Meiningen-Hidburghausen,NA,Meiningen,NA,1816-01-01,1867-07-01,50.56787,10.41521,NA,NA,NA,EUROPE,Western Europe,,,
SXW,Saxe-Wiemar-Eisenach,Saxe-Weimar-Eisenach,Weimar,NA,1484-01-01,1867-07-01,50.9803,11.32903,NA,NA,NA,EUROPE,Western Europe,,,
SXW,Saxe-Wiemar-Eisenach,Saxe-Weimar-Eisenach,Weimar,NA,1816-01-01,1867-07-01,50.9803,11.32903,NA,NA,NA,EUROPE,Western Europe,,,
SYC,Seychelles,NA,Victoria,NA,6/29/76,9999-12-31,22.28552,114.15769,NA,NA,NA,NA,NA,,,
SYR,Syrian Arab Republic,NA,Damascus,NA,9/28/61,9999-12-31,33.5102,36.29128,NA,NA,NA,NA,NA,,,
TBT,Tibet,NA,Lhassa,NA,1/1/13,10/1/50,29.65,91.1,NA,NA,NA,ASIA,Eastern Asia,,,
TCD,Chad,NA,NDjamena,NA,8/11/60,9999-12-31,12.10672,15.0444,NA,NA,NA,NA,NA,,,
TER,Terengganu,NA,Kuala Terengganu,NA,1724-01-01,1862-12-31,5.3302,103.1408,NA,NA,NA,ASIA,South Eastern Asia,,,
TER,Terengganu,NA,Kuala Terengganu,NA,1816-01-01,1862-12-31,5.3302,103.1408,NA,NA,NA,ASIA,South Eastern Asia,,,
TEX,Texas,NA,Colombia,NA,1836-03-02,1837-06-04,4,-72,NA,NA,NA,NORTHERN AMERICA,Northern America,,,
TEX,Texas,NA,Houston,NA,1837-06-05,1839-01-13,29.76328,-95.36327,NA,NA,NA,NORTHERN AMERICA,Northern America,,,
TEX,Texas,NA,Austin,NA,1839-01-14,1846-02-19,30.26715,-97.74306,NA,NA,NA,NORTHERN AMERICA,Northern America,,,
TGO,Togo,NA,Lome,NA,8/30/56,9999-12-31,6.13748,1.21227,NA,NA,NA,NA,NA,,,
THA,Thailand,NA,Bangkok,NA,1238,9999-12-31,13.75398,100.50144,NA,NA,NA,NA,NA,,,
TJK,Tajikistan,NA,Dushanbe,NA,9/9/91,9999-12-31,38.53575,68.77905,NA,NA,NA,NA,NA,,,
TKL,Tokelau,NA,Atafu,NA,NA,NA,-8.558,-172.496,4,"The capacity of Tokelau to enter into treaties shall be exercised by the Council for the ongoing Government. Also, any treaty or other international agreement shall be approved by the General Fono by Rule. General Fono, which has the executive powers, consists of the following members; the Faipule and Pulenuku of each village, and one delegate from each village for every 100 inhabitants of that village, based on the latest available census figures rounded to the nearest 100 inhabitants. No decision shall be taken by the General Fono unless at least two thirds of the members are present, including no fewer than four members from each village. Considering the members of the executive and the legislature, it can be coded as plebiscite.","Constitution of Tokelau, 1948. 5, (2); (3); (4). http://aceproject.org/ero-en/regions/pacific/TK/tokelau-constitution/at_download/file",NA,NA,Not self-governing?,,
TKM,Turkmenistan,NA,Ashgabat,NA,10/27/91,9999-12-31,37.95,58.38333,NA,NA,NA,NA,NA,,,
TLS,Timor-Leste,NA,Dili,NA,5/20/02,9999-12-31,-8.55861,125.57361,2,"The Constitution of the Democratic Republic of East Timor is decreed on the 22nd of March 2002. It defines the competencies of the National Parliament, the President of the Republic, and the Government in terms of treaty ratification. As provided by the law, the approval of the agreements and the ratification is incumbent upon the National Parliament.","Constitution of the Democratic Republic of Timor-Leste. Legislature: Chapter II, Section 95, 1 and 3; Executive: Chapter III, Section 115, 1. http://timor-leste.gov.tl/wp-content/uploads/2010/03/Constitution_RDTL_ENG.pdf",NA,NA,,,
TOK,Tokolor,NA,Segou,NA,1848-01-01,1893-12-31,13.6,-5.9,NA,NA,NA,AFRICA,Western Africa,,,
TON,Tonga,NA,Nuku'alofa,NA,197-06-04,9999-12-31,-21.13938,-175.2018,NA,NA,NA,NA,NA,,,
TRA,Transvaal,NA,Pretoria,NA,1852-01-17,5/31/02,-25.74486,28.18783,NA,NA,NA,NA,NA,,,
TTO,Trinidad and Tobago,NA,Port-of-Spain,NA,8/31/62,9999-12-31,10.66617,-61.51657,NA,NA,NA,NA,NA,,,
TUN,Tunisia,NA,Tunis,NA,3/20/56,9999-12-31,34,9,NA,NA,NA,NA,NA,,,
TUR,Turkiye,NA,Ankara,NA,10/29/23,9999-12-31,39.91987,32.85427,NA,NA,NA,NA,NA,Replaced and denounced Ottoman empire,,
TUS,Tuscany,NA,Florence,NA,1569-08-27,1801-03-21,43.76667,11.25,NA,NA,NA,EUROPE,Southern Europe,,,
TUS,Tuscany,NA,Florence,NA,1815-06-09,1859-12-08,43.76667,11.25,NA,NA,NA,EUROPE,Southern Europe,,,
TUV,Tuvalu,NA,Fongafale,NA,10/1/78,9999-12-31,-8.52425,179.19417,2,"Tuvalu is a sovereign democratic State, governed in accordance with the Constitution and in particular in accordance with the Principles set out in the Preamble. The powers and duties of treaty ratification are not explicitly mentioned in the Constitution. However, it can be deduced from the Constitution, implementing any international agreement binding on Tuvalu and approved by Parliament by resolution (Part I, Division I, 2. The area of Tuvalu (3)).","The Constitution of Tuvalu. Part I, Division I, 2. The area of Tuvalu (3). http://www.tuvaluislands.com/const_tuvalu.htm",NA,NA,,,
TWN,Chinese Taipei,NA,Taipei,NA,1979,9999-12-31,25.04776,121.53185,2,"Taiwan, officially the Republic of China (ROC) is unitary semi-presidential constitutional republic. The ROC has its own constitution, independently elected president and arms forces. As provided by the Constitution of 1947, amended in 2005, the President, the Executive Yuan (a Council of the Executive Yuan), and the Legislative Yuan shall have the power to decide international treaties.","Taiwan (Republic of China)s Constitution of 1947 with amendment through 2005. Chap. IV, Art. 38; Chap. V, Art. 58; Chap. VI, Art. 63; Chap XIII, Section 2, Art. 141. https://www.constituteproject.org/constitution/Taiwan_2005.pdf?lang=en",NA,NA,Creation of 'Chinese Taipei' as label in IOC,,
TZA,United Republic of Tanzania,NA,Dar es Salaam,NA,12/10/63,9999-12-31,-6.82349,39.26951,NA,NA,NA,NA,NA,,,
UGA,Buganda,NA,Kampala,NA,1300-01-01,1884-06-18,0.31628,32.58219,NA,NA,NA,NA,NA,,,
UKR,Ukrainian SSR,NA,Kiev,NA,3/10/19,8/19/91,50.45466,30.5238,NA,NA,NA,NA,NA,,,
UKR,Ukraine,NA,Kiev,NA,12/8/91,9999-12-31,50.45466,30.5238,NA,NA,NA,NA,NA,,,
UPC,United Provinces of Central America,NA,Guatemala,NA,1823,1840,15.5,-90.25,NA,NA,NA,NA,NA,,,
UPC,United Provinces of Central America,NA,Amapala,NA,NA,NA,13.28333,-87.63333,NA,NA,NA,NA,NA,Record not found,,
UPR,Mewar,NA,Chittorgarh,NA,1326-01-01,1568-02-23,24.5,74.5,NA,NA,NA,ASIA,Southern Asia,,,
UPR,Mewar,NA,Udaipur,NA,1568-02-24,1818-01-13,24.57117,73.69183,NA,NA,NA,ASIA,Southern Asia,,,
UPR,Udaipur,NA,Udaipur,NA,1615-01-01,1817-12-31,24.57117,73.69183,NA,NA,NA,ASIA,Southern Asia,,,
URY,Uruguay,NA,Montevideo,NA,1828-08-27,9999-12-31,-34.83346,-56.16735,NA,NA,NA,NA,NA,,,
USA,United States of America,NA,Washington DC,NA,1776-07-04,9999-12-31,38.895112,-77.036366,NA,NA,NA,NA,NA,,,
UZB,Uzbekistan,NA,Tashkent,NA,9/1/91,9999-12-31,41.26465,69.21627,NA,NA,NA,NA,NA,,,
VAT,Papal States,NA,Rome,NA,1849-07-02,1870-09-20,41.89474,12.4839,NA,NA,NA,NA,NA,,,
VCT,St. Vincent and the Grenadines,NA,Saint-Pierre,NA,10/27/79,9999-12-31,-21.3393,55.47811,NA,NA,NA,NA,NA,,,
VEN,Bolivarian Republic of Venezuela,NA,Caracas,NA,1830,9999-12-31,10.48801,-66.87919,NA,NA,NA,NA,NA,,,
VNM,Viet Nam,NA,Hanoi,NA,12/29/54,9999-12-31,21.0245,105.84117,NA,NA,NA,NA,NA,Ho Chih Minh declared independence 02.09.1945,,
VUT,Vanuatu,NA,Port-Vila,NA,6/30/80,9999-12-31,-17.73381,168.32188,NA,NA,NA,NA,NA,,,
WAD,Wadai,NA,NA,NA,1603-01-01,6/6/06,NA,NA,NA,NA,NA,AFRICA,Middle Africa,,,
WAD,Wadai,NA,NA,NA,1603-01-01,6/6/06,NA,NA,NA,NA,NA,AFRICA,Middle Africa,,,
WAD,Wadai,NA,Ouara,NA,1816-01-01,1890-12-31,15.55834,-9.06186,NA,NA,NA,AFRICA,Middle Africa,,,
WAD,Wadai,NA,Abeche,NA,1891-01-01,12/31/11,13.82916,20.8324,NA,NA,NA,AFRICA,Middle Africa,,,
WRT,Wuerttemburg,NA,Stuttgart,NA,NA,NA,48.78232,9.17702,NA,NA,NA,EUROPE,Western Europe,Record not found,,
WSM,Samoa,NA,Apia,NA,1/1/62,9999-12-31,-13.83333,-171.76666,NA,NA,http://extwprlegs1.fao.org/docs/pdf/sam132838.pdf,NA,NA,,,
YAR,Yemen Arab Republic,NA,Sanaa,NA,11/11/18,5/21/90,15.35472,44.20667,NA,NA,NA,ASIA,Western Asia,,,
YEK,Yeke Kingdom,NA,Bunkeya,NA,1880-01-01,1891-12-20,-9.96667,26.93333,NA,NA,NA,AFRICA,Middle Africa,,,
YEM,Yemen,NA,Sana'a,NA,5/22/90,9999-12-31,15.35472,44.20667,NA,NA,NA,NA,NA,,,
YPR,Yemen Peoples Republic,A,Aden,NA,11/30/67,5/21/90,12.77944,45.03667,NA,NA,NA,ASIA,Western Asia,,,
YUG,Yugoslavia,NA,Belgrade,NA,1878-07-13,4/20/41,44.80401,20.46513,2,Constitution of the Federal Republic of Yugoslavia affirms that International treaties which have been ratified shall be a constituent part of the internal legal order. The powers and duties of treaty ratification belong to Federal Assembly and the President of the Republic.,"Constitution of the Federal Republic of Yugoslavia, April, 1992. Basic Provisions: Section I, Art. 16; Legislature: Section V, 1, Art. 78 (4); Executive: Section V, 2, Art. 96 (2). http://www.worldstatesmen.org/Yugoslav_Const_1992.htm",NA,NA,,,
YUG,Yugoslavia,NA,Belgrade,NA,10/20/44,5/22/92,44.80401,20.46513,2,Constitution of the Federal Republic of Yugoslavia affirms that International treaties which have been ratified shall be a constituent part of the internal legal order. The powers and duties of treaty ratification belong to Federal Assembly and the President of the Republic.,"Constitution of the Federal Republic of Yugoslavia, April, 1992. Basic Provisions: Section I, Art. 16; Legislature: Section V, 1, Art. 78 (4); Executive: Section V, 2, Art. 96 (2). http://www.worldstatesmen.org/Yugoslav_Const_1992.htm",NA,NA,,,
ZAF,South Africa,NA,Pretoria,NA,5/31/10,9999-12-31,-25.74486,28.18783,NA,NA,NA,NA,NA,,,
ZIN,Zinder (Damagaram),NA,Zinder,NA,1851-01-01,1889-07-30,13.80716,8.9881,NA,NA,NA,AFRICA,Western Africa,,,
ZMB,Zambia,NA,Lusaka,NA,6/29/76,9999-12-31,-15.40669,28.28713,NA,NA,NA,NA,NA,,,
ZUL,Zululand,NA,NA,NA,1816-01-01,1887-12-31,NA,NA,NA,NA,NA,AFRICA,Southern Africa,,,
ZUL,Zululand,NA,Bulawayo,NA,1817-01-01,1828-12-31,-20.15,28.58333,NA,NA,NA,AFRICA,Southern Africa,,,
ZUL,Zululand,NA,Makhosini,NA,1829-01-01,1840-01-28,-29.18951,29.55959,NA,NA,NA,AFRICA,Southern Africa,,,
ZUL,Zululand,NA,Ulundi,NA,1840-01-29,1879-07-04,-28.33523,31.41617,NA,NA,NA,AFRICA,Southern Africa,,,
ZWE,Zimbabwe,NA,Harare,NA,4/18/80,9999-12-31,-17.82772,31.05337,NA,NA,NA,NA,NA,,,