stateID,StateName,Capital,Begin,Basis,DecIndep,Autonomy,End,Grounds,Latitude,Longitude,Region,StateNameAlt,CapitalAlt,Constitution,RatProcedure,Coder,Comments,Source
ABK,Abkhazia,Anakopia,0778,Secession?,,,1008,Unification?,43.00697,40.9893,Western Asia,Kingdom of Abkhazia,Kutaisi,"Abkhazia is a semi-presidential republic, following the Constitution of the Republic of Abkhazia, Adopted on the 26th of November 1994 and approved by the national voting in October 1999 with amendment. As provided by law, the Parliament of the Republic of Abkhazia shall ratify and denounce the interstate treaties and agreements. Also, the President of the Republic of Abkhazia shall sign international instruments and interstate treaties.",Unicameral Majority,Evrard,,"Constitution of the Republic of Abkhazia (Apsny), 1994. Legislature: Art. 47 (8); Executive: Art. 53 (2), (3), (4). https://abkhazworld.com/aw/reports-and-key-texts/607-constitution-of-the-republic-of-abkhazia-apsny"
ACH,Aceh,Banda Aceh,1496-01-01,Consolidation,,,1874-01-30,Annexation,5.5577,95.3222,Southeastern Asia,Kingdom of Aceh Darussalam,Kutaraja,NA,NA,Evrard,,"Özay, M. (2012). The Historical Basis of Aceh Socio-Economics Development (1511-1904). Journal of History Culture and Art Research, 1(2), p. 58."
AFG,Afghanistan,Kabul,1747-01-01,Consolidation,,,1879-12-31,Occupation,34.52813,69.17233,Central Asia,Durrani Empire,Quandahar,NA,NA,Evrard,Durrani Empire,"Nejatie, S. (2017). Iranian Migrations in the Durrani Empire, 1747–93. Comparative Studies of South Asia, Africa and the Middle East, 37(3), pp. 494-495. Morrison, A. (2017). Beyond the ‘Great Game’: The Russian origins of the second Anglo–Afghan War. Modern Asian Studies, 51(3), 686-735. Shīr 'Alī Khān (Britannica)"
AFG,Afghanistan,Kabul,1919-08-08,Decolonisation,,,9999-12-31,None,34.52813,69.17233,Central Asia,Islamic Emirate of Afghanistan,,"We the people of Afghanistan […] Have, herein, approved this constitution in accordance with the historical, cultural and social realities as well as requirements of time through our elected representatives in the Loya Jirga, dated January 3, 2004, held in the city of Kabul.",NA,Evrard,,https://www.nam.ac.uk/explore/third-afghan-war-and-revolt-waziristan
AGO,Angola,Luanda,1975-11-11,Decolonisation,,,9999-12-31,None,-8.83682,13.23432,Southern Africa,People's Republic of Angola,NA,"We, the people of Angola, through its lawful representatives, the legislators of the nation, freely elected in the parliamentary elections of September 2008; Having received, by the said popular vote and under the provision contained in Article 158 of the Constitutional Law of 1992, the noble and irrefusable mandate to proceed with the drawing up and approval of the Constitution of the Republic of Angola;",NA,Evrard,,"Meijer, G., & Birmingham, D. (2004). Angola from past to present. Accord: from military peace to social justice? the Angolan peace process, pp. 10."
ALB,Albania,Tirana,1272-02-21,Secession?,,,1392-12-31,Occupation,41.33333,19.91667,Southeastern Europe,Kingdom of Albania,NA,NA,NA,Evrard,,"Frasheri, K. (1964). The history of Albania. A Brief Survey. Tirana, pp. 36, 48."
ALB,Albania,Tirana,1913-07-29,Secession?,1912-11-28,,1939-04-09,Occupation,41.33333,19.91667,Southeastern Europe,Principality of Albania,NA,NA,NA,Evrard,,"Frasheri, K. (1964). The history of Albania. A Brief Survey. Tirana, pp. 152, 217."
ALB,Albania,Tirana,1944-11-17,Liberation,,,9999-12-31,None,41.33333,19.91667,Southeastern Europe,Republic of Albania,NA,NA,NA,Evrard,,"Albania Nationalism (Britannica); Frasheri, K. (1964). The history of Albania. A Brief Survey. Tirana, p. 256."
ALG,Algeria,Algiers,1962-07-05,Decolonisation,1954-11-01,1962-07-03,9999-12-31,None,36.7525,3.04197,Northern Africa,NA,NA,NA,NA,Evrard,"Added: Begin, DeclIndep (https://www.cvce.eu/obj/declaration_portant_reconnaissance_de_l_independance_de_l_algerie_paris_3_juillet_1962-fr-05d4d86f-da65-4c7e-b4d7-e09999516f68.html | https://www.mfa.gov.dz/discover-algeria/history-of-algeria)",NA
ALT,Los Altos,Quetzaltenango,1848-08-27,Secession?,,,1849-12-31,Annexation,14.83472,-91.51806,Central America,NA,NA,NA,NA,Evrard,"Added: Begin, End (Taracena Arriola, A. (1997). Invención criolla, sueño ladino, pesadilla indígena: Los Altos de Guatemala: de región a Estado, 1740-1850, p. 353.)","Taracena Arriola, A. (1997). Invención criolla, sueño ladino, pesadilla indígena: Los Altos de Guatemala: de región a Estado, 1740-1850, p. 353."
AND,Andorra,Andorra la Vella,1278-09-08,Unification?,,,1812-01-26,Annexation,42.50779,1.52109,Western Europe,Co-Principality of Andorra,NA,"Andorra is a Democratic and Social independent State abiding by the Rule of Law. According to the Constitution of the Principality of Andorra, the authority and power of the ratification of treaties  are dedicated to the the Coprinces, General Council, and the Constitutional Court. The Coprinces express the consent of the State to honour its international treaties under the provisions of the General Council. The Constitution request the approval of the absolute majority of the members of the General Council, or a majority of two-thirds of the members of the General Council. In the cases of the unconstitutionality of the international treaties, the Coprinces shall request opinions to the Constitutional Court.",Super-majority/Bicameral,Evrard,,"Sanguin, A. L. (1978). L'Andorre, micro-état pyrénéen: quelques aspects de géographie politique. Revue géographique des Pyrénées et du Sud-Ouest. Sud-Ouest Européen, 49(4), pp. 457-458.; Whittlesey, D. (1934). Andorra's autonomy. The Journal of Modern History, 6(2), p. 149.; The First Pariatge of Andorra (Library of Congress); Contact (Gran Orient d’Andorra); Andorra (Archontology)"
AND,Andorra,Andorra la Vella,1814-03-10,Liberation,,,9999-12-31,None,42.50779,1.52109,Western Europe,NA,NA,"Andorra is a Democratic and Social independent State abiding by the Rule of Law. According to the Constitution of the Principality of Andorra, the authority and power of the ratification of treaties  are dedicated to the the Coprinces, General Council, and the Constitutional Court. The Coprinces express the consent of the State to honour its international treaties under the provisions of the General Council. The Constitution request the approval of the absolute majority of the members of the General Council, or a majority of two-thirds of the members of the General Council. In the cases of the unconstitutionality of the international treaties, the Coprinces shall request opinions to the Constitutional Court.",Super-majority/Bicameral,Evrard,,"Morgan Jr, J. L. (1994). The Army of Catalonia organization, operations and logistics, 1807-1814.(Volumes I and II). Loyola University Chicago, pp. 189, 367."
ARE,United Arab Emirates,Abu Dhabi,1971-12-02,Unification,1971-07-18,1971-07-18,9999-12-31,None,24.46667,54.36667,Western Asia,NA,NA,NA,NA,Evrard,"Added: Begin, DeclIndep, Autonomy, Region, Source_rat (https://www.uae-embassy.org/discover-uae/history | https://u.ae/en/about-the-uae/history | https://uaelegislation.gov.ae/en/constitution)","The Constitution of the United Arab Emirates, Art. 1"
ARG,Argentina,Buenos Aires,1816-07-09,Decolonisation?,1816-07-09,,9999-12-31,None,-36,-60,Southern America,Argentine Republic,NA,NA,NA,Evrard,,"Criscenti, J. T. (1961). Argentine Constitutional History, 1810-1852: a re-examination. The Hispanic American Historical Review, 41(3), pp. 381, 398."
ARM,Armenia,Yerevan,1918-05-28,Dissolution?,1918-05-28,,1920-12-02,Occupation,40.18111,44.51361,Western Asia,First Republic of Armenia,NA,NA,NA,Evrard,,"First Republic of Armenia 1918-1920 (Armenian-History); Hovannisian, R. G. (1996). The Republic of Armenia: Between Crescent and Sickle: Partition and Sovietization (Vol. 4, pp. 391-403). Berkeley and Los Angeles: University of California Press, p. 387."
ARM,Armenia,Yerevan,1991-09-23,Dissolution,1990-08-23,,9999-12-31,None,40.18111,44.51361,Western Asia,Republic of Armenia,NA,NA,NA,Evrard,,"Grotz, Florian, and Maria Rodriguez‐McKey, ' Armenia', in Dieter Nohlen, Florian Grotz, and Christof Hartmann (eds), Elections in Asia and the Pacific: A Data Handbook: Volume I: Middle East, Central Asia, and South Asia (Oxford, 2001; online edn, Oxford Academic, 1 Nov. 2003), p. 320.; Self-determination according to Leninist principles (APN)"
ASA,Assam,Dispur,1228-01-01,Consolidation,,,1817-04-30,Annexation,26.13564,91.80069,Southern Asia,Ahom Kingdom,NA,NA,NA,Evrard,,"Guha, A. (1983). The Ahom political system: an enquiry into the state formation process in medieval Assam (1228-1714). Social Scientist, pp. 9, 11, 13.; Roth, C. F. (2015). Let's split!: A complete guide to separatist movements and aspirant nations, from Abkhazia to Zanzibar. Litwin Books, p. 335."
ASI,Asir,Abha,1818-01-01,Secession?,,,1872-04-30,Occupation,18.21639,42.50528,Western Asia,NA,NA,NA,NA,,,NA
ASI,Asir,Abha,1914-01-01,Secession?,,,1926-12-31,Annexation,18.21639,42.50528,Western Asia,Emirate of Asir,NA,NA,NA,Evrard,,"ALEtaneh, G. F., Hayajneh, R., Al-Khatib, J. M., & Abdalla, A. A. (2024). British-Idrisi relations in resisting Ottoman influence in Tihama Asir 1915-1926, p. 61.; Ghanem, I. (1990). The Legal History of'A Sir (Al-Mikhlaf Al-Sulaymani). Arab Law Quarterly, pp. 212-213."
AST,Ashanti,Kumasi,1670-01-01,Consolidation?,,,1896-02-01,Annexation,6.68848,-1.62443,Western Africa,Asante Empire,NA,NA,NA,Evrard,,Asante empire (Britannica); Asante – The People Of A Wealthy Gold-Rich Empire (The Black Faces); Rise of the Asante Empire (EBSCO)
ATG,Antigua and Barbuda,Saint Johns,1981-11-01,Decolonisation,,1967-02-27?,9999-12-31,None,29.91218,-81.40989,Caribbean America,NA,NA,"WHEREAS the People of Antigua and Barbuda- (a) proclaim that they are a sovereign nation founded upon principles that acknowledge the supremacy of God, the dignity and worth of the human person, the entitlement of all persons to the fundamental rights and freedoms of the individual, the position of the family in a society of free men and women and free institu-tions; 1.—(1) Antigua and Barbuda shall be a unitary sovereign democratic State.",NA,Evrard,"Added: Begin, Autonomy, Region | Autonomy (except for foreign affairs) can be interpreted as granted by the West Indies Act (https://www.britannica.com/place/Antigua-and-Barbuda/History)","NAPaget, H. ‘After the Storms: Barbuda and Antigua Yesterday, Today and Tomorrow’, in The Antigua and Barbuda Review of Books, Antigua and Barbuda Studies Association, vol. 12, 2019, pp. 28-29."
AUH,Austria-Hungary,Vienna,1867-03-30,Unification?,,,1918-11-11,Dissolution,48.20849,16.37208,Central Europe,NA,NA,"By constitution, at the foundation of the dual system in 1867, the Austro-Hungarian Monarchy consists of the two separate and sovereign States of Austria and Hungary. Each state provided its own parliament, government and its own Crown. The two offices of Emperor of Austria and King of Hungary are distinct, but by the constitution, they vest in the same person. Even the two offices are independent. Minister for War and Minister for Foreign Affairs are to be found in the joint ministry of Austria-Hungary, which is attached to a joint parliament, providing the element of a common legislature of Austria-Hungary. The joint legislature, the Delegations consists of two committees appointed by and from the two parliament of Austria and of Hungary. The Delegations are to control foreign affairs, but treaties must be ratified by the two separate parliaments.",Super-majority/Bicameral,Evrard,"Birth of the dual monarchy, Austro-Hungarian Compromise","https://www.jstor.org/stable/30082697, Helczmanovszki, H. (2021). Austria-Hungary. In European demography and economic growth (pp. 27-78). Routledge."
AUS,Australia,Canberra,1901-01-01,Unification?,,,9999-12-31,None,-35.28346,149.12807,Oceania,Commonwealth of Australia,NA,"WHEREAS the people of New South Wales, Victoria, South Australia, Queensland, and Tasmania, humbly relying on the blessing of Almighty God, have agreed to unite in one indissoluble Federal Commonwealth under the Crown of the United Kingdom of Great Britain and Ireland, and under the Constitution hereby established: the Commonwealth of Australia",NA,Evrard,"Added: Begin, Region (Gare, D. (1999). Dating Australia's independence: national sovereignty and the 1986 Australia Acts. Australian Historical Studies, 29(113), p. 251.)",NA
AUT,Austria,Vienna,1804-08-11,Transformation?,,,1867-03-30,Unification,48.20849,16.37208,Central Europe,NA,NA,NA,NA,,,NA
AUT,Austria,Vienna,1919-09-10,Dissolution?,,,1938-03-13,Annexation,48.20849,16.37208,Central Europe,NA,NA,NA,NA,,,NA
AUT,Austria,Vienna,1955-07-27,Liberation,,,9999-12-31,None,48.20849,16.37208,Central Europe,NA,NA,NA,NA,,,NA
AZA,Azande,Yambio,1816-01-01,Consolidation?,,,1895-12-31,Colonisation,4.57213,28.39549,Eastern Africa,NA,NA,NA,NA,,,NA
AZE,Azerbaijan,Baku,1918-05-28,Dissolution,1918-05-28,,1920-04-28,Incorporation,40.37767,49.89201,Western Asia,NA,NA,NA,NA,,,NA
AZE,Azerbaijan,Baku,1991-10-18,Dissolution,1991-10-18,,9999-12-31,None,40.37767,49.89201,Western Asia,NA,NA,NA,NA,,,NA
BAD,Baden,Karlsruhe,1806-10-24,Unification?,,,1918-11-14,Revolution,49.00472,8.38583,Central Europe,Grand Duchy of Baden,NA,NA,NA,Evrard,"Added: Begin, End, StateNameAlt (Ellis, L. M. (1986). Army, State and politics in the Grand Duchy of Baden, 1866-1920 (Germany). The Johns Hopkins University.)",NA
BAV,Bavaria,Munich,1806-01-01,Unification?,,,1918-11-14,Revolution,48.13743,11.57549,Central Europe,Kingdom of Bavaria,NA,NA,NA,Evrard,"Added: Begin, End, StateNameAlt (Kaiser, M. (2009). A Matter of Survival: Bavaria Becomes a Kingdom. In: Forrest, A., Wilson, P.H. (eds) The Bee and the Eagle. War, Culture and Society, 1750–1850. Palgrave Macmillan, London, p. 95)",NA
BDI,Burundi,Bujumbura,1680-01-01,Consolidation?,,,1890-05-14,Colonisation,-3.3822,29.3644,Eastern Africa,NA,NA,NA,NA,,,NA
BDI,Burundi,Gitega,1962-01-01,Decolonisation,1962-01-01,,9999-12-31,None,-3.3822,29.3644,Eastern Africa,NA,Bujumbura,NA,NA,Evrard,,https://perspective.usherbrooke.ca/bilan/servlet/BMEve/315
BEL,Belgium,Brussels,1830-12-20,Secession,1830-10-04,,1940-05-28,Occupation,50.85045,4.34878,Western Europe,NA,NA,NA,Super-majority/Bicameral,,,https://www.theguardian.com/world/from-the-archive-blog/2020/oct/07/birth-of-belgium-october-1830-archive
BEL,Belgium,Brussels,1945-06-26,Restoration,,,9999-12-31,None,50.85045,4.34878,Western Europe,NA,NA,NA,NA,,,NA
BEN,Benin,Porto-Novo,1960-08-01,Decolonisation,,1958-12-04?,9999-12-31,None,6.49646,2.60359,Western Africa,Dahomey,NA,NA,NA,Evrard,"Added: Begin, End, Autonomy, StateNameAlt (https://www.gouv.bj/pages/histoire/), Renamed 1975",NA
BFA,Burkina Faso,Ouagadougou,1958-12-11,Decolonisation,1960-08-05,,9999-12-31,None,12.36566,-1.53388,Western Africa,Upper Volta,NA,NA,NA,Evrard,"Added: Begin, End, DeclIndep, StateNameAlt (https://perspective.usherbrooke.ca/bilan/servlet/BMEve/308), Renamed 1984",NA
BGD,Bangladesh,Dhaka,1971-12-16,Secession,,,9999-12-31,None,23.7104,90.40744,Southern Asia,NA,NA,NA,NA,,,NA
BGR,Bulgaria,Sofia,0681-12-31,Consolidation?,,,1018-12-31,Annexation,42.69751,23.32415,Southeastern Europe,NA,NA,NA,NA,,,NA
BGR,Bulgaria,Sofia,1185-10-26,,,,1396-09-25,Annexation,42.69751,23.32415,Southeastern Europe,NA,NA,NA,NA,,,NA
BGR,Bulgaria,Sofia,1878-03-03,Liberation?,,,9999-12-31,None,42.69751,23.32415,Southeastern Europe,NA,NA,NA,NA,,,NA
BHP,Bhopal,Bhopal,1707-01-01,Consolidation?,,,1818-03-01,Occupation,23.25469,77.40289,Southern Asia,NA,NA,NA,NA,,,NA
BHR,Bahrain,Manama,1971-08-15,Decolonisation?,1971-08-15,,9999-12-31,None,26.21536,50.5832,Western Asia,NA,NA,NA,NA,Evrard,"Added: Begin, End, DeclIndep (https://history.state.gov/countries/bahrain)",NA
BHS,Bahamas,Nassau,1973-07-10,Decolonisation,1973-07-10,,9999-12-31,None,40.73217,-73.58545,Caribbean America,NA,NA,NA,NA,Evrard,"Added: Begin, End, DeclIndep (https://www.bahamas.gov.bs/overview-of-the-bahamas)",NA
BHT,Bharatpur,Bharatpur,1707-01-01,Consolidation?,,,1828-12-31,Annexation,27.21731,77.49009,Southern Asia,NA,NA,NA,NA,,,NA
BIH,Bosnia and Herzegovina,Sarajevo,1992-03-01,Dissolution,1992-03-01,,9999-12-31,None,43.84864,18.35644,Southeastern Europe,NA,NA,NA,NA,Evrard,"Added: Begin, DeclIndep (https://portal.cor.europa.eu/divisionpowers/Pages/Bosnia-Herzegovina.aspx#:~:text=Bosnia and Herzegovina (Bosna i,Yugoslavia on 1 March 1992.)",NA
BIK,Bikaner,Bikaner,1465-01-01,Consolidation?,,,1818-03-09,Protectorate,28.02094,73.30749,Southern Asia,NA,NA,NA,NA,,,NA
BLR,Belarus,Minsk,1918-03-25,Secession?,,,1919-01-05,Incorporation,53.9,27.56667,Eastern Europe,NA,NA,NA,NA,,,NA
BLR,Byelorussia,Minsk,1920-07-31,,,,1991-08-19,Independence,53.9,27.56667,Eastern Europe,Belarus,NA,NA,NA,,,NA
BLR,Belarus,Minsk,1991-08-25,Dissolution?,,,9999-12-31,None,53.9,27.56667,Eastern Europe,NA,NA,NA,NA,,,NA
BLZ,Belize,Belmopan,1981-09-21,Decolonisation,1981-09-21,,9999-12-31,None,17.25,-88.76667,Central America,NA,NA,NA,NA,Evrard,"Added: Begin, DeclIndep (https://history.state.gov/countries/belize)",NA
BNJ,Benjermassin,Banjarmasin,1526-01-01,Consolidation?,,,1860-12-31,Annexation,-3.31987,114.59075,Southeastern Asia,NA,NA,NA,NA,,,NA
BOL,Plurinational State of Bolivia,Sucre,1825-08-06,Decolonisation?,1825-08-06,,9999-12-31,None,9,-75,Southern America,NA,La Paz,NA,NA,Evrard,"Added: Begin, DeclIndep, CapitalAlt (https://otca.org/en/bolivia/)",NA
BPR,Bahawalpur,Bahawalpur,1748-01-01,Consolidation?,,,1838-01-18,Protectorate,29.4,71.68333,Southern Asia,NA,NA,NA,NA,,,NA
BRA,Brazil,Brasilia,1822-09-07,Decolonisation,1822-09-07,,9999-12-31,None,-10,-55,Southern America,NA,NA,NA,NA,Evrard,"Added: Begin, DeclIndep (https://www.cultura.gob.es/en/cultura/archivos/difusion/mc-difusion/bicentenarios/contexto-historico/las-independencias-iberoamericanas/independencia-brasil.html)",NA
BRB,Barbados,Bridgetown,1966-11-30,Decolonisation,1966-11-30,,9999-12-31,None,13.1,-59.61667,Caribbean America,NA,NA,NA,NA,Evrard,"Added: Begin, DeclIndep (https://www.barbadosparliament.com/main_page_content/show_content/14)",NA
BRE,Bremen,Bremen,1648-06-15,,,,1871-01-17,Incorporation,53.08891,8.79063,Central Europe,NA,NA,NA,NA,,,NA
BRN,Brunei,Bandar Seri Begawan,1368-01-01,Secession?,,,1888-01-01,Protectorate,4.94029,114.94806,Southeastern Asia,NA,NA,"Brunei Darussalams ultimate authority rests with His Majesty the Sultan and Yang Di-Pertuan of Brunei Darussalam. Both executive power and legislature power is embedded on His Majesty the Sultan and Yang Di-Pertuan. Therefore, the consent of His Majesty the Sultan and Yang Di-Pertuan of Brunei Darussalam ratifies international treaties.",Executive,Evrard,Sultanate established,https://www.icj.org/wp-content/uploads/2013/04/Brunei-Constitution-1959-eng.pdf
BTN,Bhutan,Thimphu,1616-01-01,,,,1910-01-08,Protectorate,27.46609,89.64191,Southern Asia,NA,NA,NA,NA,,,NA
BTN,Bhutan,Thimphu,1949-08-08,,,,9999-12-31,None,27.46609,89.64191,Southern Asia,NA,NA,NA,NA,Evrard,,https://www.refworld.org/legal/agreements/natlegbod/1949/en/97188
BUK,Bukhara,Bukhara,1785-01-01,,,,1868-06-30,Annexation,39.77472,64.42861,Central Asia,NA,NA,NA,NA,,Emirate of Bukhara,NA
BWA,Botswana,Gaborone,1966-09-30,Decolonisation?,1966-09-30,,9999-12-31,None,-24.65451,25.90859,Southern Africa,NA,NA,NA,NA,Evrard,"Added: Begin, DeclIndep (https://www.botswanaembassy.org/page/history-of-botswana)",https://uca.edu/politicalscience/home/research-projects/dadm-project/sub-saharan-africa-region/66-botswana-1966-present/
CAF,Central African Republic,Bangui,1960-08-13,Decolonisation,1960-08-13,,9999-12-31,None,4.36122,18.55496,Central Africa,NA,NA,NA,NA,Evrard,"Added: Begin, DeclIndep (https://au.int/en/countryprofiles/central-african-republic)",https://2001-2009.state.gov/r/pa/ei/bgn/4007.htm
CAN,Canada,Ottawa,1867-07-01,Other,1931-12-11,1867-07-01,9999-12-31,None,45.41117,-75.69812,Northern America,NA,NA,NA,NA,Evrard,Canada established as confederation of formerly colonized territories,https://thecanadianencyclopedia.ca/en/article/confederation-1867
CAY,Cayor,Mboul,1549-01-01,,,,1886-11-19?,Protectorate,6.26667,14.28333,Western Africa,NA,NA,NA,NA,Evrard,,"Saint-Martin, Y. J. (1965). Une source de l'histoire coloniale du Sénégal: Les rapports de situation politique (1874-1891). Outre-Mers. Revue d'histoire, 52(187), p. 221."
CHE,Switzerland,Bern,1291-08,Other,,,9999-12-31,None,46.94809,7.44744,Central Europe,NA,NA,NA,NA,Evrard,Swiss Confederation officially started with the Federal Charter of 1291,"https://www.admin.ch/gov/en/start/federal-council/history-of-the-federal-council/federal-charter-of-1291.html#:~:text=The Federal Charter from early,threat of violence or injustice."
CHL,Chile,Santiago,1818-02-12,Decolonisation?,1818-02-12,,9999-12-31,None,-33.45694,-70.64827,Southern America,NA,NA,NA,NA,,,NA
CHM,Chamba,Chamba,0920-01-01,,,,1846-03-09,Annexation,32.5558,76.12592,Southern Asia,NA,NA,NA,NA,Evrard,,https://paharistudent.com/a-comprehensive-history-of-chamba-district/
CHN,China,Beijing,1368,,,,9999-12-31,None,39.9075,116.39723,Eastern Asia,NA,NA,NA,NA,,Beginning of Ming dynasty,NA
CIV,Cote DIvoire,Yamoussoukro,1960-08-07,,,,9999-12-31,None,6.82055,-5.27674,Western Africa,NA,NA,"Cote dIvoire, officially the Republic of Cote dIvoire, is a country located on the south coast of West Africa. Cote dIvoires Constitution of 2016 indicates the procedures of treaties ratification in a separate title, Title VI: International Treaties and Agreements. In Chapter I: Negotiation and Ratification, the President of the Republic has an authority of negotiation and ratification of international treaties and agreements. As provided by the following articles, the Constitutional Council shall review governing legislation for the purpose of ratification. If the Constitutional Council, called upon by the President of the Republic, the President of the National Assembly or Senate or by at least one-tenth of deputies or senators, has declared that an international treaty or agreement contains a clause contrary to the Constitution, authorisation to ratify it may take place only after review by the Constitution.",Legislature Informed,,,"Cote dIvoires Constitution of 2016. Title VI, Chap. I. https://www.constituteproject.org/constitution/Cote_DIvoire_2016.pdf?lang=en"
CMR,Cameroon,Yaounde,1960-01-01,,,,9999-12-31,None,3.86667,11.51667,Central Africa,NA,NA,NA,NA,,,NA
COD,Democratic Republic of the Congo,Kinshasa,1960-06-30,,,,9999-12-31,None,-4.32142,15.30807,Central Africa,NA,NA,NA,NA,,,NA
COG,Congo,Brazzaville,1960-08-15,,,,9999-12-31,None,-4.26613,15.28318,Central Africa,NA,NA,NA,NA,,,NA
COK,Cook Islands,Avarua,1965-08-04,Other,,,9999-12-31,None,-21.20778,-159.775,Oceania,NA,NA,NA,NA,Evrard,Cook Islands became self-governed in 1965 under the terms of the New Zealand’s Cook Islands Constitution Act of 1964,https://nzhistory.govt.nz/cook-islands-achieves-self-government
COL,Colombia,Bogota,1831-11-19,Dissolution,,,9999-12-31,None,4.60971,-74.08175,Southern America,NA,NA,NA,NA,Evrard,Colombia emerged after the dissolution of Gran Colombia,https://courses.lumenlearning.com/suny-worldhistory/chapter/26-1-3-gran-colombia/
COM,Comoros,Moroni,1975-07-06,,,,9999-12-31,None,-11.70216,43.25506,Eastern Africa,NA,NA,NA,NA,,,NA
CPV,Cape Verde,Praia,1975-07-05,,,,9999-12-31,None,14.93152,-23.51254,Western Africa,NA,NA,NA,NA,,,NA
CRI,Costa Rica,San Jose,1838-11-05,Independence,1838-11-05,,9999-12-31,None,37.33939,-121.89496,Central America,NA,NA,NA,NA,,,NA
CUB,Cuba,Havana,1902-05-20,Independence,1902-05-20,,9999-12-31,None,23.13302,-82.38304,Caribbean America,NA,NA,NA,NA,,,NA
CUT,Cutch,Bhuj,1147-01-01,,,,1816-01-15,Annexation,23.25397,69.66928,Southern Asia,NA,NA,NA,NA,,,NA
CYP,Cyprus,Nicosia,1960-08-16,,,,9999-12-31,None,35.16667,33.36667,Western Asia,NA,NA,NA,NA,,,NA
CZE,Czech Republic,Prague,1918-10-28,,,,9999-12-31,None,50.08804,14.42076,Central Europe,NA,NA,NA,NA,,,NA
DDR,German Democratic Republic,Berlin,1954-03-25,,,,1990-10-02,,52.5233,13.41377,Central Europe,NA,NA,NA,NA,,,NA
DEU,German Federal Republic,Bonn,1949-05-23,,,,1990-10-02,,50.73616,7.1002,Western Europe,NA,NA,NA,NA,,,NA
DFR,Darfur,Al Fasher,1603-01-01,,,,1874-09-30,,32.799,-86.8073,Northern Africa,NA,NA,NA,NA,,,NA
DIR,Dir,Dir,1626-01-01,,,,1896-12-31,,9.59306,41.86611,Southern Asia,NA,NA,NA,NA,,,NA
DJA,Fouta Djallon,Timbo,1725-01-01,,,,1896-12-31,,-26.82333,-49.27167,Western Africa,NA,NA,NA,NA,,,NA
DJI,Djibouti,Djibouti,1977-06-27,,,,9999-12-31,None,11.5,42.5,Eastern Africa,NA,NA,NA,NA,,,NA
DMA,Dominica,Roseau,1978-11-03,,,,9999-12-31,None,15.30174,-61.38808,Caribbean America,NA,NA,NA,NA,,,NA
DNK,Denmark,Copenhagen,0793,,,,9999-12-31,None,55.67594,12.56553,Northern Europe,NA,NA,NA,NA,,,NA
DOM,Dominican Republic,Santo Domingo,1821-11-30,,,,1822-02-09,,19,-70.66667,Caribbean America,NA,NA,NA,NA,,,NA
DOM,Dominican Republic,Santo Domingo,1844-02-27,,,,1861-03-18,,19,-70.66667,Caribbean America,NA,NA,NA,NA,,,NA
DOM,Dominican Republic,Santo Domingo,1865-03-03,,,,1916-05-16,,19,-70.66667,Caribbean America,NA,NA,NA,NA,,,NA
DOM,Dominican Republic,Santo Domingo,1924-07-13,,,,9999-12-31,None,19,-70.66667,Caribbean America,NA,NA,NA,NA,,,NA
DRV,Annam,Hue,0939-01-01,,,,1883-08-31,,16.46667,107.6,Southeastern Asia,NA,NA,NA,NA,,Independence from China,NA
DZG,Free City Of Danzig,Danzig,1920-11-15,,,,1939-09-01,Annexation,54.35205,18.64637,Central Europe,NA,NA,NA,NA,,,NA
EAZ,Zanzibar,Stone Town,1856-01-01,,,,1890-07-01,,-6.16368,39.19184,Eastern Africa,NA,NA,NA,NA,,Separation from the Sultanate of Oman,NA
EAZ,Zanzibar,Zanzibar City,1963-12-19,,,,1964-04-26,,-6.16394,39.19793,Eastern Africa,NA,NA,NA,NA,,,NA
ECU,Ecuador,Quito,1830-05-13,Independence,,1822-05-24,9999-12-31,None,-0.22985,-78.52495,Southern America,NA,NA,NA,Unicameral Majority,,,NA
EGY,Egypt,Cairo,1805-05-17,,,,1882-09-15,,30.06263,31.24967,Northern Africa,NA,NA,NA,NA,,,NA
EGY,Egypt,Cairo,1953-06-18,,,1953-06-18,9999-12-31,None,30.06263,31.24967,Northern Africa,NA,NA,NA,NA,,Definitive end of british presence and start of the republic,NA
EHT,State Of Haiti,Milot,1806-10-17,,,,1811-03-28,Unification,19.61667,-72.21667,Caribbean America,NA,NA,NA,NA,,,NA
ERI,Eritrea,Asmara,1993-05-24,,,,9999-12-31,None,15.33805,38.93184,Eastern Africa,NA,NA,NA,NA,,,NA
ESP,Spain,Madrid,1479,,,,9999-12-31,None,40.4165,-3.70256,Southern Europe,NA,NA,NA,NA,,,NA
EST,Estonia,Tallinn,1918-02-24,,,,1940-06-16,,59.43696,24.75353,Eastern Europe,NA,NA,NA,NA,,,NA
EST,Estonia,Tallinn,1991-08-20,,,,9999-12-31,None,59.43696,24.75353,Eastern Europe,NA,NA,NA,NA,,,NA
ETH,Ethiopia,Addis Ababa,1270-01-01,,,,1936-05-05,,9.02497,38.74689,Eastern Africa,NA,NA,NA,NA,,Foundation of the Ethiopian Empire,NA
ETH,Ethiopia,Addis Ababa,1855-02-11,,,,1936-05-05,,9.02497,38.74689,Eastern Africa,NA,NA,NA,NA,,,NA
ETH,Ethiopia,Addis Ababa,1941-05-05,,,,9999-12-31,None,9.02497,38.74689,Eastern Africa,NA,NA,NA,NA,,,NA
ETS,Eastern Turkistan,Kashgar,1874-01-01,,,,1877-12-31,,39.45472,75.97972,Eastern Asia,NA,NA,NA,NA,,,NA
EUE,European Union,Brussels,1993-01-11,,,,9999-12-31,None,50.85045,4.34878,Western Europe,NA,NA,"Provided by Treaty on European Union (TEU), Article 47 recognises the legal personality of the European Union, as a subject of international law. The European Union can negotiate and conclude international agreement within the scope of its competences. The executive branch has near exclusive competence in the ratification procedure of international treaties, although may be subject to a mandate voted or approval by national/regional parliament. The Lisbon Treaty gives a stronger role to the European Parliament, for instance, trade negotiations are conducted and concluded in the EU branches. In practice, the EU and Member States sign the treaty simultaneously. Mixed agreements require the agreement to be ratified at national level. In this case, treaties enter into force when the other partner, the EU and all Member States exchange ratification instruments.",Referendum,,,http://www.europarl.europa.eu/RegData/etudes/BRIE/2016/593489/EPRS_BRI(2016)593489_EN.pdf. http://www.europarl.europa.eu/RegData/etudes/BRIE/2016/593513/EPRS_BRI(2016)593513_EN.pdf
FIN,Finland,Helsinki,1917-12-06,,,,9999-12-31,None,60.16952,24.93545,Northern Europe,NA,NA,NA,NA,,,NA
FJI,Fiji,Suva,1970-10-10,,,,9999-12-31,None,-18.14161,178.44149,Oceania,NA,NA,NA,NA,,,NA
FNJ,Funj,Sennar,1504-01-01,,,,1821-06-30,,13.56907,33.56718,Northern Africa,NA,NA,NA,NA,,,NA
FRA,France,Paris,0843,,,,9999-12-31,None,48.85341,2.3488,Western Europe,NA,NA,NA,NA,,,NA
FRO,Faroe Islands,Torshavn,1948-04-01,Independence,1946-09-14,1948-03-30,9999-12-31,None,62.00973,-6.77164,Western Europe,NA,NA,NA,NA,,,https://www.government.fo/en/foreign-relations/constitutional-status/
FSM,Federated States of Micronesia,Palikir,1986-11-03,,,,9999-12-31,None,6.92477,158.16109,Oceania,NA,NA,NA,NA,,,NA
FTO,Fouta Toro,Silla,1776-01-01,,,,1888-12-31,,39.36667,-0.41667,Western Africa,NA,NA,NA,NA,,,NA
GAB,Gabon,Libreville,1960-08-17,,,,9999-12-31,None,0.39241,9.45356,Central Africa,NA,NA,NA,NA,,,NA
GBR,United Kingdom,London,0927,,,,9999-12-31,None,51.5072648,-0.1278328,Western Europe,NA,NA,NA,NA,,,NA
GCL,Gran Colombia,Bogota,1819-12-17,,,,1830,,4.60971,-74.08175,Southern America,NA,NA,NA,NA,,,NA
GEO,Georgia,Tbilisi,1918-05-26,,,,1921-02-25,,41.69411,44.83368,Eastern Europe,NA,NA,NA,NA,,,NA
GEO,Georgia,Tbilisi,1991-04-09,,,,9999-12-31,None,41.69411,44.83368,Eastern Europe,NA,NA,NA,NA,,,NA
GHA,Ghana,Accra,1957-03-06,,,,9999-12-31,None,5.55602,-0.1969,Western Africa,NA,NA,NA,NA,,,NA
GIN,Guinea,Conakry,1958-10-02,,,,9999-12-31,None,9.53795,-13.67729,Western Africa,NA,NA,NA,NA,,,NA
GMB,Gambia,Banjul,1965-02-18,,,,9999-12-31,None,13.45274,-16.57803,Western Africa,NA,NA,NA,NA,,,NA
GNB,Guinea-Bissau,Bissau,1974-09-10,,,,9999-12-31,None,11.86357,-15.59767,Western Africa,NA,NA,NA,NA,,,NA
GNQ,Equatorial Guinea,Malabo,1968-10-12,,,,9999-12-31,None,3.75,8.78333,Central Africa,NA,NA,NA,NA,,,NA
GRC,Greece,Athens,1827-05-17,Independence,1830-02-03,,9999-12-31,None,37.97945,23.71622,Southeastern Europe,NA,NA,NA,Unicameral Majority,,,NA
GRC,Greece,Athens,1944-10-13,,,,9999-12-31,None,37.97945,23.71622,Southeastern Europe,NA,NA,NA,NA,,,NA
GRD,Grenada,Saint George’s,1974-02-07,,,,9999-12-31,None,12.05644,-61.74849,Caribbean America,NA,NA,NA,NA,,,NA
GTM,Guatemala,Guatemala,1840-01-01,,,,9999-12-31,None,15.5,-90.25,Central America,NA,NA,NA,NA,,,NA
GUY,Guyana,Georgetown,1966-05-26,,,,9999-12-31,None,5.41123,100.33543,Southern America,NA,NA,NA,NA,,,NA
GWA,Gwalior,Lashkar,1731-01-01,,,,1818-02-28,,34.58468,68.02543,Southern Asia,NA,NA,NA,NA,,,NA
GWA,Gwalior,Lashkar,1816-01-01,,,,1818-02-28,,34.58468,68.02543,Southern Asia,NA,NA,NA,NA,,,NA
HAN,Hanover,Hannover,1814-10-12,,,,1866-07-26,,52.37052,9.73322,Central Europe,NA,NA,NA,NA,,,NA
HAN,Hanover,Hannover,1946-08-23,,,,1946-11-23,,52.37052,9.73322,Central Europe,NA,NA,NA,NA,,,NA
HAW,Hawaii,Lahaina,1810-01-01,,,,1898-07-06,,20.87833,-156.6825,Northern America,NA,NA,NA,NA,,,NA
HBG,Hamburg,Hamburg,1806-01-01,,,,1867-07-01,,53.57532,10.01534,Central Europe,NA,NA,NA,NA,,Sovereignty at the dissolution of the Holy Roman Empire,NA
HEJ,Hejaz,Mecca,1916-10-01,,,,1926-01-08,,21.42667,39.82611,Western Asia,NA,NA,NA,NA,,,NA
HND,Honduras,Tegucigalpa,1838-11-05,,,,9999-12-31,None,14.0818,-87.20681,Central America,NA,NA,NA,NA,,,NA
HRV,Croatia,Zagreb,0879-06-07,,,,1102-12-31,,45.81444,15.97798,Southeastern Europe,NA,NA,NA,NA,,,NA
HRV,Croatia,Zagreb,1941-04-10,,,,1945-05-08,,45.81444,15.97798,Southeastern Europe,NA,NA,NA,NA,,,NA
HRV,Croatia,Zagreb,1991-10-08,,,,9999-12-31,None,45.81444,15.97798,Southeastern Europe,NA,NA,NA,NA,,Expiry of moratorium from declaration of independence,NA
HSE,Hesse Electoral,Kassel,1803-04-27,,,,1807-07-09,,51.31667,9.5,Central Europe,NA,NA,NA,NA,,,https://en.wikisource.org/wiki/Translation:Constitution_of_the_State_of_Hesse
HSE,Hesse Electoral,Kassel,1814-05-30,,,,1866-08-23,,51.31667,9.5,Central Europe,NA,NA,NA,NA,,,https://en.wikisource.org/wiki/Translation:Constitution_of_the_State_of_Hesse
HSG,Hesse Grand Ducal,Darmstadt,1806-08-13,,,,1871-01-18,Unification,49.87056,8.64944,Central Europe,NA,NA,NA,NA,,,NA
HTI,Haiti,Port-au-Prince,1804-01-01,,,,9999-12-31,None,18.53917,-72.335,Caribbean America,NA,NA,NA,NA,,,NA
HUN,Hungary,Budapest,1000-12-25,,,,1526-08-29,,47.49801,19.03991,Central Europe,NA,NA,NA,NA,,,NA
HUN,Hungary,Budapest,1920-06-04,,,,9999-12-31,None,47.49801,19.03991,Central Europe,NA,NA,NA,NA,,,NA
IDN,Indonesia,Jakarta,1949-12-27,,,,9999-12-31,None,-6.21462,106.84513,Southeastern Asia,NA,NA,NA,NA,,,NA
IND,India,New Delhi,1947-08-15,Decolonisation,,,9999-12-31,None,28.63576,77.22445,Southern Asia,NA,NA,NA,NA,,,NA
INO,Indore,Maheshwar,1724-01-01,,,,1818-12-31,,22.17592,75.58715,Southern Asia,NA,NA,NA,NA,,,NA
IPH,Perak,Ipoh,1528-01-01,,,,1874-01-20,,4.5841,101.0829,Southeastern Asia,NA,NA,NA,NA,,,NA
IRL,Ireland,Dublin,1922-12-06,,,,9999-12-31,None,53.38046,-6.27113,Western Europe,NA,NA,NA,NA,,,NA
IRN,Islamic Republic of Iran,Tehran,1979-04-01,,,,9999-12-31,None,35.69439,51.42151,Western Asia,NA,NA,"The Constitution of Islamic Republic of Iran, amended in 1989, is based on the governance of the jurisprudent. As provided by law, Art. 77 indicates the legislative power of ratifying treaties; treaties, transactions, contract and all international agreements must be ratified by the Islamic Consultative Assembly (Majiles). The executive power indicates the power of the government of Iran, pertaining to all the treaties, transactions, agreements, and contracts. It says that after they are approved by the Islamic Consultative Assembly, must by signed by the President of the Republic or his legal representative.",Unicameral Majority,,,"The Constitution of the Islamic Republic of Iran. The Legislative Power: The Chap. 6, Part 1, Art. 77; The Executive Power: Chap. 9, Section 1, Art. 125. https://www.wipo.int/edocs/lexdocs/laws/en/ir/ir001en.pdf"
IRQ,Iraq,Baghdad,1932-10-03,,,,9999-12-31,None,33.34058,44.40088,Western Asia,NA,NA,NA,NA,,,NA
ISL,Iceland,Reykjavik,1944-06-17,,,,9999-12-31,None,64.13548,-21.89541,Western Europe,NA,NA,NA,NA,,,NA
ISR,Israel,Jerusalem,1948-05-14,,,,9999-12-31,None,31.76904,35.21633,Western Asia,NA,NA,NA,NA,,,NA
ITA,Italy,Rome,753 BC,,,,9999-12-31,None,41.89474,12.4839,Western Europe,NA,NA,NA,NA,,,NA
JAM,Jamaica,Kingston,1962-08-06,,,,9999-12-31,None,17.99702,-76.79358,Caribbean America,NA,NA,NA,NA,,,NA
JMK,Jimma-Kakka,Jimma,1830-01-01,,,,1885-12-31,,7.66667,37,Eastern Africa,NA,NA,NA,NA,,,NA
JOD,Jodhpur,Jodhpur,1226-01-01,,,,1818-06-06,,26.26841,73.00594,Southern Asia,NA,NA,NA,NA,,,NA
JOH,Johore,Johor Bahru,1518-01-01,,,,1885-12-31,,1.4655,103.7578,Southeastern Asia,NA,NA,NA,NA,,,NA
JOR,Jordan,Amman,1946-05-25,,,,9999-12-31,None,31.95522,35.94503,Western Asia,NA,NA,NA,NA,,,NA
JPN,Japan,Tokyo,1600-01-01,,,,1945-08-14,,35.6895,139.69171,Eastern Asia,NA,NA,NA,NA,,Tokugawa Shogunate and unification after the “warring states period”,NA
JPN,Japan,Tokyo,1952-04-28,,,,9999-12-31,None,35.6895,139.69171,Eastern Asia,NA,NA,NA,NA,,,NA
JPR,Jaipur,Jaipur,1128-01-01,,,,1818-04-25,,26.91962,75.78781,Southern Asia,NA,NA,NA,NA,,,NA
KAF,Kaffa,Jimma,1390-01-01,,,,1897-09-11,,7.66667,37,Eastern Africa,NA,NA,NA,NA,,,NA
KAS,Kasanje,Kasanje,1620-01-01,,,,1911-12-31,,-1.3,29.86667,Eastern Africa,NA,NA,NA,NA,,,NA
KAT,Kathiri Sultanate,Say’un,1490-01-01,,,,1888-12-31,,15.96611,48.7883,Western Asia,NA,Sayun,NA,NA,,Approximation,NA
KAZ,Kazakhstan,Astana,1991-12-16,,,,9999-12-31,None,51.1801,71.44598,Central Asia,NA,NA,NA,NA,,,NA
KED,Kedah,Alor Star,1136-01-01,,,,1821-12-31,,6.12104,100.36014,Southeastern Asia,NA,NA,NA,NA,,,NA
KEL,Kelantan,Wakaf Bharu,1760-01-01,,,,1843-12-31,,6.11667,102.2,Southeastern Asia,NA,NA,NA,NA,,,NA
KEL,Kelantan,Kota Bharu,1844-01-01,,,,1909-03-10,,6.13328,102.2386,Southeastern Asia,NA,NA,NA,NA,,,NA
KEN,Kenya,Nairobi,1963-12-12,,,,9999-12-31,None,-1.28333,36.81667,Eastern Africa,NA,NA,NA,NA,,,NA
KGZ,Kyrgyzstan,Bishkek,1991-08-31,,,,9999-12-31,None,42.87,74.59,Central Asia,NA,NA,NA,NA,,,NA
KHI,Khairpur,Khairpur City,1775-01-01,,,,1838-12-25,,27.52948,68.7617,Southern Asia,NA,NA,NA,NA,,,NA
KHM,Cambodia,Phnom Penh,1953-09-09,,,,9999-12-31,None,11.56245,104.91601,Southeastern Asia,NA,NA,NA,NA,,,NA
KHV,Khiva,Khiva,1511-01-01,,,,1873-08-12,,41.37833,60.36389,Central Asia,NA,NA,NA,NA,,,NA
KIR,Kiribati,Tarawa,1979-07-12,Decolonisation,,,9999-12-31,None,1.3278,172.97696,Oceania,NA,NA,NA,NA,,,https://www.wipo.int/edocs/lexdocs/laws/en/ki/ki001en.pdf
KLT,Kalat,Kalat,1666-01-01,,,,1876-12-31,,28.88242,66.53165,Southern Asia,NA,NA,NA,NA,,,NA
KNA,St. Kitts and Nevis,Basseterre,1983-09-19,Decolonisation,,,9999-12-31,None,17.29484,-62.7261,Caribbean America,NA,NA,NA,NA,,,NA
KNB,Kanem-Bornu,Dikoa,1380-01-01,,,,1893-12-31,,12.02396,13.91646,Central Africa,NA,NA,NA,NA,,Start of the Bornu Empire,NA
KOK,Kokand,Kokand,1709-01-01,,,,1865-05-30,,40.52861,70.9425,Central Asia,NA,NA,NA,NA,,,NA
KON,Kongo Kingdom,Sao Salvador,1390-01-01,,,,1888-12-31,,-12.97111,-38.51083,Central Africa,NA,NA,NA,NA,,Approximation,NA
KOR,Republic of Korea,Seoul,1948-08-15,,,,9999-12-31,None,37.56826,126.97783,Eastern Asia,NA,NA,NA,NA,,,NA
KOS,Kosovo,Kosovo,2008-02-17,,,,9999-12-31,None,42.58333,21,Southern Europe,NA,NA,"In Article 18, it declares that international agreements are ratified by two thirds vote of all deputies of the Assembly, if the subjects are territory, peace, alliances, political and military issues; fundamental rights and freedoms; membership of the Republic of Kosovo in international organisations; and the undertaking of financial obligations by the Republic of Kosovo. Other than those, the President of the Republic of Kosovo ratifies international agreements upon signature.",Super-majority/Bicameral,,,"Constitution of Republic of Kosovo. Chapter I, Article 18. http://www.kryeministri-ks.net/repository/docs/Constitution1Kosovo.pdf"
KOT,Kotah,Kotah,1631-01-01,,,,1818-12-31,,25.18254,75.83906,Southern Asia,NA,NA,NA,NA,,,NA
KPT,Kapurthala,Kapurthala,1780-01-01,,,,1826-12-31,,31.38011,75.38105,Southern Asia,NA,NA,NA,NA,,,NA
KRG,Karangasem,Amlapura,1740-01-01,,,,1894-01-11,,-8.45,115.61667,Southeastern Asia,Bali And Lombok,NA,NA,NA,,,NA
KTA,Kaarta,GuZmou,1650-01-01,,,,1854-12-31,,14.51104,-11.85154,Western Africa,NA,Guemou,NA,NA,,Approximation,NA
KUB,Kuba,Mushenge,1625-01-01,,,,1910-12-31,,-4.52985,21.33321,Central Africa,NA,NA,NA,NA,,Approximation,NA
KWT,Kuwait,Kuwait,1961-06-19,,,,1990-08-28,Annexation,29.5,47.75,Western Asia,NA,NA,NA,NA,,,NA
KWT,Kuwait,Kuwait,1991-02-28,,,,9999-12-31,None,29.5,47.75,Western Asia,NA,NA,NA,NA,,,NA
KZB,Kazembe,Kazembe,1740-01-01,,,,1890-12-31,,-10.37327,23.18229,Eastern Africa,NA,NA,NA,NA,,Approximation,NA
LAO,Laos,Vientiane,1953-10-22,,,,9999-12-31,None,17.96667,102.6,Southeastern Asia,Lao Peoples Democratic Republic,NA,NA,NA,,,NA
LBN,Lebanon,Beirut,1945-10-24,,,,9999-12-31,None,33.88894,35.49442,Western Asia,NA,NA,NA,NA,,"As founding member state of UN, French mandate terminated from this date",NA
LBR,Liberia,Monrovia,1847-07-26,,,,9999-12-31,None,6.30054,-10.7969,Western Africa,NA,NA,NA,NA,,,NA
LBY,Libya,Tripoli,1951-12-24,,,,1969-09-01,Coup,32.87519,13.18746,Northern Africa,Kingdom of Libya,NA,NA,NA,,,NA
LBY,Libya,Tripoli,1969-09-01,,,,9999-12-31,None,32.87519,13.18746,Northern Africa,Republic of Libya,NA,NA,NA,,,NA
LCA,St. Lucia,Castries,1979-02-22,,,,9999-12-31,None,13.9957,-61.00614,Caribbean America,NA,NA,NA,NA,,,NA
LIE,Liechtenstein,Vaduz,1718-01-23,,,,1806-07-25,,47.14151,9.52154,Central Europe,NA,NA,NA,NA,,,NA
LIE,Liechtenstein,Vaduz,1813-10-19,,,,1815-06-20,,47.14151,9.52154,Central Europe,NA,NA,NA,NA,,,NA
LIE,Liechtenstein,Vaduz,1866-08-24,,,,9999-12-31,None,47.14151,9.52154,Central Europe,NA,NA,NA,NA,,Dissolution of the German Confederation,NA
LIM,Limmu,Saqqa,1801-01-01,,,,1849-12-31,,33.4364,36.46638,Eastern Africa,Enarya,NA,NA,NA,,,NA
LIP,Lippe,Detmold,1123-01-01,,,,1867-07-01,,51.93855,8.87318,Western Europe,NA,NA,NA,NA,,,NA
LKA,Sri Lanka,Colombo,1948-02-04,,,,9999-12-31,None,6.8664,80.0166,Southern Asia,NA,NA,NA,NA,,,NA
LSO,Lesotho,Maseru,1822-01-01,,,,1843-12-31,,-29.31667,27.48333,Southern Africa,NA,NA,NA,NA,,Reign of Moshoeshoe I,NA
LTU,Lithuania,Vilnius,1236,,,,1386-02-02,,54.68916,25.2798,Eastern Europe,NA,NA,NA,NA,,,NA
LTU,Lithuania,Vilnius,1918-02-16,,,,1940-06-16,,54.68916,25.2798,Eastern Europe,NA,NA,NA,NA,,,NA
LTU,Lithuania,Vilnius,1990-03-11,,,,9999-12-31,None,54.68916,25.2798,Eastern Europe,NA,NA,NA,NA,,,NA
LUB,Luba,Kabongo,1585-01-01,,,,1889-12-31,,-6.15061,22.81719,Central Africa,NA,NA,NA,NA,,,NA
LUN,Lunda Empire,Musumba,1644-01-01,,,,1889-12-31,,-2.68333,30.71667,Central Africa,NA,NA,NA,NA,,,NA
LUX,Luxembourg,Luxembourg,1867-05-11,,,,1890-11-22,,49.75,6.16667,Western Europe,NA,NA,NA,NA,,,NA
LUX,Luxembourg,Luxembourg,1890-11-23,,,,1940-05-10,,49.75,6.16667,Western Europe,NA,NA,NA,NA,,,NA
LUX,Luxembourg,Luxembourg,1944-09-10,,,,9999-12-31,None,49.75,6.16667,Western Europe,NA,NA,NA,NA,,,NA
LVA,Latvia,Riga,1918-11-18,,,,1940-06-16,,56.946,24.10589,Eastern Europe,NA,NA,NA,NA,,,NA
LVA,Latvia,Riga,1991-09-06,Independence,1991-09-06,,9999-12-31,None,56.946,24.10589,Eastern Europe,NA,NA,NA,NA,,,NA
MAR,Morocco,Rabat,1664-08-02,,,,1912-03-30,,34.01325,-6.83255,Northern Africa,NA,NA,NA,NA,,From coronation of Al-Rashid to Treaty of Fez,NA
MAR,Morocco,Rabat,1956-03-02,,,,9999-12-31,None,34.01325,-6.83255,Northern Africa,NA,NA,NA,NA,,French-Moroccan Agreement,NA
MAS,Massina,Hamdullahi,1820-01-01,,,,1862-12-31,,11.62967,9.05725,Western Africa,NA,NA,NA,NA,,,NA
MCO,Monaco,Monaco,1641-09-14,,,,1793-02-14,,48.13743,11.57549,Western Europe,NA,NA,The principle of government is a hereditary and constitutional nomarchy. The executive power is exercised by the highest authority of the Prince. The legislative power is jointly exercised by the Prince and the National Council. The Prince signs and ratifies treaties after consulting the Crown Council. The National Council does not have treaty ratification powers explicitly.,Executive,,,"Constitution of the Principality, December 17th 1962 (as amended by Law n Section 1.249 dated April 2nd 2002). Chap. II, Art. 13, 14.http://www.monaco-consulate.com/wp-content/uploads/2009/06/Constitution.pdf"
MCO,Monaco,Monaco,1861-02-02,,,,9999-12-31,None,48.13743,11.57549,Western Europe,NA,NA,The principle of government is a hereditary and constitutional nomarchy. The executive power is exercised by the highest authority of the Prince. The legislative power is jointly exercised by the Prince and the National Council. The Prince signs and ratifies treaties after consulting the Crown Council. The National Council does not have treaty ratification powers explicitly.,Executive,,,"Constitution of the Principality, December 17th 1962 (as amended by Law n Section 1.249 dated April 2nd 2002). Chap. II, Art. 13, 14.http://www.monaco-consulate.com/wp-content/uploads/2009/06/Constitution.pdf"
MDA,Moldova,Chisinau,1346,,,,1538,Vassalisation,47.00556,28.8575,Eastern Europe,Principality of Moldova,NA,NA,NA,,,NA
MDA,Moldova,Chisinau,1991-08-27,,,,9999-12-31,None,47.00556,28.8575,Eastern Europe,Republic of Moldova,NA,NA,NA,,,NA
MDG,Madagascar,Antananarivo,1810-07-06,,,,1896-08-06,,-18.91368,47.53613,Eastern Africa,NA,NA,NA,NA,,From death of Andrianampoinimerina to French proclamation of colony,NA
MDG,Madagascar,Antananarivo,1960-06-26,,,,9999-12-31,None,-18.91368,47.53613,Eastern Africa,NA,NA,NA,NA,,,NA
MDK,Mandinka Empire,Kankan,1878-01-01,,,,1898-09-29,,10.38542,-9.30568,Western Africa,Wassulu,NA,NA,NA,,,NA
MDV,Maldives,Male,1965-07-26,,,,9999-12-31,None,4.1748,73.50888,Southern Asia,NA,NA,NA,NA,,,NA
MEC,Mecklenburg Schwerin,Schwerin,1815-06-14,,,,1871-01-18,,53.62937,11.41316,Central Europe,NA,NA,NA,NA,,,NA
MEX,Mexico,Mexico,1821-09-28,,,,9999-12-31,None,23,-102,Central America,NA,NA,NA,NA,,,NA
MHL,Marshall Islands,Majuro,1979-05-01,,,,9999-12-31,None,7.113,171.236,Oceania,Republic of the Marshall Islands,NA,NA,NA,,,NA
MIN,Minangkabau,Batusangkar,1347-01-01,,,,1837-12-31,,-0.45624,100.6268,Southeastern Asia,NA,NA,NA,NA,,Establishment of King Adityawarman,NA
MKD,North Macedonia,Skopje,1991-09-08,,,,9999-12-31,None,42,21.41667,Southeastern Europe,Republic of North Macedonia,NA,NA,NA,,,NA
MLI,Mali Federation,Bamako,1960-06-20,,,,1960-08-20,,12.65,-8,Western Africa,NA,NA,NA,NA,,,NA
MLI,Mali,Bamako,1960-09-22,,,,9999-12-31,None,12.65,-8,Western Africa,NA,NA,NA,NA,,,NA
MLT,Malta,Valletta,1964-09-21,,,,9999-12-31,None,35.89972,14.51472,Southern Europe,Republic of Malta,NA,NA,NA,,,NA
MMR,Myanmar,Rangoon,1044-01-01,,,,1885-11-29,,16.80528,96.15611,Southeastern Asia,NA,NA,"As provided the Constitution of Myanmar (2008), the President shall have the power to enter into, ratify or annul international agreements which require the approval of the Pyidaungsu Hluttaw, the legislative body of Myanmar. In some cases, the President may enter into, ratify or annul international agreements without the approval of the Pyidaungsu Hluttaw, however, this authority is given by the Pyidaungsu Hluttaw.",Unicameral Majority,,Unification of the Kingdom under Anawratha,"Constitution of the Republic of the Union of Myanmar, 2008. Legislature: Chap. IV, 108 (a) (b); Executive: Chap. V, 209 (a) (b). http://www.burmalibrary.org/docs5/Myanmar_Constitution-2008-en.pdf"
MNE,Montenegro,Cetinje,1852-03-13,,,,1918-11-28,,42.39063,18.91417,Southeastern Europe,NA,NA,"As provided the Constitution of Montenegro (2007), the Government of Montenegro, which consists of the Prime Minister, one or more Deputy Prime Ministers and the ministers, shall have the responsibility to manage internal and foreign policy of Montenegro and to sign international agreements. The Parliament shall confirm international agreements by the majority consent.",Unicameral Majority,,,"The Constitution of Montenegro, 2007. Legislature: Part 3, 1, Art. 82 (17); Executive: Part 3, 3, Art. 100 (1) (4). https://www.wipo.int/edocs/lexdocs/laws/en/me/me004en.pdf"
MNE,Montenegro,Cetinje,1852-03-13,,,,1918-12-01,,42.39063,18.91417,Southeastern Europe,NA,NA,"As provided the Constitution of Montenegro (2007), the Government of Montenegro, which consists of the Prime Minister, one or more Deputy Prime Ministers and the ministers, shall have the responsibility to manage internal and foreign policy of Montenegro and to sign international agreements. The Parliament shall confirm international agreements by the majority consent.",Unicameral Majority,,,"The Constitution of Montenegro, 2007. Legislature: Part 3, 1, Art. 82 (17); Executive: Part 3, 3, Art. 100 (1) (4). https://www.wipo.int/edocs/lexdocs/laws/en/me/me004en.pdf"
MNE,Montenegro,Podgorica,2006-06-03,,,,9999-12-31,None,42.44111,19.26361,Southeastern Europe,NA,NA,"As provided the Constitution of Montenegro (2007), the Government of Montenegro, which consists of the Prime Minister, one or more Deputy Prime Ministers and the ministers, shall have the responsibility to manage internal and foreign policy of Montenegro and to sign international agreements. The Parliament shall confirm international agreements by the majority consent.",Unicameral Majority,,,"The Constitution of Montenegro, 2007. Legislature: Part 3, 1, Art. 82 (17); Executive: Part 3, 3, Art. 100 (1) (4). https://www.wipo.int/edocs/lexdocs/laws/en/me/me004en.pdf"
MNG,Mongolia,Ulaanbaatar,1924-11-26,,,,9999-12-31,None,47.90771,106.88324,Central Asia,NA,NA,NA,NA,,,NA
MOD,Modena,Modena,1452-05-18,,,,1796-05-07,,44.64783,10.92539,Southern Europe,NA,NA,"The first written constitution which appeared in Italy was known as the Constituzione della Repubilica Cispadana. It was adopted by the representatives of Bologna, Ferrara, Modena and Reggio, accepted by the people and published on the twenty-seventh of March, 1797. The main provisions were that the division of legislative power and executive power in that the legislative power should be exercised by two councils. The executive authority was placed in the hands of a Directory of three members elected by the legislative bodies. The Executive was expected to look to the security of the Republic, both within and without, having the power to issue proclamations in conformity with the law. The various administrative bodies occupied about the same position as at present. The 1848 Constitution by the Kingdom of Sardinia shows the role of the Advisory Council of State, the examination of foreign treaties as well as all matters pertaining to foreign affairs.",Unicameral Majority,,,1848 Constitution. https://doi.org/10.1177/000271629400500902
MOD,Modena,Modena,1814-07-14,,,,1859-08-20,,44.64783,10.92539,Southern Europe,NA,NA,"The first written constitution which appeared in Italy was known as the Constituzione della Repubilica Cispadana. It was adopted by the representatives of Bologna, Ferrara, Modena and Reggio, accepted by the people and published on the twenty-seventh of March, 1797. The main provisions were that the division of legislative power and executive power in that the legislative power should be exercised by two councils. The executive authority was placed in the hands of a Directory of three members elected by the legislative bodies. The Executive was expected to look to the security of the Republic, both within and without, having the power to issue proclamations in conformity with the law. The various administrative bodies occupied about the same position as at present. The 1848 Constitution by the Kingdom of Sardinia shows the role of the Advisory Council of State, the examination of foreign treaties as well as all matters pertaining to foreign affairs.",Unicameral Majority,,,1848 Constitution. https://doi.org/10.1177/000271629400500902
MOS,Mossi,Ouagadougou,1200-01-01,,,,1895-09-30,,12.36566,-1.53388,Western Africa,Yatenga,NA,NA,NA,,Approximation,NA
MOZ,Mozambique,Maputo,1975-06-25,,,,9999-12-31,None,-25.96553,32.58322,Southern Africa,NA,NA,NA,NA,,,NA
MPR,Manipur,Imphal,1110-01-01,,,,1891-04-27,,24.80805,93.9442,Southern Asia,NA,NA,NA,NA,,,NA
MRT,Mauritania,Nouakchott,1960-11-28,,,,9999-12-31,None,18.08581,-15.9785,Northern Africa,NA,NA,NA,NA,,,NA
MUS,Mauritius,Port Louis,1968-03-12,,,,9999-12-31,None,-20.16194,57.49889,Eastern Africa,NA,NA,NA,NA,,,NA
MWI,Malawi,Lilongwe,1964-07-06,,,,9999-12-31,None,-13.96692,33.78725,Eastern Africa,NA,NA,NA,NA,,,NA
MYS,Malaya,Kuala Lumpur,1957-08-31,,,,1963-09-16,,3.1412,101.68653,Southeastern Asia,Federation of Malaya,NA,NA,NA,,,NA
MYS,Malaysia,Kuala Lumpur,1963-09-16,,,,9999-12-31,None,3.1412,101.68653,Southeastern Asia,NA,NA,NA,NA,,,NA
NAG,Nagpur,Nagpur,1703-01-01,,,,1818-12-31,,21.15,79.1,Southern Asia,NA,NA,NA,NA,,,NA
NAM,Namibia,Windhoek,1990-03-21,,,,9999-12-31,None,-22.55941,17.08323,Southern Africa,NA,NA,NA,NA,,,NA
NAS,Nassau,Wiesbaden,1806-01-01,,,,1866-12-31,,50.08258,8.24932,Central Europe,NA,NA,NA,NA,,,NA
NER,Niger,Niamey,1960-08-03,,,,9999-12-31,None,13.51366,2.1098,Western Africa,NA,NA,NA,NA,,,NA
NGA,Nigeria,Abuja,1960-10-01,Independence,1960-10-01,1963-10-01,9999-12-31,None,9.06853,7.48375,Western Africa,NA,NA,NA,NA,,,NA
NGT,Ngati Toa,NA,1824,Migration,NA,NA,1846,Subjugation,-40.85682,175.1469,Oceania,NA,NA,NA,NA,Evrard,Coordinates from Kapiti Coast District,https://teara.govt.nz/en/ngati-toarangatira/page-3
NIC,Nicaragua,Managua,1838-04-30,,,,9999-12-31,None,12.13282,-86.2504,Central America,NA,NA,NA,Unicameral Majority,,,NA
NIU,Niue,Alofi,1994,Decolonisation,,1974-10-19,9999-12-31,None,-19.05952,-169.91867,Oceania,NA,NA,NA,NA,,,http://www.legislation.govt.nz/act/public/1974/0042/latest/DLM412793.html
NLD,Netherlands,Amsterdam,1581-07-26,Independence,1581-07-26,,1940-05-10,Occupation,52.37403,4.88969,Western Europe,"Holland, Kingdom of the Netherlands",NA,NA,Super-majority/Bicameral,Evrard,,https://www.newnetherlandinstitute.org/history-and-heritage/additional-resources/dutch-treats/the-act-of-abjuration
NLD,Netherlands,Amsterdam,1945-05-05,Restoration,,,9999-12-31,None,52.37403,4.88969,Western Europe,"Holland, Kingdom of the Netherlands",NA,NA,NA,,,NA
NOR,Norway,Oslo,1905-06-07,Dissolution,,,1940-06-10,Occupation,59.91273,10.74609,Northern Europe,NA,NA,NA,Unicameral Majority,Evrard,,https://www.royalcourt.no/seksjon.html?tid=28690
NOR,Norway,Oslo,1945-05-07,Restoration,,,9999-12-31,None,59.91273,10.74609,Northern Europe,NA,NA,NA,Unicameral Majority,Evrard,,https://www.stortinget.no/en/In-English/About-the-Storting/historical-highlights/the-storting-during-world-war-ii/7th-june-1945--a-return-to-civilian-life-in-norway/
NPL,Nepal,Kathmandu,1768-01-01,Unification,,,9999-12-31,None,27.70169,85.3206,Central Asia,NA,NA,NA,Executive,,,NA
NRU,Nauru,Yaren,1968-01-31,Decolonisation,,,9999-12-31,None,-0.54724,166.91599,Oceania,NA,NA,NA,NA,,,http://www.naurugov.nr/parliament-of-nauru/constitution-of-nauru.aspx
NZL,New Zealand,Wellington,1947-11-25,Independence,1840-02-06,1856-05-07,9999-12-31,None,-41.28664,174.77557,Oceania,NA,NA,NA,NA,,,NA
OFS,Orange Free State,Bloemfontein,1854-03-28,,,,1902-05-31,,-29.12106,26.214,Southern Africa,NA,NA,NA,NA,,Treaty of Vereeniging,NA
OLD,Oldenburg,Oldenbourg,1815-01-01,,,,1867-07-01,,53.14118,8.21467,Central Europe,NA,NA,NA,NA,,,NA
OMN,Oman,Muscat,1744-01-01,,,,1891-12-31,,23.61387,58.5922,Western Asia,NA,NA,NA,NA,,,NA
OVB,Ovimbundu,Kuito,1556-01-01,,,,1903-12-31,,-0.22985,-78.52495,Central Africa,NA,NA,NA,NA,,Independence from the Kingdom of Kongo,NA
OYO,Oyo,Oyo,1608-01-01,,,,1835-12-31,,7.85,3.93333,Western Africa,NA,NA,NA,NA,,,NA
PAH,Pahang,Pekan,1470-01-01,,,,1874-12-31,,3.4836,103.3996,Southeastern Asia,NA,NA,NA,NA,,,NA
PAK,Pakistan,Islamabad,1947-08-14,Independence,,,9999-12-31,None,22.3384,91.83168,Southern Asia,NA,NA,NA,NA,,,NA
PAL,Palembang,Palembang,1659,,,,1823-10-07,,-2.91673,104.7458,Southeastern Asia,NA,NA,NA,NA,,Establishment of the Palembang Sultanate,NA
PAN,Panama,Panama,1903-11-03,,,,9999-12-31,None,9,-80,Central America,NA,NA,NA,NA,,,NA
PER,Peru,Lima,1821-07-28,,,,1836-10-27,,-12.04318,-77.02824,Southern America,NA,NA,NA,NA,,,NA
PER,Peru-Bolivia,Tacna,1836-10-28,,,,1839-08-25,,-18.00556,-70.24833,Southern America,NA,NA,NA,NA,,,NA
PER,Peru,Lima,1839-08-26,,,,9999-12-31,None,-12.04318,-77.02824,Southern America,NA,NA,NA,NA,,,NA
PES,Peshwa,Pune,1674-01-01,,,,1817-12-31,,18.51957,73.85535,Southern Asia,NA,NA,NA,NA,,"""Peshwa"" were leaders of the Maratha Kingdom",NA
PHL,Philippines,Manila,1946-07-04,,,,9999-12-31,None,14.6042,120.9822,Southeastern Asia,Republic of the Philippines,NA,NA,NA,,,NA
PLW,Palau,Ngerulmud,1994-10-01,Decolonisation,,,9999-12-31,None,7.50077,134.6238,Oceania,NA,NA,"As provided by the Constitution of the Republic of Palau amended in 1979, the powers and duties of treaty-ratification belong to the executive and the legislature. The legislative power of Palau, the Olbiil Era Kelulau, shall consist of two houses, the House of Delegates and the Senate. To ratify treaties, the approval of a majority of the members of each house is required.",Super-majority/Bicameral,,Compact of Free Association,"Constitution of the Republic of Palau, 1979. Executive: Art. VIII, Section 7 (2); Legislative: Art. IX, Section 5 (7). http://www.unesco.org/education/edurights/media/docs/c4679995d1bddd3ef509ddc66c3cb38e80d492fe.pdf"
PMA,Parma,Parma,1545-09-16,,,,1802-10-09,,44.80266,10.32898,Southern Europe,NA,NA,NA,NA,,,NA
PMA,Parma,Parma,1814-04-11,,,,1859-09-15,,44.80266,10.32898,Southern Europe,NA,NA,NA,NA,,Dynasty declared deposed,NA
PNG,Papua New Guinea,Port Moresby,1975-09-16,,,,9999-12-31,None,-9.44314,147.17972,Oceania,NA,NA,NA,NA,,,NA
POL,Poland,Warsaw,1025-04-18,,,,1795-10-24,,52.22977,21.01178,Central Europe,NA,NA,NA,NA,,,NA
POL,Poland,Warsaw,1807-06-09,,,,1815-06-09,,52.22977,21.01178,Central Europe,NA,NA,NA,NA,,,NA
POL,Poland,Warsaw,1918-11-11,,,,1939-09-27,,52.22977,21.01178,Central Europe,NA,NA,NA,NA,,,NA
POL,Poland,Warsaw,1945-06-28,,,,9999-12-31,None,52.22977,21.01178,Central Europe,NA,NA,NA,NA,,,NA
PRK,Democratic Peoples Republic Of Korea,Pyongyang,1945-09-06,,,,1948-09-09,,39.03385,125.75432,Eastern Asia,North Korea,NA,NA,NA,,,NA
PRK,Democratic Peoples Republic Of Korea,Pyongyang,1948-09-09,,,,9999-12-31,None,39.03385,125.75432,Eastern Asia,North Korea,NA,"Amended and supplemented socialist constitution of the DPRK is adopted in 1998 by the first session of the 1st Supreme People's Assembly (SPA). As provided by law, the SPA Presidium has the duties and authority to ratify or abrogate treaties concluded with other countries. Also, the SPA has the authority to decide on the ratification or abrogation of treaties. The Cabinet has duties and authorities to conclude treaties with foreign countries, and conduct external activities.",Unicameral Majority,,,"DPRK's Socialist Consititution, 1998. SPA: Art. 11, Art. 91 (17); The Cabinet: Art. 119. https://www.ilo.org/dyn/natlex/docs/ELECTRONIC/56761/95661/F1832741191/PRK56761.pdf"
PRT,Portugal,Lisbon,1128-06-24,,,,1910-10-05,,38.71667,-9.13333,Southern Europe,Kingdom of Portugal,NA,NA,NA,,,NA
PRT,Portugal,Lisbon,1910-10-05,,,,9999-12-31,None,38.71667,-9.13333,Southern Europe,Portuguese Republic,NA,NA,NA,,,NA
PRY,Paraguay,Asuncion,1811-05-14,Independence,1811-05-14,1842-11-25,9999-12-31,None,-25.30066,-57.63591,Southern America,NA,NA,NA,NA,,,NA
PSE,State Of Palestine,Jerusalem,NA,,1988-11-15,,9999-12-31,None,31.76904,35.21633,Western Asia,NA,NA,"The governing system in Palestine shall be a democratic parliamentary system, based upon political and party pluralism. As provided by the Amended Basic Law of 2003, the Palestinian National Authority shall work without delay to become a party to regional and international declarations and covenants that protect human rights. As the hierarchy of norms has not been established, only we know is that the government is responsible for international relations. Even the democratic legislative procedure is established by Constitution, nothing is mentioned pertaining to treaty ratification process. Considering the political situation in State of Palestine, in practice, treaties are ratified by presidential decree.",Executive,,,Palestine's Constitution of 2003 with Amendments through 2005. Art. 10. https://constituteproject.org/constitution/Palestine_2005.pdf?lang=en
PUN,Punjab,Lahore,1801-01-01,,,,1846-12-31,,31.54972,74.34361,Southern Asia,NA,NA,NA,NA,,,NA
QAT,Qatar,Doha,1971-09-03,Independence,1971-09-01,,9999-12-31,None,25.27932,51.52245,Western Asia,NA,NA,NA,NA,,,NA
QUA,Quaiti Sultanate,Al Mukalla,1858-01-01,,,,1888-12-31,,14.54248,49.12424,Western Asia,NA,NA,NA,NA,,,NA
ROU,Romania,Bucharest,1877-05-10,Independence,1877-05-10,1881-05-10,9999-12-31,None,44.43225,26.10626,Eastern Europe,NA,NA,NA,NA,,,NA
RUS,Principality of Moscow,Moscow,1263,,,,1547-01-16,,55.75,37.5,Eastern Europe,NA,NA,NA,NA,,,NA
RUS,Tsardom of Russia,Moscow,1547-01-16,,,,1721-11-02,,55.75,37.5,Eastern Europe,NA,NA,NA,NA,,,NA
RUS,Russian Empire,Moscow,1721-11-02,,,,1917-03-15,,55.75,37.5,Eastern Europe,NA,NA,NA,NA,,,NA
RUS,Union of Soviet Socialist Republics,Moscow,1922-12-30,,,,1990-06-12,,55.75,37.5,Eastern Europe,NA,NA,NA,NA,,,NA
RUS,Russian Federation,Moscow,1991-12-12,,,,9999-12-31,None,55.75,37.5,Eastern Europe,NA,NA,NA,NA,,,NA
RVN,Republic Of Viet Nam,Saigon,1954-12-29,,,,1975-04-30,,10.75,106.66667,Southeastern Asia,NA,NA,NA,NA,,,NA
RWA,Ruanda,Kigali,1081-01-01,,,,1890-05-14,,-1.94995,30.05885,Eastern Africa,NA,NA,NA,NA,,,NA
SAL,Saloum,Kahone,1494-01-01,,,,1887-12-31,,13.71667,-15.01667,Western Africa,NA,NA,NA,NA,,,NA
SAU,Emirate of Diriyah,Riyadh,1744,,,,1818,,24.68773,46.72185,Western Asia,NA,NA,NA,NA,,,NA
SAU,Emirate of Najd,Riyadh,1824,,,,1891,,24.68773,46.72185,Western Asia,NA,NA,NA,NA,,,NA
SAU,Saudi Arabia,Riyadh,1932-09-23,,,,9999-12-31,None,24.68773,46.72185,Western Asia,Kingdom of Saudi Arabia,NA,NA,NA,,,NA
SAW,Sawantvadi,Kudal,1627-01-01,,,,1838-12-31,,16.01148,73.68867,Southern Asia,NA,NA,NA,NA,,,NA
SAX,Saxony,Dresden,1806-12-20,,,,1871-01-18,Unification,51.05,13.75,Central Europe,NA,NA,NA,NA,,Joined German Empire,NA
SDN,Sudan,Khartoum,1956-01-01,,,,9999-12-31,None,15.55177,32.53241,Northern Africa,NA,NA,NA,NA,,,NA
SEG,Segou,Segou,1712-01-01,,,,1861-03-10,,13.6,-5.9,Western Africa,NA,NA,NA,NA,,,NA
SEL,Selangor,Klang,1511-01-01,,,,1875-10-30,,3.03333,101.45,Southeastern Asia,NA,NA,NA,NA,,,NA
SEN,Senegal,Dakar,1960-06-20,,,,9999-12-31,None,14.6937,-17.44406,Western Africa,NA,NA,NA,NA,,,NA
SGP,Singapore,Singapore,1965-08-09,,,,9999-12-31,None,1.36667,103.8,Southeastern Asia,NA,NA,NA,NA,,,NA
SHO,Shoa,Ankober,1865-06-30,,,,1889-03-10,,9.3,39.76667,Eastern Africa,NA,NA,NA,NA,,,NA
SIA,Siak,Siak Sri Indrapura,1723-01-01,,,,1858-12-31,,0.76667,102.06667,Southeastern Asia,NA,NA,NA,NA,,,NA
SIC,Two Sicilies,Naples,1442-06-02,,,,1458-06-27,,40.83333,14.25,Southern Europe,NA,NA,NA,NA,,,NA
SIC,Two Sicilies,Naples,1501-08-01,,,,1714-03-07,,40.83333,14.25,Southern Europe,NA,NA,NA,NA,,,NA
SIC,Two Sicilies,Naples,1815-01-01,,,,1861-02-13,,40.83333,14.25,Southern Europe,NA,NA,NA,NA,,,NA
SIC,Two Sicilies,Naples,1816-12-12,,,,1861-03-17,,40.83333,14.25,Southern Europe,NA,NA,NA,NA,,,NA
SID,Sind,Thatta,1520-01-01,,,,1839-12-31,Unification,24.74745,67.92353,Southern Asia,NA,NA,NA,NA,,Sind brought into the Mughal Empire,NA
SIK,Sikkim,Tumlong,1642-01-01,,,,1890-03-17,,27.41667,88.58333,Southern Asia,NA,NA,NA,NA,,Foundation of the Sikkim monarchy,NA
SIR,Sirohi,Sirohi,1425-01-01,,,,1823-09-11,,24.88838,72.84794,Southern Asia,NA,NA,NA,NA,,,NA
SLB,Solomon Islands,Honiara,1978-07-07,,,,9999-12-31,None,-9.43333,159.95,Oceania,NA,NA,"Provided by Solomon Islandss Constitution of 1978 with Amendments through 2009, the executive authority is vested in the Head of State (Governor-General), and Ministers. Prime Minister shall be elected by the members of Parliament. The legislative power is vested in the Parliament. The authority of international treaties ratification is not established in the Constitution, however, super majority rule is only mentioned in the removal of Governor-General, the alternation of Constitution,  the removal of Speaker and Deputy Speaker, and provisions for periods of public emergency. In this sense, the international treaties are ratified by majority consent of the Parliament.",Unicameral Majority,,,"Solomon Islandss Constitution of1978 with Amendments through 2009. Legislature: Chapter VI. Art. 59; Executive: Chapter V, Art. 30. http://extwprlegs1.fao.org/docs/pdf/sol132844.pdf"
SLE,Sierra Leone,Freetown,1971-04-19,,,,9999-12-31,None,8.484,-13.22994,Western Africa,NA,NA,NA,NA,,,NA
SLV,El Salvador,San Salvador,1841-02-18,,,,1896-09-15,,13.68935,-89.18718,Central America,NA,NA,NA,NA,,,NA
SLV,El Salvador,San Salvador,1898-11-21,,,,9999-12-31,None,13.68935,-89.18718,Central America,NA,NA,NA,NA,,,NA
SMR,San Marino,San Marino,0301-09-03,,,,9999-12-31,None,43.9367,12.4463,Southern Europe,NA,NA,"San Marino, officially the Republic of San Marino, is an enclaved micro state surrounded by Italy. San Marino is governed by the Constitution of San Marino (Leges Statutae Republicae Sancti Marini). As provided by law, the Grand and General Council has the power to ratify treaties with other countries. Also, the Congress of State collegially implements international policies, as well as international treaties and agreements concerning general international policies and matters relevant for the States security, without prejudice to the functions performed by the Great and General Council. In conformity with Art. 5 of Constitutional Law, the Captains Regent promulgate and order the publication of the decrees ratifying international treaties and agreements, following the decision by the Great and General Council, as well as the decrees adopted by the Congress of State in conformity with Article 3 bis, fifth paragraph of the Declaration on the Citizens Rights, which must be signed also by the Minister of Internal Affairs.",Unicameral Majority,,,http://www.sanmarino.sm/on-line/search.jsp?instance=43&channel=44000068&node=44003217&hitsPerPage=10&query=treaties&x=0&y=0
SOK,Sokoto,Sokoto,1804-02-04,,,,1903-03-30,,13.06092,5.23902,Western Africa,NA,NA,NA,NA,,,NA
SOM,Somalia,Mogadishu,1960-07-01,Independence,,,9999-12-31,None,2.03711,45.34375,Eastern Africa,Federal Republic of Somalia,NA,NA,Unicameral Majority,Evrard,,https://web.mfa.gov.so/independence-day/
SRB,Serbia and Montenegro,Belgrade,1992-04-27,Dissolution,1992-04-27,,2006-06-05,Dissolution,44.80401,20.46513,Southeastern Europe,Federal Republic of Yugoslavia,,,NA,,,
SRB,Serbia,Belgrade,2006-06-05,Independence,2006-06-05,2006-06-03,9999-12-31,None,44.80401,20.46513,Southeastern Europe,NA,NA,NA,NA,,,NA
SSD,South Sudan,Juba,2011-07-09,Secession,,,9999-12-31,None,4.85165,31.58247,Eastern Africa,NA,NA,"South Sudan, offcially known as the Republic of South Sudan gained its independence from the Republic of the Sudan in 2011. 2011 The Transition Constitution of The Republic of South Sudan indicates procedures of treaty ratification, i.e. functions of the National Legislative Assembly and the President. As provided by law, the President shall perform direct and supervise foreign policy and ratify treaties and international agreements. These presidential functions are limited to the approval of the National Legislatve Assembly.",Unicameral Majority,,,The Transition Constitution of the Republic of South Sudan 2011. Legislature: Art.57 (d); Executive: Art.101 (p). https://www.wipo.int/edocs/lexdocs/laws/en/ss/ss013en.pdf
STP,Sao Tome and Principe,Sao Tome,1975-07-12,Independence,1975-07-12,,9999-12-31,None,0.33654,6.72732,Western Africa,NA,NA,NA,NA,Evrard,,https://2009-2017.state.gov/outofdate/bgn/saotomeandprincipe/106168.htm
SUL,Sulu,Maimbung,1405-01-01,,,,1851-04-19,,5.9272,121.02935,Southeastern Asia,NA,NA,NA,NA,,,NA
SUR,Suriname,Paramaribo,1975-11-25,Independence,,,9999-12-31,None,5.86638,-55.16682,Southern America,NA,NA,NA,Unicameral Majority,Evrard,,https://history.state.gov/countries/suriname
SVK,Slovakia,Bratislava,1993-01-01,Independence,1993-01-01,,9999-12-31,None,48.14816,17.10674,Central Europe,NA,NA,NA,Unicameral Majority,Evrard,,https://history.state.gov/countries/slovakia
SVN,Slovenia,Ljubljana,1991-06-25,Independence,1991-06-25,,9999-12-31,None,46.05108,14.50513,Central Europe,NA,NA,NA,NA,,,NA
SWA,Swat,Saidu Sharif,1849-01-01,,,,1896-12-31,,34.7447,72.3546,Southern Asia,NA,NA,NA,NA,,Establishment of the Yusafzai State of Swat,NA
SWE,Sweden,Stockholm,1523-06-06,,,,9999-12-31,None,59.33258,18.0649,Northern Europe,NA,NA,NA,Unicameral Majority,,,NA
SWZ,Eswatini,Mbabane,1968-09-06,,,,9999-12-31,None,-26.31667,31.13333,Southern Africa,NA,NA,NA,NA,,,NA
SXA,Saxe-Altenburg,Altenburg,1603-01-01,,,,1867-07-01,,50.98763,12.43684,Central Europe,Saxe-Atenburg,NA,NA,NA,,,NA
SXG,Saxe-Coburg-Gotha,Coburg,1680-01-01,,,,1867-07-01,,50.25937,10.96384,Central Europe,NA,NA,NA,NA,,,NA
SXM,Saxe-Meiningen-Hidburghausen,Meiningen,1675-01-01,,,,1867-07-01,,50.56787,10.41521,Central Europe,NA,NA,NA,NA,,,NA
SXW,Saxe-Wiemar-Eisenach,Weimar,1484-01-01,,,,1867-07-01,,50.9803,11.32903,Central Europe,Saxe-Weimar-Eisenach,NA,NA,NA,,,NA
SYC,Seychelles,Victoria,1976-06-29,,,,9999-12-31,None,22.28552,114.15769,Eastern Africa,NA,NA,NA,NA,,,NA
SYR,Syrian Arab Republic,Damascus,1961-09-28,,,,9999-12-31,None,33.5102,36.29128,Western Asia,NA,NA,NA,NA,,,NA
TAH,Tahiti,Papeete,1788,Unification,NA,NA,1880,Colonisation,-17.5350,-149.569595,Oceania,NA,NA,NA,NA,Evrard,Papeete capital since 1847,https://www.cia.gov/the-world-factbook/about/archives/2023/countries/french-polynesia/
TBT,Tibet,Lhassa,1913-01-01,,,,1950-10-01,,29.65,91.1,Eastern Asia,NA,NA,NA,NA,,,NA
TCD,Chad,NDjamena,1960-08-11,,,,9999-12-31,None,12.10672,15.0444,Northern Africa,NA,NA,NA,NA,,,NA
TER,Terengganu,Kuala Terengganu,1724-01-01,,,,1862-12-31,,5.3302,103.1408,Southeastern Asia,NA,NA,NA,NA,,,NA
TEX,Texas,Colombia,1836-03-02,,,,1837-06-04,NA,4,-72,Northern America,NA,NA,NA,NA,,,NA
TEX,Texas,Houston,1837-06-05,,,,1839-01-13,NA,29.76328,-95.36327,Northern America,NA,NA,NA,NA,,,NA
TEX,Texas,Austin,1839-01-14,,,,1846-02-19,Unification?,30.26715,-97.74306,Northern America,NA,NA,NA,NA,,,NA
TGO,Togo,Lome,1956-08-30,Decolonisation,1960-04-27,,9999-12-31,None,6.13748,1.21227,Western Africa,NA,NA,NA,Unicameral Majority,Evrard,,https://2001-2009.state.gov/r/pa/ei/bgn/5430.htm
THA,Thailand,Bangkok,1238,,,,9999-12-31,None,13.75398,100.50144,Southeastern Asia,NA,NA,NA,NA,,,NA
TJK,Tajikistan,Dushanbe,1991-09-09,Declaration,,,9999-12-31,None,38.53575,68.77905,Central Asia,NA,NA,NA,Super-majority/Bicameral,Evrard,"Tajikistan declared its independence from the Soviet Union on September 9, 1991",https://uca.edu/politicalscience/home/research-projects/dadm-project/europerussiacentral-asia-region/tajikistan-1991-present/
TKL,Tokelau,Atafu,9999-12-31,,,,9999-12-31,None,-8.558,-172.496,Oceania,NA,NA,"The capacity of Tokelau to enter into treaties shall be exercised by the Council for the ongoing Government. Also, any treaty or other international agreement shall be approved by the General Fono by Rule. General Fono, which has the executive powers, consists of the following members; the Faipule and Pulenuku of each village, and one delegate from each village for every 100 inhabitants of that village, based on the latest available census figures rounded to the nearest 100 inhabitants. No decision shall be taken by the General Fono unless at least two thirds of the members are present, including no fewer than four members from each village. Considering the members of the executive and the legislature, it can be coded as plebiscite.",Referendum,,,"Constitution of Tokelau, 1948. 5, (2); (3); (4). http://aceproject.org/ero-en/regions/pacific/TK/tokelau-constitution/at_download/file"
TKM,Turkmenistan,Ashgabat,1991-10-27,,,,9999-12-31,None,37.95,58.38333,Central Asia,NA,NA,NA,NA,,,NA
TLS,Timor-Leste,Dili,2002-05-20,,,,9999-12-31,None,-8.55861,125.57361,Southeastern Asia,NA,NA,"The Constitution of the Democratic Republic of East Timor is decreed on the 22nd of March 2002. It defines the competencies of the National Parliament, the President of the Republic, and the Government in terms of treaty ratification. As provided by the law, the approval of the agreements and the ratification is incumbent upon the National Parliament.",Unicameral Majority,,,"Constitution of the Democratic Republic of Timor-Leste. Legislature: Chapter II, Section 95, 1 and 3; Executive: Chapter III, Section 115, 1. http://timor-leste.gov.tl/wp-content/uploads/2010/03/Constitution_RDTL_ENG.pdf"
TOK,Tokolor,Segou,1848-01-01,,,,1893-12-31,,13.6,-5.9,Western Africa,NA,NA,NA,NA,,,NA
TON,Tonga,Nuku’alofa,1970-06-04,,,,9999-12-31,None,-21.13938,-175.2018,Oceania,Kingdom of Tonga,NA,NA,NA,,,NA
TRA,Transvaal,Pretoria,1852-01-17,,,,1902-05-31,,-25.74486,28.18783,Southern Africa,NA,NA,NA,NA,,,NA
TTO,Trinidad and Tobago,Port-of-Spain,1962-08-31,,,,9999-12-31,None,10.66617,-61.51657,Caribbean America,NA,NA,NA,NA,,,NA
TUN,Tunisia,Tunis,1956-03-20,,,,9999-12-31,None,34,9,Northern Africa,NA,NA,NA,NA,,,NA
TUR,Turkiye,Ankara,1923-10-29,,,,9999-12-31,None,39.91987,32.85427,Western Asia,Turkey,NA,NA,NA,,,NA
TUS,Tuscany,Florence,1569-08-27,,,,1801-03-21,Annexation?,43.76667,11.25,Southern Europe,NA,NA,NA,NA,,,NA
TUS,Tuscany,Florence,1815-06-09,,,,1859-12-08,Unification,43.76667,11.25,Southern Europe,NA,NA,NA,NA,,Until merged into United Provinces of Central Italy,NA
TUV,Tuvalu,Fongafale,1978-10-01,,,,9999-12-31,None,-8.52425,179.19417,Oceania,NA,NA,"Tuvalu is a sovereign democratic State, governed in accordance with the Constitution and in particular in accordance with the Principles set out in the Preamble. The powers and duties of treaty ratification are not explicitly mentioned in the Constitution. However, it can be deduced from the Constitution, implementing any international agreement binding on Tuvalu and approved by Parliament by resolution (Part I, Division I, 2. The area of Tuvalu (3)).",Unicameral Majority,,,"The Constitution of Tuvalu. Part I, Division I, 2. The area of Tuvalu (3). http://www.tuvaluislands.com/const_tuvalu.htm"
TWN,Taiwan,Taipei,1945-10-25,,,,9999-12-31,None,25.04776,121.53185,Eastern Asia,"Republic of China, Chinese Taipei",NA,"A unitary semi-presidential constitutional republic. The ROC has its own constitution, independently elected president and arms forces. As provided by the Constitution of 1947, amended in 2005, the President, the Executive Yuan (a Council of the Executive Yuan), and the Legislative Yuan shall have the power to decide international treaties.",Unicameral Majority,,,"Taiwan (Republic of China)s Constitution of 1947 with amendment through 2005. Chap. IV, Art. 38; Chap. V, Art. 58; Chap. VI, Art. 63; Chap XIII, Section 2, Art. 141. https://www.constituteproject.org/constitution/Taiwan_2005.pdf?lang=en"
TZA,Tanzania,Dar es Salaam,1963-12-10,,,,9999-12-31,None,-6.82349,39.26951,Eastern Africa,United Republic of Tanzania,NA,NA,NA,,,NA
UGA,Buganda,Kampala,1300-01-01,,,,1884-06-18,,0.31628,32.58219,Eastern Africa,NA,NA,NA,NA,,Approximation. Kingdom founded by Kato Kintu,NA
UKR,Ukrainian SSR,Kiev,1919-03-10,,,,1991-08-19,,50.45466,30.5238,Eastern Europe,NA,NA,NA,NA,,,NA
UKR,Ukraine,Kiev,1991-12-08,,,,9999-12-31,None,50.45466,30.5238,Eastern Europe,NA,NA,NA,NA,,,NA
UPC,Federal Provinces of Central America,Guatemala,1823-07-01,,,,1839-04-17,Dissolution?,15.5,-90.25,Central America,United Provinces of Central America,NA,NA,NA,,,NA
UPR,Mewar,Chittorgarh,1326-01-01,,,,1568-02-23,Annexation?,24.5,74.5,Southern Asia,NA,NA,NA,NA,,,NA
UPR,Mewar,Udaipur,1568-02-24,,,,1818-01-13,Colonisation?,24.57117,73.69183,Southern Asia,NA,NA,NA,NA,,,NA
UPR,Udaipur,Udaipur,1615-01-01,,,,1817-12-31,Colonisation?,24.57117,73.69183,Southern Asia,NA,NA,NA,NA,,Mughal suzerainty over Mewar,NA
URY,Uruguay,Montevideo,1828-08-27,Other,1828-08-27,,9999-12-31,None,-34.83346,-56.16735,Southern America,NA,NA,NA,Super-majority/Bicameral,,Treaty of Montevideo,https://history.state.gov/countries/uruguay
USA,United States of America,Washington DC,1776-07-04,,,,9999-12-31,None,38.895112,-77.036366,Northern America,NA,NA,NA,NA,,,NA
UZB,Uzbekistan,Tashkent,1991-09-01,,,,9999-12-31,None,41.26465,69.21627,Central Asia,NA,NA,NA,NA,,,NA
VAT,Papal States,Rome,1849-07-02,,,,1870-09-20,,41.89474,12.4839,Southern Europe,NA,NA,NA,NA,,Until the capture of Rome,NA
VCT,St. Vincent and the Grenadines,Saint-Pierre,1979-10-27,,,,9999-12-31,None,-21.3393,55.47811,Caribbean America,NA,NA,NA,NA,,,NA
VEN,Venezuela,Caracas,1811-07-05,Other,1811-07-05,,9999-12-31,None,10.48801,-66.87919,Southern America,Bolivarian Republic of Venezuela,NA,NA,Unicameral Majority,,Revolution,https://research.kent.ac.uk/warandnation/1811-miranda-declares-independence-in-venezuela-and-civil-war-begins/
VNM,Viet Nam,Hanoi,1954-12-29,,,,9999-12-31,None,21.0245,105.84117,Southeastern Asia,NA,NA,NA,NA,,,NA
VUT,Vanuatu,Port-Vila,1980-06-30,,,,9999-12-31,None,-17.73381,168.32188,Oceania,NA,NA,NA,NA,,,NA
WAD,Wadai,Ouara,1603-01-01,,,,1890-12-31,,15.55834,-9.06186,Central Africa,NA,NA,NA,NA,,,NA
WAD,Wadai,Abeche,1891-01-01,,,,1911-12-31,,13.82916,20.8324,Central Africa,NA,NA,NA,NA,,,NA
WRT,Wuerttemberg,Stuttgart,1806-12-26,,,,1866,Unification,48.78232,9.17702,Central Europe,Kingdom of Wuerttemberg,NA,NA,NA,,,NA
WSM,Samoa,Apia,1962-01-01,,,,9999-12-31,None,-13.83333,-171.76666,Oceania,NA,NA,NA,NA,,,http://extwprlegs1.fao.org/docs/pdf/sam132838.pdf
YAR,Yemen Arab Republic,Sanaa,1918-11-11,,,,1990-05-21,,15.35472,44.20667,Western Asia,NA,NA,NA,NA,,,NA
YEK,Yeke Kingdom,Bunkeya,1880-01-01,,,,1891-12-20,,-9.96667,26.93333,Central Africa,NA,NA,NA,NA,,,NA
YEM,Yemen,Sana'a,1990-05-22,,,,9999-12-31,None,15.35472,44.20667,Western Asia,NA,NA,NA,NA,,,NA
YPR,Yemen Peoples Republic,Aden,1967-11-30,,,,1990-05-21,Unification,12.77944,45.03667,Western Asia,Yemen Peoplea€™s Republic,NA,NA,NA,,,NA
YUG,Yugoslavia,Belgrade,1878-07-13,,,,1941-04-20,,44.80401,20.46513,Southeastern Europe,NA,NA,Constitution of the Federal Republic of Yugoslavia affirms that International treaties which have been ratified shall be a constituent part of the internal legal order. The powers and duties of treaty ratification belong to Federal Assembly and the President of the Republic.,Unicameral Majority,,,"Constitution of the Federal Republic of Yugoslavia, April, 1992. Basic Provisions: Section I, Art. 16; Legislature: Section V, 1, Art. 78 (4); Executive: Section V, 2, Art. 96 (2). http://www.worldstatesmen.org/Yugoslav_Const_1992.htm"
YUG,Yugoslavia,Belgrade,1944-10-20,,,,1992-05-22,Dissolution,44.80401,20.46513,Southeastern Europe,NA,NA,Constitution of the Federal Republic of Yugoslavia affirms that International treaties which have been ratified shall be a constituent part of the internal legal order. The powers and duties of treaty ratification belong to Federal Assembly and the President of the Republic.,Unicameral Majority,,,"Constitution of the Federal Republic of Yugoslavia, April, 1992. Basic Provisions: Section I, Art. 16; Legislature: Section V, 1, Art. 78 (4); Executive: Section V, 2, Art. 96 (2). http://www.worldstatesmen.org/Yugoslav_Const_1992.htm"
ZAF,South Africa,Pretoria,1910-05-31,,,,9999-12-31,None,-25.74486,28.18783,Southern Africa,NA,NA,NA,NA,,,NA
ZIN,Zinder,Zinder,1851-01-01,,,,1889-07-30,,13.80716,8.9881,Western Africa,Damagram,NA,NA,NA,,,NA
ZMB,Zambia,Lusaka,1976-06-29,,,,9999-12-31,None,-15.40669,28.28713,Southern Africa,NA,NA,NA,NA,,,NA
ZUL,Zululand,Bulawayo,1817-01-01,,,,1828-12-31,Revolution?,-20.15,28.58333,Southern Africa,NA,NA,NA,NA,,Beginning of centralization under the reign of Shaka,NA
ZUL,Zululand,Makhosini,1829-01-01,,,,1840-01-28,Revolution?,-29.18951,29.55959,Southern Africa,NA,NA,NA,NA,,,NA
ZUL,Zululand,Ulundi,1840-01-29,,,,1879-07-04,,-28.33523,31.41617,Southern Africa,NA,NA,NA,NA,,,NA
ZWE,Zimbabwe,Harare,1980-04-18,,,,9999-12-31,None,-17.82772,31.05337,Southern Africa,NA,NA,NA,NA,,,NA