COWNum,COWID,StateName,OtherName,ISD_Category,Region,Start,Start_Am,EStart,EStart_Am,Declare,DecDate,Population,PopDate,PopAm,PopulationHigh,PopulationLow,StartType,StartType_Am,StartSettle,End,End_Am,EndType,EndType_Am,EndSettle,Sovereignty_Am,EuroDip,Borders,Borders_Am,Latitude,Longitude,Capital,VioStart,VioStart_Am,VioEnd,VioEnd_Am,DestinationA,DestinationB,DestinationC,DestinationD,DestinationE,DestinationF,DestinationG,DestinationH,DestinationI,DestinationJ,DestinationK,DestinationL,DestinationM,DestinationN,DestinationO,DestinationP,DestinationQ,DestinationR,DestinationS,DestinationT,DestinationU
4741,ABJ,Abuja Emirate,Suleja Emirate,3,1,1828-01-01,1,-9,-9,0,-9,-9,1952,1,70000,-9,1,0,0,1902-12-31,0,1,0,0,0,-9,0,1,9 4 0 N,7 29 0 E,Abuja,0,0,1,0,475,,,,,,,,,,,,,,,,,,,,
8531,ACH,Aceh,Atjeh Acheh,1,3,1816-01-01,0,1514,0,1,-9,180000,1620,0,200000,160000,2,0,0,1874-12-31,0,1,0,0,0,1,0,1,5 33 0 N,95 19 3 E,Kutaraja/Banda Aceh,-9,-9,1,0,850,,,,,,,,,,,,,,,,,,,,
4752,ADA,Adamawa,Adamawa Emirate Fombina Gongola,3,1,1841-01-01,0,-9,-9,0,-9,3000000,1882,0,-9,-9,2,0,0,1893-11-14,0,1,0,1,0,1,0,1,9 13 48 N,12 27 36 E,Yola,1,0,1,0,475,,,,,,,,,,,,,,,,,,,,
700,AFG,Afghanistan,"(of the) Durranis, Durrani Empire, Kingdom of Kabul, of Caboul",1,2,1816-01-01,0,1747,0,0,-9,4004000,1876,0,5120000,4000000,2,1,0,1879-05-01,0,1,0,1,1,1,1,1,34 31 31 N,69 10 42 E,Kabul,1,0,1,0,700,,,,,,,,,,,,,,,,,,,,
700,AFG,Afghanistan,-9,1,2,1919-08-08,0,-9,-9,0,-9,7000000,1930,0,-9,-9,5,0,1,2016-12-31,0,-9,-9,-9,0,1,1,0,34 31 31 N,69 10 42 E,Kabul,1,0,-9,-9,700,,,,,,,,,,,,,,,,,,,,
339,ALB,Albania,-9,1,5,1913-07-29,1,-9,-9,1,28-11-1912,524217,1918,0,900000,-9,2,0,1,1939-04-09,0,2,0,-9,0,1,1,1,41 19 44 N,19 49 4 E,Tirana,1,1,1,0,339,,,,,,,,,,,,,,,,,,,,
339,ALB,Albania,-9,1,5,1944-11-17,0,-9,-9,-9,-9,-9,-9,-9,-9,-9,-9,-9,-9,2016-12-31,0,-9,-9,-9,0,-9,-9,-9,-9,-9,,-9,-9,-9,-9,,,,,,,,,,,,,,,,,,,,,
615,ALG,Algeria,-9,2,1,1816-01-01,0,1525,1,0,-9,2000000,1825,0,3500000,-9,2,0,0,1847-12-21,0,2,0,1,0,1,1,0,36 45 14 N,3 3 32 E,Algiers,1,0,1,0,615,,,,,,,,,,,,,,,,,,,,
615,ALG,Algeria,-9,1,1,1962-07-05,0,-9,-9,-9,-9,-9,-9,-9,-9,-9,-9,-9,-9,2016-12-31,0,-9,-9,-9,0,-9,-9,-9,-9,-9,,-9,-9,-9,-9,,,,,,,,,,,,,,,,,,,,,
232,AND,Andorra,-9,1,5,1993-07-28,0,-9,-9,-9,-9,-9,-9,-9,-9,-9,-9,-9,-9,2016-12-31,0,-9,-9,-9,0,-9,-9,-9,-9,-9,,-9,-9,-9,-9,,,,,,,,,,,,,,,,,,,,,
540,ANG,Angola,-9,1,1,1975-11-11,0,-9,-9,-9,-9,-9,-9,-9,-9,-9,-9,-9,-9,2016-12-31,0,-9,-9,-9,0,-9,-9,-9,-9,-9,,-9,-9,-9,-9,,,,,,,,,,,,,,,,,,,,,
243,AHB,Anhalt-Bernburg,-9,3,5,1816-01-01,0,1815,1,-9,-9,37046,1816,0,43860,37046,2,1,1,1863-08-22,1,3,0,0,0,1,-9,1,51 48 0 N,11 44 0 E,Bernburg,0,1,0,0,255,265,,,,,,,,,,,,,,,,,,,
241,ANH,Anhalt-Dessau,Anhalt,3,5,1816-01-01,0,1815,1,-9,-9,52947,1816,0,114850,-9,2,1,1,1866-08-18,0,3,0,1,0,1,1,1,51 50 00 N,12 15 0 E,Dessau,0,1,0,0,255,265,,,,,,,,,,,,,,,,,,,
242,AHK,Anhalt-Kothen,"Anhalt-Cothen, Anhalt-Coethen, Anhalt-K??then",3,5,1816-01-01,0,1815,1,-9,-9,32454,1816,0,36000,32454,2,1,1,1847-11-23,0,3,0,1,0,1,-9,1,51 45 0 N,11 55 0 E,Köthen,0,1,0,0,255,265,,,,,,,,,,,,,,,,,,,
5813,ANJ,Anjouan,"Ndzuwani, Johanna",3,1,1816-01-01,0,1500,1,0,-9,30000,1750,1,-9,-9,1,0,0,1886-12-31,1,1,0,1,0,1,1,0,12 10 0 S,44 24 0 E,,-9,-9,-9,1,581,,,,,,,,,,,,,,,,,,,,
5002,ANK,Ankole,Nkore Kimgdom,3,1,1816-01-01,0,1700,1,0,-9,100000,1950,0,25000,25000,2,0,0,1898-12-31,0,1,0,1,0,1,0,0,0 36 36.4 S,30 38 27.2 E,,1,0,1,0,500,,,,,,,,,,,,,,,,,,,,
8152,ANM,Annam,Vietnam,2,3,1816-01-01,0,1802,1,1,01-01-1802,10000000,1875,0,10000000,4000000,4,0,0,1885-01-01,0,1,0,1,0,1,0,1,16 28 00 N,107 34 45 E,Hue,1,0,1,0,816,817,,,,,,,,,,,,,,,,,,,
58,AAB,Antigua & Barbuda,-9,1,4,1981-11-01,0,-9,-9,-9,-9,-9,-9,-9,-9,-9,-9,-9,-9,2016-12-31,0,-9,-9,-9,0,-9,-9,-9,-9,-9,,-9,-9,-9,-9,,,,,,,,,,,,,,,,,,,,,
160,ARG,Argentina,1,1,4,1816-07-09,1,-9,-9,1,09-07-1816,534'000,1820,0,-9,-9,5,0,0,2016-12-31,0,-9,-9,-9,0,1,1,0,34 36 12 S,58 22 54 W,Buenos Aires,1,0,-9,-9,160,165,,,,,,,,,,,,,,,,,,,
371,ARM,Armenia,-9,1,5,1991-12-26,0,-9,-9,-9,-9,-9,-9,-9,-9,-9,-9,-9,-9,2016-12-31,0,-9,-9,-9,0,-9,-9,-9,-9,-9,,-9,-9,-9,-9,,,,,,,,,,,,,,,,,,,,,
4797,ARO,Aro Confederacy,Arochukwu,3,1,1816-01-01,0,1690,1,0,-9,-9,-9,1,-9,-9,1,0,0,1902-01-31,0,1,0,0,0,1,0,1,5 23 0 N,7 55 0 E,Arochukwu,1,0,1,0,475,,,,,,,,,,,,,,,,,,,,
8562,AHN,Asahan,Assahan As<c3><a4>an,3,3,1816-01-01,0,1763,1,-9,-9,70000,1826,0,-9,-9,2,1,-9,1865-01-01,0,1,0,1,1,1,0,1,2 58 12 N,99 48 0 E,Tanjungbalai,1,1,1,0,850,,,,,,,,,,,,,,,,,,,,
4521,AST,Ashanti,Asante Empire,1,1,1816-01-01,0,1690,1,0,-9,500000,1800,0,3000000,349000,1,1,0,1896-01-17,0,1,0,0,0,1,1,1,6 41 45.1 N,1 36 51.8 W,Kumasi,1,1,1,0,452,,,,,,,,,,,,,,,,,,,,
672,ASI,Asir,"Idrisid Emirate of Asir, Aseeri, Asaryah, Idrissi, Himyari ",1,6,1917-08-03,0,-9,-9,1,3-8-1917,100000,1915,1,-9,-9,2,0,1,1926-10-21,0,2,0,1,1,1,1,0,18 15 14.4 N,42 30 40.8 E,Abha,1,0,1,0,670,,,,,,,,,,,,,,,,,,,,
672,ASI,Asir,-9,1,6,1818-01-01,0,-9,-9,-9,-9,-9,-9,-9,-9,-9,-9,-9,-9,1872-04-30,0,-9,-9,-9,0,-9,-9,-9,18 15 14.4 N,42 30 40.8 E,Abha,-9,-9,-9,-9,670,,,,,,,,,,,,,,,,,,,,
7572,ASA,Assam,"Kamarupa, Pragjyotisha, Ahome",2,2,1816-01-01,0,1682,1,-9,-9,799519,1835,0,-9,-9,2,1,0,1821-04-19,0,2,0,0,1,1,0,1,26 55 59 N,94 44 53 E,,1,1,1,0,750,,,,,,,,,,,,,,,,,,,,
900,AUL,Australia,-9,1,3,1920-01-10,0,-9,-9,0,-9,5'358'000,1920,0,-9,-9,5,0,1,2016-12-31,0,-9,-9,-9,0,1,1,0,35 17 35 S,149 7 37 E,Canberra,0,0,-9,-9,900,,,,,,,,,,,,,,,,,,,,
305,AUS,Austria,-9,1,5,1918-11-11,0,-9,-9,1,30-10-1918,6'455'000,1920,0,-9,-9,3,0,1,1938-03-12,0,2,0,0,0,1,1,0,48 12 0 N,16 22 0 E,Vienna,1,0,0,0,305,,,,,,,,,,,,,,,,,,,,
305,AUS,Austria,-9,1,5,1955-07-27,0,-9,-9,-9,-9,-9,-9,-9,-9,-9,-9,-9,-9,2016-12-31,0,-9,-9,-9,0,-9,-9,-9,-9,-9,,-9,-9,-9,-9,,,,,,,,,,,,,,,,,,,,,
300,AUH,Austria-Hungary,Hapsburg empire,1,5,1816-01-01,0,1556,-9,0,-9,35762000,1869,0,-9,-9,4,0,1,1918-11-11,0,4,0,1,0,1,1,0,48 12 0 N,16 22 0 E,Vienna,0,0,1,0,305,310,316,317,349,344,346,290,369,360,345,341,325,,,,,,,,
4908,AZA,Azanda,"Zande Kingdom, Bakuba, Bushongo",2,1,1816-01-01,0,1750,1,0,-9,1200000,1895,0,2000000,750000,1,1,0,1896-01-17,1,1,0,0,0,1,0,1,5 36 45.2 N,28 19 45.3 E,,1,0,1,0,490,625,482,626,,,,,,,,,,,,,,,,,
373,AZE,Azerbaijan,-9,1,2,1991-12-26,0,-9,-9,-9,-9,-9,-9,-9,-9,-9,-9,-9,-9,2016-12-31,0,-9,-9,-9,0,-9,-9,-9,-9,-9,,-9,-9,-9,-9,,,,,,,,,,,,,,,,,,,,,
267,BAD,Baden,-9,1,5,1816-01-01,0,1815,1,-9,-9,1005899,1816,0,-9,-9,2,0,1,1871-01-18,1,3,1,1,0,1,-9,1,49 0 33.16 N,8 24 14.23 E,Karlsruhe,0,1,0,0,255,260,,,,,,,,,,,,,,,,,,,
8563,BDG,Badung,Bandanapura Badong,3,3,1816-01-01,0,1704,0,-9,-9,100000,1837,0,-9,-9,3,0,-9,1906-12-31,0,1,0,0,1,1,0,1,8 36 10 S,115 10 43 E,,0,1,0,1,850,,,,,,,,,,,,,,,,,,,,
4831,BGI,Bagirmi,Baguirmi,3,1,1816-01-01,0,1522,1,0,-9,100000,1903,0,-9,15000,1,0,0,1897-12-31,0,1,0,1,1,1,0,1,11 24 0 N,16 10 0 E,Massenya,1,0,1,0,483,,,,,,,,,,,,,,,,,,,,
31,BHM,Bahamas,-9,1,4,1973-07-10,0,-9,-9,-9,-9,-9,-9,-9,-9,-9,-9,-9,-9,2016-12-31,0,-9,-9,-9,0,-9,-9,-9,-9,-9,,-9,-9,-9,-9,,,,,,,,,,,,,,,,,,,,,
7694,BPR,Bahawalpur,"Bahawulpoor, Chudhary",1,2,1816-01-01,0,1739,1,0,-9,650042,1891,0,-9,573494,2,1,1,1838-10-22,0,1,0,1,0,1,0,1,29 23 44 N,71 41 1 E,Bahawalpur,1,1,1,1,770,,,,,,,,,,,,,,,,,,,,
692,BAH,Bahrain,-9,1,6,1971-08-15,0,-9,-9,-9,-9,-9,-9,-9,-9,-9,-9,-9,-9,2016-12-31,0,-9,-9,-9,0,-9,-9,-9,-9,-9,,-9,-9,-9,-9,,,,,,,,,,,,,,,,,,,,,
4711,BMN,Bamum,"Bamoun, Kingdom of Bamun, Bamum",,1,1816-01-01,0,1390,1,0,-9,10000,1900,1,-9,-9,1,0,0,1884-12-31,1,1,0,-9,0,0,0,0,5 43 0 N,10 55 0 E,Foumban,1,0,0,0,471,,,,,,,,,,,,,,,,,,,,
771,BNG,Bangladesh,-9,1,2,1972-12-16,0,-9,-9,-9,-9,-9,-9,-9,-9,-9,-9,-9,-9,2016-12-31,0,-9,-9,-9,0,-9,-9,-9,-9,-9,,-9,-9,-9,-9,,,,,,,,,,,,,,,,,,,,,
8573,BPR,Bangli,Tanah Bali,3,3,1837-01-01,1,-9,-9,-9,-9,30000,1856,1,-9,-9,3,0,-9,1909-12-31,0,1,0,1,0,-9,0,0,8 26 30.58 S,115 21 35.65 E,,1,1,0,0,850,,,,,,,,,,,,,,,,,,,,
53,BAR,Barbados,-9,1,4,1966-11-30,0,-9,-9,-9,-9,-9,-9,-9,-9,-9,-9,-9,-9,2016-12-31,0,-9,-9,-9,0,-9,-9,-9,-9,-9,,-9,-9,-9,-9,,,,,,,,,,,,,,,,,,,,,
245,BAV,Bavaria,Bayern,1,5,1816-01-01,0,1815,1,-9,-9,13560000,1816,0,-9,-9,2,1,1,1871-01-18,1,3,1,1,0,1,-9,1,48 8 0 N,11 34 0 E,Munich,0,1,0,1,255,260,,,,,,,,,,,,,,,,,,,
5301,BGM,Begemder,Bagemder,2,1,1816-01-01,0,1775,1,0,-9,-9,-9,0,-9,-9,2,0,0,1855-12-31,1,2,0,0,1,1,1,1,11 51 00 N,38 01 00 E,Dabra Tabor,-9,-9,1,0,530,,,,,,,,,,,,,,,,,,,,
370,BLR,Belarus,-9,1,5,1991-12-26,0,-9,-9,-9,-9,-9,-9,-9,-9,-9,-9,-9,-9,2016-12-31,0,-9,-9,-9,0,-9,-9,-9,-9,-9,,-9,-9,-9,-9,,,,,,,,,,,,,,,,,,,,,
211,BEL,Belgium,-9,1,5,1830-12-20,0,-9,-9,1,04-10-1830,3786000,1831,0,-9,-9,2,0,1,1940-05-28,0,2,0,0,0,1,1,1,50 51 0 N,4 21 0 E,Brussels,1,0,1,0,211,,,,,,,,,,,,,,,,,,,,
211,BEL,Belgium,-9,1,5,1945-06-26,0,-9,-9,-9,-9,-9,-9,-9,-9,-9,-9,-9,-9,2016-12-31,0,-9,-9,-9,0,-9,-9,-9,-9,-9,,-9,-9,-9,-9,,,,,,,,,,,,,,,,,,,,,
80,BLZ,Belize,-9,1,3,1981-09-21,0,-9,-9,-9,-9,-9,-9,-9,-9,-9,-9,-9,-9,2016-12-31,0,-9,-9,-9,0,-9,-9,-9,-9,-9,,-9,-9,-9,-9,,,,,,,,,,,,,,,,,,,,,
434,BEN,Benin,-9,1,1,1960-08-01,0,-9,-9,-9,-9,-9,-9,-9,-9,-9,-9,-9,-9,2016-12-31,0,-9,-9,-9,0,-9,-9,-9,-9,-9,,-9,-9,-9,-9,,,,,,,,,,,,,,,,,,,,,
4776,BNE,Benin Empire,Benin Kingdom,3,1,1816-01-01,0,1473,1,0,-9,1500000,1834,0,-9,1500000,1,0,0,1897-02-17,0,1,0,0,0,1,0,0,6 20 05.8 N,5 37 03.9 E,Edo,1,0,1,0,475,,,,,,,,,,,,,,,,,,,,
8543,BNJ,Benjermassin,Banjarmasin Banjar,1,3,1816-01-01,0,1661,1,0,-9,120000,1846,0,120000,40000,2,0,0,1860-12-31,0,1,0,0,1,1,0,1,3 32 0 S,114 38 0 E,,0,1,1,0,850,,,,,,,,,,,,,,,,,,,,
7589,BHT,Bharatpur,"Lohagarh, Mewat",2,2,1816-01-01,0,1772,0,0,-9,645540,1881,0,645540,626665,2,1,1,1826-12-31,0,1,0,0,1,1,0,1,27 13 12 N,77 28 48 E,Bharatpur,1,1,1,0,750,,,,,,,,,,,,,,,,,,,,
7533,BHP,Bhopal,"Bopaul, Bhopaul",1,2,1816-01-01,0,1723,1,0,-9,663656,1875,0,952486,663656,2,0,0,1817-12-23,0,1,0,1,1,1,0,1,23 15 0 N,77 25 0 E,Bhopal,1,1,0,1,750,,,,,,,,,,,,,,,,,,,,
760,BHU,Bhutan,"Bootan, Boutan",1,2,1816-01-01,0,1651,1,0,-9,468750,1795,0,930614,468750,1,1,0,1910-12-31,1,1,0,1,1,1,1,1,27 28 20 N,89 38 10 E,Thimpu,1,0,0,0,760,,,,,,,,,,,,,,,,,,,,
760,BHU,Bhutan,-9,1,2,1971-09-21,0,-9,-9,-9,-9,-9,-9,-9,-9,-9,-9,-9,-9,2016-12-31,0,-9,-9,-9,0,-9,-9,-9,-9,-9,,-9,-9,-9,-9,,,,,,,,,,,,,,,,,,,,,
7511,BIK,Bikaner,"Bicanere, Bikanir",1,2,1816-01-01,0,1709,1,0,-9,539000,1875,0,539000,509021,2,1,0,1818-03-09,0,1,0,1,1,1,0,1,28 1 0 N,73 18 43 E,Bikaner,1,1,1,0,750,,,,,,,,,,,,,,,,,,,,
8402,BOH,Bohol,-9,3,3,1816-01-01,0,1200,1,0,-9,253103,1879,0,253103,-9,-9,1,0,1829-08-31,1,1,0,0,1,1,0,1,9 54 0 N,124 12 0 E,,-9,1,1,0,840,,,,,,,,,,,,,,,,,,,,
145,BOL,Bolivia,-9,1,4,1825-08-06,1,-9,-9,1,06-08-1825,1107000,1825,0,1107000,-9,2,0,-9,1836-10-27,1,3,1,-9,0,1,-9,1,16 30 0 S,68 9 0 W,La Paz,-9,1,0,1,145,,,,,,,,,,,,,,,,,,,,
145,BOL,Bolivia,0,1,4,1839-01-20,1,-9,-9,0,-9,1'374'000,1850,0,-9,-9,3,0,0,2016-12-31,0,-9,-9,-9,0,1,1,0,16 30 0 S,68 9 0 W,La Paz,1,0,-9,-9,145,,,,,,,,,,,,,,,,,,,,
8552,BON,Bone,-9,3,3,1816-01-01,0,1300,1,0,-9,10000,1961,1,5076000,-9,2,0,0,1905-12-31,0,1,1,0,0,1,-9,1,4 32 19 S,120 19 47 E,Boni (Watampone),-9,1,1,0,850,,,,,,,,,,,,,,,,,,,,
4798,BRG,Borgu,Borgu Kingdom,3,1,1816-01-01,0,1790,0,0,-9,40000,1905,0,40000,27969,1,0,0,1898-12-31,0,1,0,1,0,1,0,0,9 53 0 N,4 31 0 E,New Bussa,1,0,0,1,434,475,,,,,,,,,,,,,,,,,,,
346,BOS,Bosnia and Herzegovina,-9,1,5,1992-04-07,0,-9,-9,-9,-9,-9,-9,-9,-9,-9,-9,-9,-9,2016-12-31,0,-9,-9,-9,0,-9,-9,-9,-9,-9,,-9,-9,-9,-9,,,,,,,,,,,,,,,,,,,,,
571,BOT,Botswana,-9,1,1,1966-09-30,0,-9,-9,-9,-9,-9,-9,-9,-9,-9,-9,-9,-9,2016-12-31,0,-9,-9,-9,0,-9,-9,-9,-9,-9,,-9,-9,-9,-9,,,,,,,,,,,,,,,,,,,,,
4352,BRK,Brakna,-9,3,1,1816-01-01,1,1700,0,0,-9,615000,1848,0,-9,-9,1,1,0,1905-12-31,0,1,0,1,0,1,0,1,17 3 0 N,13 55 0 W,,1,0,0,0,435,,,,,,,,,,,,,,,,,,,,
140,BRA,Brazil,0,1,4,1822-09-07,0,-9,-9,1,07-09-1822,4'507'000,1820,0,-9,-9,5,0,1,2016-12-31,0,-9,-9,-9,0,1,1,0,15 47 0 S,47 52 0 W,Brasilia,0,0,-9,-9,140,,,,,,,,,,,,,,,,,,,,
246,BRE,Bremen,-9,2,5,1816-01-01,0,1815,1,1,01-01-1816,37000,1816,0,104006,37000,2,1,1,1866-08-18,1,3,0,1,0,1,1,1,53 4 33 N,8 48 27 E,Bremen,0,0,0,0,255,260,,,,,,,,,,,,,,,,,,,
835,BRU,Brunei,-9,1,3,1816-01-01,0,1450,1,0,-9,10000,1930,1,10000,-9,1,1,0,1888-09-17,0,1,1,0,0,1,0,0,4 53 25 N,114 56 32 E,Bandar Seri Begawan,-9,1,0,0,835,,,,,,,,,,,,,,,,,,,,
835,BRU,Brunei,-9,1,3,1984-01-01,0,-9,-9,-9,-9,-9,-9,-9,-9,-9,-9,-9,-9,2016-12-31,0,-9,-9,-9,0,-9,-9,-9,-9,-9,,-9,-9,-9,-9,,,,,,,,,,,,,,,,,,,,,
244,BRU,Brunswick,-9,3,5,1816-01-01,0,1815,0,0,-9,225273,1816,0,245783,209600,2,0,1,1866-08-18,1,3,0,1,0,1,1,0,52 16 0 N,10 31 0 E,Braunschweig,1,1,0,0,255,260,,,,,,,,,,,,,,,,,,,
5001,BUG,Buganda,Ganda Kingdom,2,1,1816-01-01,0,1700,1,-9,-9,750000,1875,0,1000000,-9,1,0,-9,1893-03-29,0,1,0,1,0,1,0,1,0 19 23.0 N,32 34 56.5 E,Mengo,1,1,1,1,500,,,,,,,,,,,,,,,,,,,,
7020,BUK,Bukhara,"Bokhara, Khanate of Bokhara, Samarkand",1,2,1816-01-01,0,1511,0,0,-9,2000000,1885,0,3000000,2000000,2,1,0,1868-06-18,1,2,0,1,0,1,0,1,39 46 0 N,64 26 0 E,Bukhara,1,1,1,0,704,365,702,701,,,,,,,,,,,,,,,,,
8560,BUE,Buleleng,Baliling,3,3,1816-01-01,0,1806,1,0,-9,70000,1873,0,-9,-9,2,1,0,1849-12-31,1,1,0,1,1,1,0,0,8 12 0 S,114 57 0 E,,0,1,1,0,850,,,,,,,,,,,,,,,,,,,,
355,BUL,Bulgaria,-9,2,5,1908-10-05,1,-9,-9,1,05-10-1908,4221119,1909,0,-9,2007919,2,0,1,2016-12-31,0,-9,-9,-9,0,1,1,0,42 42 0 N,23 20 0 E,Sofia,1,1,-9,-9,355,,,,,,,,,,,,,,,,,,,,
8566,BUL,Bulungan,-9,3,3,1816-01-01,0,1800,1,0,-9,40000,1924,1,-9,-9,2,0,-9,1885-12-31,1,1,0,1,0,1,0,0,2 51 0 N,117 23 0 E,,-9,-9,0,0,850,,,,,,,,,,,,,,,,,,,,
5003,BUN,Bunyoro,"Bunyoro-Kitara, Nyoro Kingdom",3,1,1816-01-01,0,1500,0,0,-9,2000000,1893,0,2500000,100000,3,0,0,1893-12-31,0,1,0,0,0,1,0,0,0 24 01.4 N,30 59 00.1 E,Hoima,1,0,1,0,500,,,,,,,,,,,,,,,,,,,,
439,BFO,Burkina Faso,-9,1,1,1960-08-05,0,-9,-9,-9,-9,-9,-9,-9,-9,-9,-9,-9,-9,2016-12-31,0,-9,-9,-9,0,-9,-9,-9,-9,-9,,-9,-9,-9,-9,,,,,,,,,,,,,,,,,,,,,
516,BUI,Burundi,-9,1,1,1962-07-01,0,-9,-9,-9,-9,-9,-9,-9,-9,-9,-9,-9,-9,2016-12-31,0,-9,-9,-9,0,-9,-9,-9,-9,-9,,-9,-9,-9,-9,,,,,,,,,,,,,,,,,,,,,
811,CAM,Cambodia,-9,1,3,1953-11-09,0,-9,-9,-9,-9,-9,-9,-9,-9,-9,-9,-9,-9,2016-12-31,0,-9,-9,-9,0,-9,-9,-9,-9,-9,,-9,-9,-9,-9,,,,,,,,,,,,,,,,,,,,,
471,CAO,Cameroon,-9,1,1,1960-01-01,0,-9,-9,-9,-9,-9,-9,-9,-9,-9,-9,-9,-9,2016-12-31,0,-9,-9,-9,0,-9,-9,-9,-9,-9,,-9,-9,-9,-9,,,,,,,,,,,,,,,,,,,,,
20,CAN,Canada,-9,1,4,1920-01-10,0,-9,-9,0,-9,8'798'000,1920,0,-9,-9,5,0,1,2016-12-31,0,-9,-9,-9,0,1,1,0,45 24 0 N,75 40 0 W,Ottowa,0,0,-9,-9,20,,,,,,,,,,,,,,,,,,,,
402,CAP,Cape Verde,-9,1,1,1975-07-05,0,-9,-9,-9,-9,-9,-9,-9,-9,-9,-9,-9,-9,2016-12-31,0,-9,-9,-9,0,-9,-9,-9,-9,-9,,-9,-9,-9,-9,,,,,,,,,,,,,,,,,,,,,
4333,CAY,Cayor,"Kajoor, Damel",2,1,1816-01-01,0,1556,0,-9,-9,250000,1775,0,250000,180000,2,0,0,1861-02-01,1,1,0,1,0,1,0,1,15 37 7.7 N,16 13 50.9 W,Mboul,1,0,1,0,433,,,,,,,,,,,,,,,,,,,,
482,CEN,Central African Republic,-9,1,1,1960-08-13,0,-9,-9,-9,-9,-9,-9,-9,-9,-9,-9,-9,-9,2016-12-31,0,-9,-9,-9,0,-9,-9,-9,-9,-9,,-9,-9,-9,-9,,,,,,,,,,,,,,,,,,,,,
483,CHA,Chad,-9,1,1,1960-08-11,0,-9,-9,-9,-9,-9,-9,-9,-9,-9,-9,-9,-9,2016-12-31,0,-9,-9,-9,0,-9,-9,-9,-9,-9,,-9,-9,-9,-9,,,,,,,,,,,,,,,,,,,,,
7638,CHM,Chamba,"Camba, Campa, Gadderan (part of state known as) Pangi",2,2,1816-01-01,0,1752,1,0,-9,115773,1881,0,127834,115773,2,0,0,1843-12-31,1,1,0,1,1,1,1,1,32 34 12 N,76 07 48 E,Chamba,1,0,1,0,750,,,,,,,,,,,,,,,,,,,,
8124,CHP,Champasak,-9,3,3,1816-01-01,0,1713,1,0,-9,-9,-9,1,-9,-9,2,0,0,1829-12-31,1,2,0,0,1,1,0,1,14 53 0 N,105 52 0 E,Champasak,1,0,1,0,812,,,,,,,,,,,,,,,,,,,,
8123,CHI,Chien Khouang/ Xiang Khouang/ Xieng Khouang,-9,3,3,1816-01-01,0,800,1,0,-9,-9,-9,1,-9,-9,2,0,0,1831-12-31,1,2,0,0,1,1,0,1,19 19 29 N,103 21 33 E,Muang Phuan,1,0,1,0,812,,,,,,,,,,,,,,,,,,,,
155,CHL,Chile,-9,1,4,1818-02-12,1,-9,-9,1,18-09-1810,771'450,1820,0,-9,-9,5,0,0,2016-12-31,0,-9,-9,-9,0,1,1,0,33 26 0 S,70 40 0 W,Santiago,1,0,-9,-9,155,,,,,,,,,,,,,,,,,,,,
710,CHN,China,-9,1,3,1816-01-01,0,1368,0,0,-9,381'000'000,1820,0,-9,-9,6,0,0,2016-12-31,0,-9,-9,-9,0,1,1,0,39 55 0 N,116 23 0 E,Beijing,1,0,-9,-9,710,712,,,,,,,,,,,,,,,,,,,
7704,CHT,Chitral,Kator,3,2,1816-01-01,0,1600,1,0,-9,80207,1912,0,-9,80207,-9,-9,-9,1878-12-31,1,1,0,1,1,-9,0,1,35 50 46 N,71 47 9 E,Chitral,-9,1,0,1,770,,,,,,,,,,,,,,,,,,,,
100,COL,Colombia,Gran Colombia,2,4,1819-12-17,1,-9,-9,1,20-07-1810,3000000,1830,0,-9,3000000,4,1,1,2016-12-31,0,-9,-9,-9,0,1,1,0,4 42 40 N,74 4 20 W,Bogota,1,1,-9,-9,100,,,,,,,,,,,,,,,,,,,,
581,COM,Comoros,-9,1,1,1975-12-31,0,-9,-9,-9,-9,-9,-9,-9,-9,-9,-9,-9,-9,2016-12-31,0,-9,-9,-9,0,-9,-9,-9,-9,-9,,-9,-9,-9,-9,,,,,,,,,,,,,,,,,,,,,
484,CON,Congo,-9,1,1,1960-08-15,0,-9,-9,-9,-9,-9,-9,-9,-9,-9,-9,-9,-9,2016-12-31,0,-9,-9,-9,0,-9,-9,-9,-9,-9,,-9,-9,-9,-9,,,,,,,,,,,,,,,,,,,,,
94,COS,Costa Rica,-9,1,4,1840-01-01,1,-9,-9,1,30-05-1858,86000,1840,0,-9,70000,3,0,1,2016-12-31,0,-9,-9,-9,0,1,1,0,9 56 0 N,84 5 0 W,San José,0,1,-9,-9,94,,,,,,,,,,,,,,,,,,,,
344,CRO,Croatia,-9,1,5,1992-01-15,0,-9,-9,-9,-9,-9,-9,-9,-9,-9,-9,-9,-9,2016-12-31,0,-9,-9,-9,0,-9,-9,-9,-9,-9,,-9,-9,-9,-9,,,,,,,,,,,,,,,,,,,,,
40,CUB,Cuba,-9,1,4,1902-05-20,1,-9,-9,1,21-06-1901,1572797,1899,0,-9,-9,2,0,1,1906-09-29,0,6,-9,-9,1,1,1,0,23 8 12 N,82 21 32 W,Havana,1,0,1,0,40,,,,,,,,,,,,,,,,,,,,
40,CUB,Cuba,-9,1,4,1909-01-23,1,-9,-9,0,-9,2'219'000,1910,0,-9,-9,2,0,0,2016-12-31,0,-9,-9,-9,0,1,1,0,23 8 0 N,82 23 0 W,Havana,0,0,-9,-9,40,,,,,,,,,,,,,,,,,,,,
7590,CUT,Cutch,"Kutch, Cautch, Kachchh",2,2,1816-01-01,0,1548,1,0,-9,409522,1852,0,558415,409522,2,0,1,1819-10-13,1,1,0,1,1,1,0,1,23 15 0 N,69 40 12 E,Bhuj,1,0,1,0,750,,,,,,,,,,,,,,,,,,,,
352,CYP,Cyprus,-9,1,5,1960-08-16,0,-9,-9,-9,-9,-9,-9,-9,-9,-9,-9,-9,-9,2016-12-31,0,-9,-9,-9,0,-9,-9,-9,-9,-9,,-9,-9,-9,-9,,,,,,,,,,,,,,,,,,,,,
316,CZR,Czech Republic,-9,1,5,1993-01-01,0,-9,-9,-9,-9,-9,-9,-9,-9,-9,-9,-9,-9,2016-12-31,0,-9,-9,-9,0,-9,-9,-9,-9,-9,,-9,-9,-9,-9,,,,,,,,,,,,,,,,,,,,,
315,CZE,Czechoslovakia,-9,1,5,1918-10-28,0,-9,-9,1,28-10-1918,13610000,1921,0,-9,-9,3,0,1,1939-03-15,0,2,0,0,0,1,1,0,50 5 0 N,14 25 0 E,Prague,1,0,1,0,316,317,,,,,,,,,,,,,,,,,,,
315,CZE,Czechoslovakia,-9,1,5,1945-05-10,0,-9,-9,-9,-9,-9,-9,-9,-9,-9,-9,-9,-9,1992-12-31,0,-9,-9,-9,0,-9,-9,-9,-9,-9,,-9,-9,-9,-9,,,,,,,,,,,,,,,,,,,,,
3375,DAG,Dagestan,"Daghestan, Imamate of Dagestan, Imamate of Shamyl, Avaristan",3,2,1834-01-01,1,-9,-9,1,01-01-1824,160600,1926,0,-9,-9,1,0,0,1859-12-31,0,2,0,0,0,1,0,0,42 45 26 N,46 50 44 E,,1,0,0,0,365,,,,,,,,,,,,,,,,,,,,
4341,DAH,Dahomey,The Fon Kingdom,2,1,1816-01-01,1,1715,0,1,01-01-1831,200000,1850,0,300000,150000,2,0,0,1894-01-29,1,1,0,1,0,1,1,1,7 11 07.1 N,1 59 48.4 E,Abomey,1,0,1,0,434,,,,,,,,,,,,,,,,,,,,
6251,DAR,Darfur,Fur Sultanate,1,1,1816-01-01,0,1650,0,0,-9,100000,1956,0,1500000,-9,2,0,0,1874-01-01,1,2,0,1,0,1,-9,1,13 37 17.4 N,25 21 11.2 E,Al-Fashir,1,0,1,0,625,,,,,,,,,,,,,,,,,,,,
8532,DLI,Deli Sultanate,Sultanate of Deli,3,3,1816-01-01,1,1814,1,1,01-01-1669,-9,1930,0,321000,-9,2,0,0,1862-08-22,0,1,0,1,1,1,1,1,3 35 0 N,98 40 0 E,Medan,-9,-9,0,0,850,,,,,,,,,,,,,,,,,,,,
490,DRC,Democratic Republic of the Congo,-9,1,1,1960-06-30,0,-9,-9,-9,-9,-9,-9,-9,-9,-9,-9,-9,-9,2016-12-31,0,-9,-9,-9,0,-9,-9,-9,-9,-9,,-9,-9,-9,-9,,,,,,,,,,,,,,,,,,,,,
390,DEN,Denmark,-9,1,5,1816-01-01,0,950,1,0,-9,1'155'000,1820,0,-9,-9,1,0,0,1940-04-09,0,2,0,0,0,1,1,0,55 40 34 N,12 34 6 E,Copenhagen,0,0,1,0,390,,,,,,,,,,,,,,,,,,,,
390,DEN,Denmark,-9,1,5,1945-05-07,0,-9,-9,-9,-9,-9,-9,-9,-9,-9,-9,-9,-9,2016-12-31,0,-9,-9,-9,0,-9,-9,-9,-9,-9,,-9,-9,-9,-9,,,,,,,,,,,,,,,,,,,,,
7534,DHR,Dhar,Dhar of the Puars,3,2,1816-01-01,0,1754,1,0,-9,37865,1820,0,-9,37865,2,1,0,1819-12-31,0,1,0,1,0,1,0,0,22 35 52.8 N,75 18 14.4 E,Dhar,0,0,1,1,750,,,,,,,,,,,,,,,,,,,,
7705,DIR,Dir,Dhyr,2,2,1816-01-01,0,1700,1,0,-9,100000,1900,0,140000,100000,1,1,0,1895-12-31,1,1,0,1,0,1,0,1,35 12 24 N,71 52 36 E,Dir,0,1,1,0,770,,,,,,,,,,,,,,,,,,,,
522,DJI,Djibouti,-9,1,1,1977-06-27,0,-9,-9,-9,-9,-9,-9,-9,-9,-9,-9,-9,-9,2016-12-31,0,-9,-9,-9,0,-9,-9,-9,-9,-9,,-9,-9,-9,-9,,,,,,,,,,,,,,,,,,,,,
54,DMA,Dominica,-9,1,4,1978-11-03,0,-9,-9,-9,-9,-9,-9,-9,-9,-9,-9,-9,-9,2016-12-31,0,-9,-9,-9,0,-9,-9,-9,-9,-9,,-9,-9,-9,-9,,,,,,,,,,,,,,,,,,,,,
42,DOM,Dominican Republic,-9,1,4,1844-01-16,1,-9,-9,1,01-01-1821,200000,1850,0,-9,200000,2,0,-9,1861-03-18,1,1,0,-9,1,1,1,0,18 28 0 N,69 57 0 W,Santo Domingo,1,0,0,0,42,,,,,,,,,,,,,,,,,,,,
42,DOM,Dominican Republic,-9,1,4,1865-05-03,0,-9,-9,0,-9,200000,1850,0,-9,200000,2,0,-9,1916-05-16,0,2,0,-9,0,1,1,0,18 28 0 N,69 57 0 W,Santo Domingo,1,1,1,1,42,,,,,,,,,,,,,,,,,,,,
42,DOM,Dominican Republic,-9,1,4,1924-09-29,0,-9,-9,-9,-9,-9,-9,-9,-9,-9,-9,-9,-9,2016-12-31,0,-9,-9,-9,0,-9,-9,-9,-9,-9,,-9,-9,-9,-9,42,,,,,,,,,,,,,,,,,,,,
860,ETM,East Timor,-9,1,3,2002-09-27,0,-9,-9,-9,-9,-9,-9,-9,-9,-9,-9,-9,-9,2016-12-31,0,-9,-9,-9,0,-9,-9,-9,-9,-9,,-9,-9,-9,-9,,,,,,,,,,,,,,,,,,,,,
7103,ETS,Eastern Turkestan,"Emirate of Turkestan, Chinese Turkestan, Kashgaria",2,2,1866-01-01,1,-9,-9,0,-9,1015000,1873,0,-9,370000,2,0,1,1877-12-18,0,2,0,1,1,1,0,1,39 28 5.16 N,75 59 37.68 E,,1,0,1,0,710,,,,,,,,,,,,,,,,,,,,
130,ECU,Ecuador,-9,1,4,1830-05-13,0,-9,-9,1,13-05-1830,500000,1830,0,-9,500000,2,0,-9,2016-12-31,0,-9,-9,-9,0,1,1,0,0 14 0 S,78 31 0 W,Quito,1,1,-9,-9,130,,,,,,,,,,,,,,,,,,,,
4768,EGB,Egba,Abeokuta (the capital),3,1,1830-01-01,0,-9,-9,1,-9,150000,1845,0,-9,40000,3,1,-9,1893-12-31,0,1,0,1,0,1,0,0,7 9 39 N,3 20 54 E,Abeokuta,0,0,1,0,475,,,,,,,,,,,,,,,,,,,,
651,EGY,Egypt,-9,1,1,1833-05-04,0,-9,-9,0,-9,4476000,1840,0,-9,-9,2,0,1,1882-09-14,0,2,0,0,0,1,1,0,30 2 0 N,31 13 0 E,Cairo,1,0,1,0,651,652,670,666,660,663,625,,,,,,,,,,,,,,
651,EGY,Egypt,-9,1,1,1937-05-26,0,-9,-9,-9,-9,-9,-9,-9,-9,-9,-9,-9,-9,2016-12-31,0,-9,-9,-9,0,-9,-9,-9,-9,-9,,-9,-9,-9,-9,651,,,,,,,,,,,,,,,,,,,,
92,SAL,El Salvador,-9,1,4,1840-01-01,0,-9,-9,1,30-01-1841,315000,1840,0,366000,212553,3,0,1,2016-12-31,0,-9,-9,-9,1,1,1,0,13 41 24 N,89 11 24 W,San Salvador,1,0,-9,-9,92,,,,,,,,,,,,,,,,,,,,
5321,LIM,Enarya (Limmu),"Limmu-Enarya (or Limmu-Innarya), Inarit",2,1,1816-01-01,1,1632,0,0,-9,100000,1840,0,-9,40000,2,0,0,1882-01-01,1,2,0,0,0,1,0,1,08 12 00 N,36 56 00 E,Saqqa,1,0,1,1,530,,,,,,,,,,,,,,,,,,,,
411,EQG,Equatorial Guinea,-9,1,1,1968-10-12,0,-9,-9,-9,-9,-9,-9,-9,-9,-9,-9,-9,-9,2016-12-31,0,-9,-9,-9,0,-9,-9,-9,-9,-9,,-9,-9,-9,-9,,,,,,,,,,,,,,,,,,,,,
531,ERI,Eritrea,-9,1,1,1993-05-24,0,-9,-9,-9,-9,-9,-9,-9,-9,-9,-9,-9,-9,2016-12-31,0,-9,-9,-9,0,-9,-9,-9,-9,-9,,-9,-9,-9,-9,,,,,,,,,,,,,,,,,,,,,
366,EST,Estonia,-9,1,5,1918-11-11,1,-9,-9,1,24-02-1918,1'115'000,1920,0,-9,-9,3,0,0,1940-06-17,0,2,0,0,0,1,1,0,59 25 0 N,24 45 0 E,Tallinn,1,0,1,0,366,,,,,,,,,,,,,,,,,,,,
366,EST,Estonia,-9,1,5,1991-09-06,0,-9,-9,-9,-9,-9,-9,-9,-9,-9,-9,-9,-9,2016-12-31,0,-9,-9,-9,0,-9,-9,-9,-9,-9,,-9,-9,-9,-9,,,,,,,,,,,,,,,,,,,,,
530,ETH,Ethiopia,"Abyssinian Kingdom, Solomonic Dynasty, Abyssinia",1,1,1816-01-01,0,1270,0,0,-9,2000000,1842,0,4000000,-9,6,1,0,1936-05-07,1,2,0,0,0,1,0,0,09 01 48 N,38 44 24 E,Addis Ababa,1,0,1,1,530,,,,,,,,,,,,,,,,,,,,
530,ETH,Ethiopia,-9,1,1,1941-05-05,0,-9,-9,-9,-9,-9,-9,-9,-9,-9,-9,-9,-9,2016-12-31,0,-9,-9,-9,0,-9,-9,-9,-9,-9,,-9,-9,-9,-9,,,,,,,,,,,,,,,,,,,,,
987,FSM,Federated States of Micronesia,-9,1,3,1986-11-03,0,-9,-9,-9,-9,-9,-9,-9,-9,-9,-9,-9,-9,2016-12-31,0,-9,-9,-9,0,-9,-9,-9,-9,-9,,-9,-9,-9,-9,,,,,,,,,,,,,,,,,,,,,
950,FIJ,Fiji,-9,3,3,1871-06-05,1,-9,-9,0,-9,114748,1881,0,-9,114748,1,0,1,1874-10-10,0,1,0,1,0,1,-9,1,18 8 29.76 S,178 26 30.84 E,Suva,1,0,0,0,950,,,,,,,,,,,,,,,,,,,,
950,FIJ,Fiji,-9,1,3,1970-10-10,0,-9,-9,-9,-9,-9,-9,-9,-9,-9,-9,-9,-9,2016-12-31,0,-9,-9,-9,0,-9,-9,-9,-9,-9,,-9,-9,-9,-9,,,,,,,,,,,,,,,,,,,,,
375,FIN,Finland,-9,1,5,1917-12-06,0,-9,-9,1,04-12-1917,3'133'000,1920,0,-9,-9,2,0,0,2016-12-31,0,-9,-9,-9,0,1,1,0,60 10 0 N,24 56 0 E,Helsinki,0,0,-9,-9,375,,,,,,,,,,,,,,,,,,,,
4381,DJA,Fouta Djallon,"Fouta Jallon, Futa Jallon, Fuuta Jaloon",2,1,1816-01-01,0,1750,1,0,-9,100000,-9,0,-9,100000,1,1,0,1887-02-06,0,1,0,1,0,1,1,1,10 38 00 N,11 50 00 W,Timbo,1,0,1,1,438,,,,,,,,,,,,,,,,,,,,
4331,FTO,Fouta Toro,"Futa Toro, Fuuta Toro",2,1,1816-01-01,0,1776,0,0,-9,250000,1900,0,700000,100000,6,1,0,1891-02-06,1,1,0,0,0,1,1,1,16 39 36.8 N,14 57 34.6 W,,1,0,1,1,433,,,,,,,,,,,,,,,,,,,,
220,FRN,France,-9,1,5,1944-08-25,0,-9,-9,-9,-9,-9,-9,-9,-9,-9,-9,-9,-9,2016-12-31,0,-9,-9,-9,0,-9,-9,-9,-9,-9,,-9,-9,-9,-9,,,,,,,,,,,,,,,,,,,,,
220,FRN,France,-9,1,5,1816-01-01,0,843,0,0,-9,31'250'000,1820,0,-9,-9,3,0,1,1942-11-11,0,2,0,0,0,1,1,0,48 51 24 N,2 21 8 E,Paris,1,0,1,0,220,,,,,,,,,,,,,,,,,,,,
247,FRK,Frankfurt,Frankfurt am Main Frankfort am Main,3,5,1816-01-01,0,-9,-9,-9,-9,47850,1816,0,54000,-9,2,1,1,1866-09-20,0,2,0,1,0,1,1,1,50 6 49 N,8 40 47 E,Frankfurt-am-Main,0,1,1,0,255,260,,,,,,,,,,,,,,,,,,,
4045,FDU,Fuladu,"Fulladu, Fulbe State, Fulbe Firdu State",2,1,1872-01-01,1,-9,-9,0,-9,20000,1875,0,-9,20000,3,0,0,1896-12-31,1,1,0,1,1,1,0,1,13 23 00 N,14 33 00 E,N'Dorna,1,0,0,1,404,433,438,,,,,,,,,,,,,,,,,,
6252,FNJ,Funj Sultanate,"Sennar, Funj Kingdom, Funj Sultanate of Sennar (or Sinnar)",1,1,1816-01-01,0,1504,0,0,-9,100000,1699,0,-9,-9,1,0,0,1821-06-01,0,2,0,0,0,1,1,1,13 38 59.2 N,33 33 44.3 E,Sennar,1,0,1,0,625,,,,,,,,,,,,,,,,,,,,
481,GAB,Gabon,-9,1,1,1960-08-17,0,-9,-9,-9,-9,-9,-9,-9,-9,-9,-9,-9,-9,2016-12-31,0,-9,-9,-9,0,-9,-9,-9,-9,-9,,-9,-9,-9,-9,,,,,,,,,,,,,,,,,,,,,
420,GAM,Gambia,-9,1,1,1965-02-18,0,-9,-9,-9,-9,-9,-9,-9,-9,-9,-9,-9,-9,2016-12-31,0,-9,-9,-9,0,-9,-9,-9,-9,-9,,-9,-9,-9,-9,,,,,,,,,,,,,,,,,,,,,
5516,GAZ,Gaza Empire,aba-Gaza,2,1,1821-01-01,1,-9,-9,0,-9,95000,1900,0,210000,95000,1,0,0,1895-12-28,0,1,0,0,0,1,0,0,20 28 25.9 S,32 56 35.4 E,,1,0,1,0,541,552,,,,,,,,,,,,,,,,,,,
5223,GEL,Geledi Sultanate,Gobroon Kingdom,3,1,1816-01-01,0,1799,1,0,-9,100000,1840,0,-9,40000,3,0,0,1908-12-31,0,1,0,0,0,1,0,0,2 08 34.3 N,45 06 59.9 E,Afgooye,1,0,1,0,520,,,,,,,,,,,,,,,,,,,,
372,GRG,Georgia,-9,1,5,1991-12-26,0,-9,-9,-9,-9,-9,-9,-9,-9,-9,-9,-9,-9,2016-12-31,0,-9,-9,-9,0,-9,-9,-9,-9,-9,,-9,-9,-9,-9,,,,,,,,,,,,,,,,,,,,,
5323,GEA,Gera,-9,3,1,1835-01-01,1,-9,-9,0,-9,15500,1880,1,-9,-9,2,0,0,1896-12-31,1,2,0,0,0,-9,0,0,7 40 0 N,36 15 0 E,,1,0,1,0,530,,,,,,,,,,,,,,,,,,,,
265,GDR,German Democratic Republic,-9,1,5,1954-03-25,0,-9,-9,-9,-9,-9,-9,-9,-9,-9,-9,-9,-9,1990-10-02,0,-9,-9,-9,0,-9,-9,-9,-9,-9,,-9,-9,-9,-9,,,,,,,,,,,,,,,,,,,,,
260,GFR,German Federal Republic,-9,1,5,1955-05-05,0,-9,-9,-9,-9,-9,-9,-9,-9,-9,-9,-9,-9,1990-10-02,0,-9,-9,-9,0,-9,-9,-9,-9,-9,,-9,-9,-9,-9,,,,,,,,,,,,,,,,,,,,,
255,GMY,Germany,-9,1,5,1990-10-03,0,-9,-9,-9,-9,-9,-9,-9,-9,-9,-9,-9,-9,2016-12-31,0,-9,-9,-9,0,-9,-9,-9,-9,-9,,-9,-9,-9,-9,,,,,,,,,,,,,,,,,,,,,
255,GMY,Germany,Prussia,1,5,1816-01-01,0,06-1815,0,0,-9,24905000,1820,0,-9,-9,3,0,1,1945-05-08,0,4,0,1,0,1,1,0,52 31 12 N,13 24 18 E,Berlin,1,0,1,0,255,305,212,315,290,349,344,211,210,325,,,,,,,,,,,
452,GHA,Ghana,-9,1,1,1957-03-06,0,-9,-9,-9,-9,-9,-9,-9,-9,-9,-9,-9,-9,2016-12-31,0,-9,-9,-9,0,-9,-9,-9,-9,-9,,-9,-9,-9,-9,,,,,,,,,,,,,,,,,,,,,
8567,GIA,Gianyar,Gianjer Gianjar Gyanyar Gianjeer,3,3,1816-01-01,0,1771,1,1,01-01-1771,10000,1837,1,-9,10000,3,0,0,1842-01-01,1,2,1,0,1,0,0,0,8 32 38.76 S,115 15 44.49 E,Gianyar,-9,-9,0,0,850,,,,,,,,,,,,,,,,,,,,
8567,GIA,Gianyar,Gianjer Gianjar Gyanyar Gianjeer,3,3,1893-01-01,1,-9,-9,-9,-9,10000,1837,1,-9,10000,2,0,0,1900-01-01,0,1,0,1,1,0,0,0,8 32 38.76 S,115 19 31.66 E,Gianyar,1,0,0,0,850,,,,,,,,,,,,,,,,,,,,
8567,GIA,Gianyar,Gianjer Gianjar Gyanyar Gianjeer,3,3,1849-01-01,1,-9,-9,1,-9,10000,1837,1,-9,10000,2,0,1,1883-01-01,1,3,1,1,0,0,0,0,8 32 38.76 S,115 19 31.66 E,Gianyar,0,1,0,0,850,,,,,,,,,,,,,,,,,,,,
4363,GOB,Gobir-Tibiri,,1,1,1836-01-01,1,-9,-9,0,-9,-8,-9,9,-9,-9,6,0,0,1898-12-31,0,2,0,-9,0,0,0,0,13 34 01 N,7 3 7 E,,0,0,1,0,436,,,,,,,,,,,,,,,,,,,,
5305,GJJ,Gojjam,,2,1,1816-01-01,0,1769,1,0,-9,-9,-9,0,-9,-9,2,0,0,1855-12-31,1,2,0,0,1,1,1,1,10 20 00 N,37 43 00 E ,Debre Markos,-9,-9,1,0,530,,,,,,,,,,,,,,,,,,,,
5324,GOM,Gomma,Goma,3,1,1816-01-01,0,1750,1,0,-9,15000,1880,1,18000,-9,1,1,0,1886-01-31,0,2,0,0,1,1,1,0,7 51 0 N,36 35 0 E,,0,1,1,1,530,,,,,,,,,,,,,,,,,,,,
4531,GNJ,Gonja,,2,1,1816-01-01,0,1600,1,-9,-9,118000,1869,0,118000,-9,1,0,0,1892-12-31,1,1,0,1,1,1,0,1,09 25 56.77 N,00 00 15.33 W,Yendi,-9,-9,0,0,452,439,,,,,,,,,,,,,,,,,,,
8553,GOW,Gowa,"Makassar, Goa",3,3,1816-01-01,0,1530,1,0,-9,100000,1650,1,-9,100000,2,0,0,1911-01-01,0,1,0,0,1,1,0,1,5 12 0 S,119 27 0 E,,1,0,1,0,850,,,,,,,,,,,,,,,,,,,,
350,GRC,Greece,-9,1,5,1944-10-13,0,-9,-9,-9,-9,-9,-9,-9,-9,-9,-9,-9,-9,2016-12-31,0,-9,-9,-9,0,-9,-9,-9,-9,-9,,-9,-9,-9,-9,,,,,,,,,,,,,,,,,,,,,
350,GRC,Greece,-9,1,5,1828-01-01,1,-9,-9,1,02-02-1830,753400,1828,0,-9,651233,2,0,1,1941-04-23,0,2,0,0,0,1,1,0,37 59 2.3 N,23 43 40.1 E,Athens,1,0,1,0,350,,,,,,,,,,,,,,,,,,,,
55,GRN,Grenada,-9,1,4,1974-02-07,0,-9,-9,-9,-9,-9,-9,-9,-9,-9,-9,-9,-9,2016-12-31,0,-9,-9,-9,0,-9,-9,-9,-9,-9,,-9,-9,-9,-9,,,,,,,,,,,,,,,,,,,,,
90,GUA,Guatemala,-9,1,4,1840-01-01,1,-9,-9,1,21-03-1847,751000,1840,0,847000,660580,3,0,1,2016-12-31,0,-9,-9,-9,0,1,1,1,14 36 48 N,90 32 7 W,Guatemala City,0,1,-9,-9,90,,,,,,,,,,,,,,,,,,,,
438,GUI,Guinea,-9,1,1,1958-10-02,0,-9,-9,-9,-9,-9,-9,-9,-9,-9,-9,-9,-9,2016-12-31,0,-9,-9,-9,0,-9,-9,-9,-9,-9,,-9,-9,-9,-9,,,,,,,,,,,,,,,,,,,,,
404,GNB,Guinea-Bissau,-9,1,1,1974-09-10,0,-9,-9,-9,-9,-9,-9,-9,-9,-9,-9,-9,-9,2016-12-31,0,-9,-9,-9,0,-9,-9,-9,-9,-9,,-9,-9,-9,-9,,,,,,,,,,,,,,,,,,,,,
5325,GUM,Gumma,Guma,3,1,1816-01-01,0,1810,1,0,-9,50000,1880,0,-9,-9,1,0,0,1902-12-31,0,2,0,0,0,-9,0,1,8 20 0 N,36 40 0 E,,1,0,1,0,530,,,,,,,,,,,,,,,,,,,,
110,GUY,Guyana,-9,1,4,1966-05-26,0,-9,-9,-9,-9,-9,-9,-9,-9,-9,-9,-9,-9,2016-12-31,0,-9,-9,-9,0,-9,-9,-9,-9,-9,,-9,-9,-9,-9,,,,,,,,,,,,,,,,,,,,,
7579,GWA,Gwalior,"(of the) Sindhia, the Sindhias, Sindhci, Gualior",1,2,1816-01-01,0,1782,1,0,-9,2500000,1875,0,2993352,-9,2,0,1,1818-12-31,0,1,0,1,0,1,0,1,26 13 17.48 N,78 10 40.88 E,Gwalior,1,0,1,0,750,,,,,,,,,,,,,,,,,,,,
41,HAI,Haiti,-9,1,4,1816-01-01,1,1804,1,1,01-01-1804,590000,1824,0,730000,530000,2,0,0,1915-07-28,0,2,0,1,0,1,1,1,18 32 0 N,72 20 0 W,Port-au-Prince,1,0,1,0,41,,,,,,,,,,,,,,,,,,,,
41,HAI,Haiti,-9,1,4,1934-08-15,0,-9,-9,-9,-9,-9,-9,-9,-9,-9,-9,-9,-9,2016-12-31,0,-9,-9,-9,0,-9,-9,-9,-9,-9,,-9,-9,-9,-9,41,,,,,,,,,,,,,,,,,,,,
248,HBG,Hamburg,-9,2,5,1816-01-01,0,1815,0,0,-9,154000,1831,0,-9,100000,2,1,1,1866-08-18,1,3,0,1,0,1,1,0,53 33 55 N,10 0 5 E,Hamburg,0,1,0,0,255,260,,,,,,,,,,,,,,,,,,,
240,HAN,Hanover,-9,1,5,1816-01-01,0,1815,0,0,-9,1300000,1820,0,1662500,-9,2,1,1,1866-09-20,1,2,0,1,0,1,1,0,52 22 0 N,9 43 0 E,Hanover,0,0,1,0,255,260,,,,,,,,,,,,,,,,,,,
5306,HAR,Harrar,-9,3,1,1816-01-01,0,1559,0,0,-9,100000,2007,1,-9,-9,2,0,0,1875-12-31,0,2,0,0,0,-9,0,1,9 18 40 N,42 7 40 E,Harrar,1,0,1,0,530,,,,,,,,,,,,,,,,,,,,
4,HAW,Hawaii,Hawai'I Sandwich Islands,1,4,1816-01-01,0,1791,1,0,-9,89990,1890,0,400000,89990,1,1,0,1898-07-07,1,2,0,1,1,1,1,1,21 18 25 N,157 51 30 W,Honolulu,1,1,0,0,2,,,,,,,,,,,,,,,,,,,,
671,HEJ,Hejaz,Hijaj,2,6,1917-01-01,0,-9,-9,1,01-01-1917,550000,1900,0,-9,-9,2,0,1,1924-12-01,0,2,0,0,0,0,0,1,21 25 0 N,39 49 0 E,Mecca,1,0,1,0,670,,,,,,,,,,,,,,,,,,,,
7003,HER,Herat,Heraut,3,2,1829-01-01,1,-9,-9,0,-9,500000,1908,0,-9,100000,2,1,0,1863-12-31,1,2,1,0,1,1,0,1,34 20 31 N,62 12 11 E,Herat,1,1,1,0,700,,,,,,,,,,,,,,,,,,,,
273,HSE,Hesse Electoral,"Hesse-Cassel, Hesse-Kassel, The Electorate of Hesse, Hessen Kurhessen ",1,5,1816-01-01,0,-9,-9,-9,-9,567868,1816,0,-9,-9,2,1,1,1866-09-20,1,2,0,1,0,1,1,0,51 18 56.88 N,9 29 52.44 E,Kassel,0,1,1,0,255,260,,,,,,,,,,,,,,,,,,,
275,HSG,Hesse Grand Ducal,"The Grand Duchy of Hesse-Darmstadt, Hesse-Darmstadt",1,5,1816-01-01,0,1815,1,0,-9,587995,1816,0,-9,-9,2,0,1,1867-04-16,1,2,1,1,0,1,1,1,49 52 20 N,8 39 10 E,Darmstadt,0,1,1,1,255,260,,,,,,,,,,,,,,,,,,,
2558,HHB,Hesse-Homburg,-9,3,5,1816-01-01,0,1815,1,0,-9,23000,1816,1,-9,-9,2,1,1,1866-03-28,0,3,0,0,0,1,1,0,50 13 0 N,8 36 0 E,Homburg,0,1,0,1,255,260,,,,,,,,,,,,,,,,,,,
5210,HRB,Hiraab Emirate,Hirab Emirate,3,1,1816-01-01,1,1624,1,0,-9,-9,-9,1,-9,-9,3,0,0,1900-12-31,0,1,0,-9,0,-9,-9,1,2 2 27 N,45 20 33 E,,-9,-9,-9,1,520,,,,,,,,,,,,,,,,,,,,
5204,HYO,Hobyo (Obbia) Sultanate,Obbia Sultanate in Italian,3,1,1884-01-01,0,-9,-9,0,-9,-9,-9,1,-9,-9,2,0,-9,1889-02-08,0,1,0,1,0,1,0,0,5 21 5 N,48 31 32 E,Hobyo,1,0,1,0,520,,,,,,,,,,,,,,,,,,,,
250,HOH,Hohenzollern-Hechingen,-9,3,5,1816-01-01,0,1815,1,0,-9,21000,1831,0,-9,20000,2,1,1,1849-12-07,0,3,1,1,0,1,1,0,48 21 0 N,8 58 0 E,Hechingen,0,1,0,0,255,260,,,,,,,,,,,,,,,,,,,
251,HOS,Hohenzollern-Sigmaringen,-9,3,5,1816-01-01,0,1815,1,0,-9,42341,1831,0,42600,-9,2,1,1,1849-12-07,0,3,0,1,0,1,1,0,48 5 0 N,9 13 0 E,Sigmaringen,0,0,1,1,255,260,,,,,,,,,,,,,,,,,,,
91,HON,Honduras,-9,1,4,1840-01-01,1,-9,-9,1,26-10-1838,178000,1840,0,-9,-9,3,0,1,2016-12-31,0,-9,-9,-9,0,1,1,0,14 6 0 N,87 13 0 W,Tegucigalpa,0,1,-9,-9,91,,,,,,,,,,,,,,,,,,,,
310,HUN,Hungary,-9,1,5,1918-11-16,0,-9,-9,1,16-11-1918,7'950'000,1920,0,-9,-9,3,0,0,2016-12-31,0,-9,-9,-9,0,1,1,0,47 26 0 N,19 15 0 E,Budapest,1,0,-9,-9,310,,,,,,,,,,,,,,,,,,,,
7702,HUZ,Hunza,-9,3,2,1816-01-01,0,1600,1,0,-9,10000,1890,1,-9,-9,-9,1,-9,1891-12-31,0,1,0,-9,1,-9,0,1,36 19 58.8 N,74 39 57.6 E,Baltit,-9,1,1,0,770,,,,,,,,,,,,,,,,,,,,
4769,IBA,Ibadan Empire,-9,3,1,1862-01-01,0,-9,-9,0,-9,500000,1850,0,-9,60000,1,0,0,1893-12-31,0,1,0,1,0,1,0,0,7 22 35.5 N,3 56 26.0 E,Ibadan,1,0,1,0,475,,,,,,,,,,,,,,,,,,,,
395,ICE,Iceland,-9,1,5,1944-06-17,0,-9,-9,-9,-9,-9,-9,-9,-9,-9,-9,-9,-9,2016-12-31,0,-9,-9,-9,0,-9,-9,-9,-9,-9,,-9,-9,-9,-9,,,,,,,,,,,,,,,,,,,,,
4742,IGA,Igala Kingdom,Egarra(h) Kingdom,3,1,1816-01-01,0,1717,1,-9,-9,60000,1833,0,-9,60000,2,0,0,1886-12-31,0,1,0,0,0,1,0,0,07 05 00 N,6 45 00 E,Idah,1,0,1,0,475,,,,,,,,,,,,,,,,,,,,
4772,IJA,Ijaye,Ijaye-Kurunmi (or Kurumi),3,1,1832-01-01,1,-9,-9,0,-9,100000,1850,0,-9,-9,3,1,0,1862-12-31,0,2,0,0,0,1,0,0,6 37 23.6 N,3 19 51.3 E,,1,0,1,0,475,,,,,,,,,,,,,,,,,,,,
4773,IBU,Ijebu,Ijebu-Ode,3,1,1816-01-01,0,1400,1,0,-9,100000,1850,0,200000,-9,6,1,-9,1892-05-15,0,1,0,0,0,1,0,0,6 49 25.3 N,3 55 19.9 E,Ijebu Ode,0,1,1,0,475,,,,,,,,,,,,,,,,,,,,
4774,IJE,Ijesa,Ijesa-Ekiti or Ekiti-Ijesa ,3,1,1816-01-01,0,1600,1,0,-9,100000,1863,0,200000,-9,2,1,0,1870-12-31,0,2,0,0,1,1,0,0,7 37 0 N,4 44 0 E,Ilesa,1,0,1,0,475,,,,,,,,,,,,,,,,,,,,
4771,IFE,Ile Ife,Ife Kingdom,3,1,1816-01-01,0,1350,1,-9,-9,150000,1400,0,-9,-9,1,0,0,1849-12-31,0,2,0,1,0,1,0,0,7 29 25.4 N,4 33 10.6 E,Ife,1,0,1,0,475,,,,,,,,,,,,,,,,,,,,
4756,ILN,Ilorin,,2,1,1816-01-01,0,1796,1,1,1796,40000,1840,0,40000,-9,2,0,0,1824-12-31,1,3,1,1,1,0,0,1,08 30 00 N,04 33 00 E,Ilorin,1,0,0,0,475,,,,,,,,,,,,,,,,,,,,
750,IND,India,-9,1,2,1947-08-15,0,-9,-9,-9,-9,-9,-9,-9,-9,-9,-9,-9,-9,2016-12-31,0,-9,-9,-9,0,-9,-9,-9,-9,-9,,-9,-9,-9,-9,,,,,,,,,,,,,,,,,,,,,
850,INS,Indonesia,-9,1,3,1949-12-27,0,-9,-9,-9,-9,-9,-9,-9,-9,-9,-9,-9,-9,2016-12-31,0,-9,-9,-9,0,-9,-9,-9,-9,-9,,-9,-9,-9,-9,,,,,,,,,,,,,,,,,,,,,
7547,INO,Indore,"(of the) Holkar, Holcar, Indur",1,2,1816-01-01,0,1767,1,-9,-9,525914,1817,0,1054237,-9,2,0,1,1818-01-06,1,1,0,1,0,1,0,1,22 43 0 N,75 50 50 E,Indore,0,1,1,0,750,,,,,,,,,,,,,,,,,,,,
630,IRN,Iran,Persia,1,6,1816-01-01,0,1501,0,0,-9,6'560'000,1820,0,-9,-9,1,0,0,2016-12-31,0,-9,-9,-9,0,1,1,0,35 41 21 N,51 23 20 E,Teheran,1,0,-9,-9,630,371,,,,,,,,,,,,,,,,,,,
645,IRQ,Iraq,-9,1,6,1932-10-03,0,-9,-9,0,-9,3'605'000,1930,0,-9,-9,5,0,0,2016-12-31,0,-9,-9,-9,0,1,1,0,33 20 0 N,44 23 0 E,Baghdad,0,0,-9,-9,645,,,,,,,,,,,,,,,,,,,,
205,IRE,Ireland,-9,1,5,1922-12-06,0,-9,-9,1,20-01-1919,2'927'000,1930,0,-9,-9,2,0,1,2016-12-31,0,-9,0,-9,0,1,1,0,53 20 59 N,6 15 37 W,Dublin,1,0,-9,-9,205,,,,,,,,,,,,,,,,,,,,
666,ISR,Israel,-9,1,6,1948-05-14,0,-9,-9,-9,-9,-9,-9,-9,-9,-9,-9,-9,-9,2016-12-31,0,-9,-9,-9,0,-9,-9,-9,-9,-9,,-9,-9,-9,-9,,,,,,,,,,,,,,,,,,,,,
325,ITA,Italy,Piedmont,1,5,1816-01-01,0,1815,1,0,-9,3500000,1815,0,-9,-9,2,1,1,2016-12-31,0,-9,-9,-9,0,1,1,0,41 54 0 N,12 30 0 E,Rome,0,0,-9,-9,325,,,,,,,,,,,,,,,,,,,,
437,CDI,Ivory Coast,-9,1,1,1960-08-07,0,-9,-9,-9,-9,-9,-9,-9,-9,-9,-9,-9,-9,2016-12-31,0,-9,-9,-9,0,-9,-9,-9,-9,-9,,-9,-9,-9,-9,,,,,,,,,,,,,,,,,,,,,
674,JBS,Jabal Shammar,"The Shammar Hail (the capital), The Rashidi Emirate",3,6,1836-01-01,0,-9,-9,0,-9,23000,1877,0,-9,-9,6,0,0,1921-12-31,0,2,0,0,0,1,0,0,27 31 0 N,41 41 0 E,Ha'il,0,0,1,0,670,645,663,,,,,,,,,,,,,,,,,,
7512,JPR,Jaipur,"Jeypoor, Jayapura, Jyenagur, Jayanagara, Amber, Dhudar, Dhundhar",1,2,1816-01-01,0,1710,1,1,01-01-1710,1900000,1875,0,3040876,-9,2,0,0,1818-04-02,0,1,0,1,1,1,0,1,26 54 0 N,75 48 0 E,Jaipur,1,1,0,1,750,,,,,,,,,,,,,,,,,,,,
7517,JSM,Jaisalmer,Jaisalmir,3,2,1816-01-01,0,1651,1,0,-9,73700,1875,0,-9,-9,2,1,0,1818-12-31,0,1,0,1,1,1,0,1,26 54 47 N,70 54 54 E,Jaisalmer,0,1,0,1,750,,,,,,,,,,,,,,,,,,,,
51,JAM,Jamaica,-9,1,4,1962-08-06,0,-9,-9,-9,-9,-9,-9,-9,-9,-9,-9,-9,-9,2016-12-31,0,-9,-9,-9,0,-9,-9,-9,-9,-9,,-9,-9,-9,-9,,,,,,,,,,,,,,,,,,,,,
8536,JAM,Jambi,-9,3,3,1816-01-01,0,1500,1,0,-9,60000,1852,0,-9,-9,2,0,0,1834-12-31,0,1,0,0,0,1,0,1,1 35 24 S,103 36 36 E,Jambi,0,1,1,0,850,,,,,,,,,,,,,,,,,,,,
740,JPN,Japan,-9,1,3,1952-04-28,0,-9,-9,-9,-9,-9,-9,-9,-9,-9,-9,-9,-9,2016-12-31,0,-9,-9,-9,0,-9,-9,-9,-9,-9,,-9,-9,-9,-9,,,,,,,,,,,,,,,,,,,,,
740,JPN,Japan,-9,1,3,1816-01-01,0,710,0,0,-9,31'000'000,1820,0,-9,-9,1,0,0,1945-08-15,0,2,0,1,0,1,1,0,35 41 23 N,139 41 32 E,Tokyo,0,0,1,0,740,,,,,,,,,,,,,,,,,,,,
8561,JEM,Jembrana,Djambangrana Djambarana Djembrana,3,3,1849-01-01,1,-9,-9,0,-9,10000,1837,1,-9,-9,2,0,0,1853-12-31,1,1,0,0,1,1,0,1,8 18 0 S,114 40 0 E,,0,0,0,1,850,,,,,,,,,,,,,,,,,,,,
8561,JEM,Jembrana,Djambangrana Djambarana Djembrana,3,3,1818-01-01,1,-9,-9,0,-9,10000,1837,1,-9,-9,3,0,0,1821-12-31,1,2,0,0,1,1,0,1,8 18 0 S,114 40 0 E,,1,1,1,1,850,,,,,,,,,,,,,,,,,,,,
5322,JMK,Jimma-Kakka,Jimma Abba Jifar,2,1,1830-01-01,0,-9,-9,1,01-01-1830,150000,1850,0,-9,-9,1,0,0,1883-12-31,1,2,0,1,0,1,0,1,7 40 28.5 N,36 50 17.4 E,,1,0,0,0,530,,,,,,,,,,,,,,,,,,,,
7516,JOD,Jodhpur,"Marwar, Joudpour, Yuddapoor",1,2,1816-01-01,0,1710,1,-9,-9,1783600,1875,0,1783600,1757681,2,0,0,1818-12-31,0,1,0,1,0,1,0,1,26 16 48 N,73 1 12 E,Jodhpur,1,1,0,1,750,,,,,,,,,,,,,,,,,,,,
8221,JOH,Johore,Johor,1,3,1816-01-01,0,1529,1,0,-9,239000,1839,0,239000,180632,3,1,0,1885-12-31,0,1,0,1,0,1,0,1,1 34 26.4 N,104 1 19.2 E,,1,0,0,0,820,,,,,,,,,,,,,,,,,,,,
4339,JLF,Jolof (Djoloff or Wolof),Wolof Kingdom,3,1,1816-01-01,0,-9,-9,0,-9,100000,1900,0,400000,30000,2,0,0,1885-04-18,0,1,0,1,0,1,0,1,15 35 22.9 N,15 20 32.8 W,Linguère,1,0,1,0,433,,,,,,,,,,,,,,,,,,,,
663,JOR,Jordan,-9,1,6,1946-03-22,0,-9,-9,-9,-9,-9,-9,-9,-9,-9,-9,-9,-9,2016-12-31,0,-9,-9,-9,0,-9,-9,-9,-9,-9,,-9,-9,-9,-9,,,,,,,,,,,,,,,,,,,,,
5309,KAF,Kaffa,"Gonga, Goffa, Kafficho Kingdom",2,1,1816-01-01,0,1700,1,0,-9,200000,1897,0,1000000,160000,1,0,0,1887-09-11,0,2,0,0,0,0,1,0,7 11 59.6 N,36 16 01.3 E,Anderaccha,1,1,1,0,530,,,,,,,,,,,,,,,,,,,,
7588,KLT,Kalat,"Kalat Khanate, Kelat, Killat, Brahui Confederacy, Baloochistan, Balochistan, Baluchistan",2,2,1816-01-01,0,1751,1,0,-9,470336,1901,0,-9,-9,1,1,0,1839-11-13,0,1,1,1,1,1,0,1,29 1 48 N,66 35 20.4 E,Kalat,1,0,1,0,770,,,,,,,,,,,,,,,,,,,,
4763,KNB,Kanem-Bornu,-9,1,1,1816-01-01,0,1472,1,0,-9,5000000,1892,0,10000000,5000000,1,1,0,1893-12-31,0,2,0,0,0,1,0,0,12 07 21.3 N,13 18 38.8 E,Kukawa,1,1,1,0,475,436,483,620,,,,,,,,,,,,,,,,,
7573,KPT,Kapurthala,Kopurthella,1,2,1816-01-01,0,1780,0,0,-9,252617,1881,0,-9,-9,1,1,0,1826-12-31,0,1,0,1,1,1,0,1,31 22 48 N,75 22 48 E,Kapurthala,1,0,1,1,750,,,,,,,,,,,,,,,,,,,,
8541,KRG,Karangasem,Carang-assam,2,3,1816-01-01,0,1675,1,1,-9,60000,1837,0,300000,-9,3,1,0,1849-12-31,0,2,0,0,0,1,0,1,8 23 0 S,115 31 0 E,,0,1,1,0,850,,,,,,,,,,,,,,,,,,,,
4703,KAS,Kasanje,Jaga Kingdom,1,1,1816-01-01,0,1639,1,0,-9,300000,1750,0,1000000,120000,1,0,1,1911-12-31,0,1,0,0,0,1,0,0,9 55 0 S,18 17 1 E,,1,1,1,0,540,,,,,,,,,,,,,,,,,,,,
6844,KAT,Kathiri Sultanate,-9,2,6,1849-01-01,1,1550,1,0,-9,35000,1880,0,-9,-9,1,1,0,1918-12-31,0,1,0,1,0,1,0,1,15 58 0 N,48 47 0 E,Say'un,1,0,0,0,698,679,680,,,,,,,,,,,,,,,,,,
705,KZK,Kazakhstan,-9,1,2,1991-12-26,0,-9,-9,-9,-9,-9,-9,-9,-9,-9,-9,-9,-9,2016-12-31,0,-9,-9,-9,0,-9,-9,-9,-9,-9,,-9,-9,-9,-9,,,,,,,,,,,,,,,,,,,,,
5517,KAZ,Kazembe,Cazembe Eastern Lunda Kingdom,2,1,1816-01-01,0,1760,1,0,-9,50000,1890,0,500000,50000,2,1,0,1872-12-31,1,2,0,0,1,1,0,0,9 49 03.6 S,28 45 53.0 E,,1,1,1,0,551,490,,,,,,,,,,,,,,,,,,,
8222,KED,Kedah,Kedah Quedah,1,3,1816-01-01,0,1635,1,0,-9,70000,1820,0,100000,-9,2,0,0,1821-12-31,0,1,0,0,1,1,0,1,6 7 42 N,100 21 46 E,Alor Setar,1,0,1,0,820,,,,,,,,,,,,,,,,,,,,
8223,KEL,Kelantan,Calantan,2,3,1816-01-01,0,1800,1,0,-9,300000,1905,0,-9,282751,2,0,0,1902-12-31,1,3,1,1,1,1,0,1,6 8 0 N,102 15 0 E,,1,1,0,0,820,,,,,,,,,,,,,,,,,,,,
501,KEN,Kenya,-9,1,1,1963-12-12,0,-9,-9,-9,-9,-9,-9,-9,-9,-9,-9,-9,-9,2016-12-31,0,-9,-9,-9,0,-9,-9,-9,-9,-9,,-9,-9,-9,-9,,,,,,,,,,,,,,,,,,,,,
4343,KET,Ketu Kingdom,Ketou Kingdom,3,1,1816-01-01,0,1650,0,0,-9,50000,1850,0,-9,15000,1,0,0,1886-12-31,0,2,0,0,0,1,0,0,7 21 36.8 N,2 36 17.1 E,Kétou,1,1,1,0,475,,,,,,,,,,,,,,,,,,,,
7552,KHI,Khaipur,"Khairpur, Khyrpoor, Khyerpoor",1,2,1816-01-01,0,1813,1,0,-9,126962,1872,0,-9,-9,2,1,0,1838-12-24,0,1,0,1,0,1,0,1,27 32 0 N,68 46 0 E,Khairpur,1,1,0,1,770,,,,,,,,,,,,,,,,,,,,
7030,KHV,Khiva,"Khorezm, Khaurezm, Khwarazm",1,2,1816-01-01,0,1511,1,1,21-03-1623,400000,1885,0,750000,400000,2,0,0,1873-08-12,0,2,0,1,0,1,0,1,41 23 0 N,60 22 0 E,Khiva,1,1,1,0,704,701,365,705,,,,,,,,,,,,,,,,,
5104,KWE,Kingdom of Karagwe,Karaqwe,3,1,1816-01-01,0,1500,1,0,-9,29000,1918,1,-9,-9,1,1,0,1891-01-31,0,1,0,0,0,1,1,0,1 30 7 S,30 59 24 E,,0,1,-9,1,510,,,,,,,,,,,,,,,,,,,,
946,KIR,Kiribati,-9,1,3,1979-07-12,0,-9,-9,-9,-9,-9,-9,-9,-9,-9,-9,-9,-9,2016-12-31,0,-9,-9,-9,0,-9,-9,-9,-9,-9,,-9,-9,-9,-9,,,,,,,,,,,,,,,,,,,,,
7514,KSG,Kishangarh,Kishngarh,3,2,1816-01-01,0,1790,1,0,-9,70000,1875,0,-9,-9,2,0,0,1818-12-31,0,1,0,1,1,1,0,1,26 34 12 N,74 52 12 E,Kishangarh,0,0,0,0,750,,,,,,,,,,,,,,,,,,,,
8568,KLU,Klungkung,Kalong-Kong Kloengkoeng Kalungkung Klonkong,3,3,1816-01-01,0,1478,1,0,-9,60000,1837,0,-9,-9,3,0,0,1911-12-31,1,1,0,1,0,1,0,0,8 32 20.12 S,115 24 16.24 E,Semarapura,0,0,1,0,850,,,,,,,,,,,,,,,,,,,,
7010,KOK,Kokand,"Khoquand, Ferghana, Quqonin",2,2,1816-01-01,0,1709,1,1,01-01-1709,750000,1876,0,3000000,800000,2,0,0,1876-02-19,0,2,0,1,0,1,0,1,40 31 43 N,70 56 33 E,Kokand,1,1,1,0,704,703,702,705,365,,,,,,,,,,,,,,,,
4392,KNG,Kong Empire,Dyula Kingdom of Kong Wattara (or Ouattara) Empire,3,1,1816-01-01,0,1750,1,0,-9,-9,-9,1,-9,-9,1,0,0,1889-01-10,0,1,0,1,0,1,0,0,9 9 0 N,4 37 0 W,Kong,1,1,1,0,437,439,,,,,,,,,,,,,,,,,,,
4911,KON,Kongo Kingdom,-9,1,1,1816-01-01,0,1400,1,0,-9,532000,1700,1,3000000,10000,1,0,1,1888-12-31,0,1,0,1,0,1,0,0,6 16 4 S,14 14 53 E,Mbanza-Kongo,1,1,0,1,540,490,484,,,,,,,,,,,,,,,,,,
730,KOR,Korea,"Koryo, Choson",1,3,1816-01-01,0,676,0,0,-9,13500000,1800,0,-9,-9,4,1,0,1905-11-17,0,2,0,0,0,1,1,0,37 34 0 N,126 58 0 E,Seoul,1,0,1,0,732,731,,,,,,,,,,,,,,,,,,,
347,KOS,Kosovo,-9,1,5,2008-02-20,1,-9,-9,-9,-9,-9,-9,-9,-9,-9,-9,-9,-9,2016-12-31,0,-9,-9,-9,0,-9,-9,-9,-9,-9,,-9,-9,-9,-9,,,,,,,,,,,,,,,,,,,,,
7521,KOT,Kotah,"Kota, Kotah Mahajagat",2,2,1816-01-01,0,1771,1,1,01-01-1631,433000,1858,0,436000,-9,2,0,1,1817-12-26,0,1,0,1,1,1,1,1,25 0 0 N,76 10 0 E,Kota,0,1,0,1,750,,,,,,,,,,,,,,,,,,,,
4910,KUB,Kuba,"Bakuba, Bushongo",2,1,1816-01-01,0,1625,1,0,-9,140000,1880,0,160000,120000,1,0,0,1900-12-31,0,1,0,0,0,1,0,1,04 19 49 S,20 35 14 E,,-9,1,1,0,490,,,,,,,,,,,,,,,,,,,,
7004,KUN,Kunduz,"Afghan-Turkestan, Qunduz, Koonduz, Koondooz, Kataghan, Badakhshan",3,2,1816-01-01,0,1815,1,0,-9,1000000,1815,0,-9,-9,1,1,0,1859-12-31,0,1,0,0,1,1,0,1,36 43 43 N,68 52 5 E,Kunduz,1,1,1,0,700,,,,,,,,,,,,,,,,,,,,
8538,KUT,Kutai,Kutei Coti,3,3,1816-01-01,0,1636,1,0,-9,40000,1924,1,-9,-9,6,1,0,1844-12-31,0,1,0,1,1,1,0,1,0 29 0 S,117 18 0 E,,1,1,1,1,850,,,,,,,,,,,,,,,,,,,,
690,KUW,Kuwait,-9,1,6,1961-06-19,0,-9,-9,-9,-9,-9,-9,-9,-9,-9,-9,-9,-9,2016-12-31,0,-9,-9,-9,0,-9,-9,-9,-9,-9,,-9,-9,-9,-9,,,,,,,,,,,,,,,,,,,,,
703,KYR,Kyrgyzstan,-9,1,2,1991-12-26,0,-9,-9,-9,-9,-9,-9,-9,-9,-9,-9,-9,-9,2016-12-31,0,-9,-9,-9,0,-9,-9,-9,-9,-9,,-9,-9,-9,-9,,,,,,,,,,,,,,,,,,,,,
4044,KBU,Kaabu Empire,"Gabu, Ngabou, N’gabu",3,1,1816-01-01,0,1537,0,1,01-01-1537,-9,-9,1,-9,-9,3,0,0,1867-12-31,0,2,0,0,0,1,0,1,12 17 0 N,14 13 0 W,Kansala,0,0,1,0,404,420,433,,,,,,,,,,,,,,,,,,
4325,KTA,Kaarta,Bamana Kingdom,1,1,1816-01-01,0,1754,1,0,-9,100000,1885,0,300000,-9,2,1,0,1854-12-31,0,2,0,0,0,0,0,1,15 07 25 N,10 34 57.8 W,,1,0,1,0,432,,,,,,,,,,,,,,,,,,,,
6821,LHJ,Lahej Sultanate,Lahj,3,6,1816-01-01,0,1728,1,1,01-01-1728,10000,-9,1,10000,4000,2,0,0,1898-12-31,1,1,0,0,0,1,0,0,13 03 00 N,44 53 00 E,Lahij,1,0,0,0,679,,,,,,,,,,,,,,,,,,,,
812,LAO,Laos,-9,1,3,1953-10-23,0,-9,-9,-9,-9,-9,-9,-9,-9,-9,-9,-9,-9,2016-12-31,0,-9,-9,-9,0,-9,-9,-9,-9,-9,,-9,-9,-9,-9,,,,,,,,,,,,,,,,,,,,,
367,LAT,Latvia,-9,1,5,1991-09-06,0,-9,-9,-9,-9,-9,-9,-9,-9,-9,-9,-9,-9,2016-12-31,0,-9,-9,-9,0,-9,-9,-9,-9,-9,,-9,-9,-9,-9,,,,,,,,,,,,,,,,,,,,,
367,LAT,Latvia,-9,1,5,1918-11-18,0,-9,-9,1,18-11-1918,1'845'000,1920,0,-9,-9,3,0,0,1940-06-16,0,2,0,0,0,1,1,0,56 57 0 N,24 6 0 E,Riga,1,0,1,0,367,,,,,,,,,,,,,,,,,,,,
660,LEB,Lebanon,-9,1,6,1946-03-10,0,-9,-9,-9,-9,-9,-9,-9,-9,-9,-9,-9,-9,2016-12-31,0,-9,-9,-9,0,-9,-9,-9,-9,-9,,-9,-9,-9,-9,,,,,,,,,,,,,,,,,,,,,
570,LES,Lesotho,-9,1,1,1966-10-04,0,-9,-9,-9,-9,-9,-9,-9,-9,-9,-9,-9,-9,2016-12-31,0,-9,-9,-9,0,-9,-9,-9,-9,-9,,-9,-9,-9,-9,,,,,,,,,,,,,,,,,,,,,
570,LES,Lesotho,"Basutoland, Basotho, Sotho",2,1,1823-01-01,1,-9,-9,0,-9,130000,1868,0,130000,127000,1,1,0,1848-02-22,0,2,0,1,0,1,0,1,29 35 06.1 S,28 14 18.4 E,Maseru,1,0,0,0,570,,,,,,,,,,,,,,,,,,,,
570,LES,Lesotho,"Basutoland, Basotho, Sotho",2,1,1852-12-24,0,-9,-9,1,23-02-1854,130000,1868,0,130000,127000,2,0,1,1868-03-12,0,1,0,1,0,1,1,0,29 35 06.1 S,28 14 18.4 E,Maseru,1,0,1,0,570,,,,,,,,,,,,,,,,,,,,
450,LBR,Liberia,-9,1,1,1847-07-26,0,-9,-9,1,26-07-1847,257000,1847,0,2000000,-9,6,1,1,2016-12-31,0,-9,-9,-9,0,1,1,0,6 18 48 N,10 48 5 W,Monrovia,0,0,0,0,450,,,,,,,,,,,,,,,,,,,,
620,LIB,Libya,-9,1,1,1951-12-24,0,-9,-9,-9,-9,-9,-9,-9,-9,-9,-9,-9,-9,2016-12-31,0,-9,-9,-9,0,-9,-9,-9,-9,-9,,-9,-9,-9,-9,,,,,,,,,,,,,,,,,,,,,
620,LIB,Libya,-9,1,1,1816-01-01,0,1711,1,0,-9,250000,1816,0,1000000,100000,2,0,0,1835-12-31,0,1,0,0,0,1,1,0,32 53 14 N,13 11 29 E,Tripoli,1,0,1,0,620,,,,,,,,,,,,,,,,,,,,
223,LIC,Liechtenstein,-9,2,5,1816-01-01,1,1806,1,0,-9,8320,1831,1,-9,-9,2,1,1,2016-12-31,0,-9,-9,-9,0,1,1,0,47 8 24 N,9 33 0 E,Vaduz,0,0,-9,-9,223,,,,,,,,,,,,,,,,,,,,
252,LIP,Lippe,Lippe-Detmold,2,5,1816-01-01,0,1815,1,0,-9,78718,1828,1,-9,-9,2,1,1,1866-08-18,1,3,0,1,0,1,1,0,51 56 16 N,8 53 0 E,Detmold,0,0,0,0,255,260,,,,,,,,,,,,,,,,,,,
368,LIT,Lithuania,-9,1,5,1991-09-06,0,-9,-9,-9,-9,-9,-9,-9,-9,-9,-9,-9,-9,2016-12-31,0,-9,-9,-9,0,-9,-9,-9,-9,-9,,-9,-9,-9,-9,,,,,,,,,,,,,,,,,,,,,
368,LIT,Lithuania,-9,1,5,1918-02-16,0,-9,-9,1,11-12-1917,2'230'000,1920,0,-9,-9,3,0,0,1940-06-15,0,2,0,0,0,1,1,0,54 41 0 N,25 19 0 E,Vilnius,1,0,1,0,368,,,,,,,,,,,,,,,,,,,,
4842,LNG,Loango Kingdom,Vili Kingdom of Loango,3,1,1816-01-01,0,1550,1,0,-9,750000,1886,0,-9,-9,2,0,0,1834-12-31,1,4,1,0,0,1,0,0,1 30 59.9 S,11 49 00.0 E,Bouali,0,1,0,0,490,484,,,,,,,,,,,,,,,,,,,
8122,LPB,Luang Phrabang,-9,3,3,1816-01-01,0,1707,0,0,-9,8000,1650,1,-9,-9,2,0,0,1893-12-31,1,1,0,0,1,1,0,1,19 53 0 N,102 8 0 E,Luang Prabang,1,0,1,0,812,,,,,,,,,,,,,,,,,,,,
4904,LUB,Luba,"Luba-Kunda Empire, Baluba",2,1,1816-01-01,0,1550,1,0,-9,211000,1931,0,2000000,200000,1,0,0,1891-12-31,1,1,0,0,0,1,0,0,7 02 32.6 S,25 46 48.0 E,,1,0,1,0,490,,,,,,,,,,,,,,,,,,,,
276,LUB,Lubeck,Free City of Lubeck,3,5,1816-01-01,0,1815,1,0,-9,36000,1816,0,46000,-9,2,1,1,1866-08-18,0,3,0,1,0,1,1,0,53 52 11 N,10 41 11 E,Lübeck,0,1,0,1,255,260,,,,,,,,,,,,,,,,,,,
336,LUC,Lucca,-9,3,5,1816-01-01,0,1815,0,0,-9,143000,1826,0,158900,-9,2,1,1,1847-10-04,0,2,0,1,0,1,1,0,43 50 30 N,10 30 10 E,Lucca,0,0,0,0,325,,,,,,,,,,,,,,,,,,,,
4902,LUN,Lunda Empire,Rund Kingdom,2,1,1816-01-01,0,1700,1,0,-9,1000000,1810,0,2000000,1000000,1,0,0,1885-12-31,1,2,0,0,0,1,0,1,8 27 13.6 S,22 41 20.8 E,,1,0,1,0,540,490,,,,,,,,,,,,,,,,,,,
8554,LWU,Luwu,Ware,3,3,1816-01-01,0,1300,0,0,-9,-9,-9,1,-9,-9,1,0,0,1906-12-31,1,1,0,0,0,1,1,1,3 0 0 S,120 12 0 E,,-9,-9,1,0,850,,,,,,,,,,,,,,,,,,,,
212,LUX,Luxembourg,-9,1,5,1890-11-23,1,-9,-9,1,01-01-1839,210275,1852,0,211088,200000,2,1,1,1940-05-10,0,2,0,0,0,1,1,0,49 36 38.16 N,6 7 58.08 E,Luxembourg City,0,0,1,0,212,,,,,,,,,,,,,,,,,,,,
212,LUX,Luxembourg,-9,1,5,1944-09-10,0,-9,-9,-9,-9,-9,-9,-9,-9,-9,-9,-9,-9,2016-12-31,0,-9,-9,-9,0,-9,-9,-9,-9,-9,,-9,-9,-9,-9,,,,,,,,,,,,,,,,,,,,,
343,MAC,Macedonia,-9,1,5,1993-04-08,0,-9,-9,-9,-9,-9,-9,-9,-9,-9,-9,-9,-9,2016-12-31,0,-9,-9,-9,0,-9,-9,-9,-9,-9,,-9,-9,-9,-9,,,,,,,,,,,,,,,,,,,,,
580,MAG,Madagascar,-9,1,1,1960-06-26,0,-9,-9,-9,-9,-9,-9,-9,-9,-9,-9,-9,-9,2016-12-31,0,-9,-9,-9,0,-9,-9,-9,-9,-9,,-9,-9,-9,-9,,,,,,,,,,,,,,,,,,,,,
580,MAG,Madagascar,The Merina Empire the Kingdom of Madagascar the Kingdom of Imerina,2,1,1816-01-01,0,1783,1,0,-9,2500000,1878,0,4000000,800000,1,1,0,1895-12-17,0,1,0,1,0,1,1,1,18 52 44.0 S,47 30 36.4 E,Antananarivo,1,1,1,0,580,,,,,,,,,,,,,,,,,,,,
5203,MTJ,Majeerteen Sultanate,"Migiurtinia Majerteen Majertain Majerteyn Harti, Alula (Mijerteyn)",3,1,1816-01-01,0,1800,1,0,-9,-9,-9,1,-9,-9,6,0,-9,1889-12-31,0,1,0,1,0,1,0,0,11 57 55 N,50 45 22 E,Alula,0,1,0,0,520,,,,,,,,,,,,,,,,,,,,
553,MAW,Malawi,-9,1,1,1964-07-06,0,-9,-9,-9,-9,-9,-9,-9,-9,-9,-9,-9,-9,2016-12-31,0,-9,-9,-9,0,-9,-9,-9,-9,-9,,-9,-9,-9,-9,,,,,,,,,,,,,,,,,,,,,
820,MAL,Malaysia,-9,1,3,1957-08-31,0,-9,-9,-9,-9,-9,-9,-9,-9,-9,-9,-9,-9,2016-12-31,0,-9,-9,-9,0,-9,-9,-9,-9,-9,,-9,-9,-9,-9,,,,,,,,,,,,,,,,,,,,,
781,MAD,Maldives,-9,1,2,1965-07-26,0,-9,-9,-9,-9,-9,-9,-9,-9,-9,-9,-9,-9,2016-12-31,0,-9,-9,-9,0,-9,-9,-9,-9,-9,,-9,-9,-9,-9,,,,,,,,,,,,,,,,,,,,,
432,MLI,Mali,-9,1,1,1960-06-20,0,-9,-9,-9,-9,-9,-9,-9,-9,-9,-9,-9,-9,2016-12-31,0,-9,-9,-9,0,-9,-9,-9,-9,-9,,-9,-9,-9,-9,,,,,,,,,,,,,,,,,,,,,
338,MLT,Malta,-9,1,5,1964-09-21,0,-9,-9,-9,-9,-9,-9,-9,-9,-9,-9,-9,-9,2016-12-31,0,-9,-9,-9,0,-9,-9,-9,-9,-9,,-9,-9,-9,-9,,,,,,,,,,,,,,,,,,,,,
4765,MDR,Mandara,Wandala,3,1,1816-01-01,0,1500,1,0,-9,-9,2018,1,84000,-9,1,1,0,1902-12-31,0,1,0,0,1,0,0,1,11 3 0 N,14 9 0 E,,1,0,1,0,471,483,,,,,,,,,,,,,,,,,,,
4393,MDK,Mandinka Empire,"The Wassoulou (Wasulu, Wassulu, Wassalou or Oussalou) Empire",2,1,1878-01-01,1,-9,-9,0,-9,1500000,1887,0,1500000,100000,2,1,0,1887-03-25,1,1,0,1,0,1,0,1,9 55 59.3 N,9 09 22.9 W,Bissandugu,1,0,1,0,438,437,432,,,,,,,,,,,,,,,,,,
4909,MNG,Mangbetu Kingdom,-9,3,1,1816-01-01,0,1815,1,0,-9,100000,1921,0,112000,-9,1,0,0,1873-12-31,0,4,0,0,0,1,0,1,2 26 34.9 N,28 21 23.2 E,Mbunza,1,0,1,0,490,,,,,,,,,,,,,,,,,,,,
7587,MPR,Manipur,"Munipoor, Cassay, Kathay, Mogli, Mikli",1,2,1816-01-01,1,1782,1,0,-9,55000,1819,0,221070,-9,2,0,0,1891-04-27,0,1,0,0,1,1,0,1,24 48 26.64 N,93 56 18.24 E,Imphal,1,1,1,0,750,,,,,,,,,,,,,,,,,,,,
4758,MRD,Maradi,Katsina-state,1,1,1819-01-01,0,-9,-9,0,-8,-9,-9,-9,-9,-9,6,0,0,1898-12-31,0,2,0,0,0,0,0,0,13 29 30 N,7 5 47 E,Maradi,0,0,1,0,436,,,,,,,,,,,,,,,,,,,,
983,MSI,Marshall Islands,-9,1,3,1986-10-21,0,-9,-9,-9,-9,-9,-9,-9,-9,-9,-9,-9,-9,2016-12-31,0,-9,-9,-9,0,-9,-9,-9,-9,-9,,-9,-9,-9,-9,,,,,,,,,,,,,,,,,,,,,
4326,MAS,Massina,"The Messina Empire, Hamdallahi Caliphate, Macina",2,1,1816-01-01,1,1810,1,0,-9,4000000,1810,0,4500000,10000,2,0,0,1862-12-31,0,2,0,0,0,1,0,1,14 19 52 N,04 05 45 W,Hamdullahi,1,0,1,0,432,,,,,,,,,,,,,,,,,,,,
8570,MAT,Mataram,-9,3,3,1816-01-01,0,1570,0,0,-9,4390661,1815,0,-9,-9,2,0,0,1830-12-31,0,1,0,0,1,1,0,1,7 34 27 S,110 47 8 E,,1,0,1,0,850,,,,,,,,,,,,,,,,,,,,
8542,LOM,Mataram Lombok,Lombok,3,3,1839-01-01,0,-9,-9,-9,-9,530000,1890,0,-9,-9,2,0,0,1894-12-31,0,1,0,-9,0,1,0,1,8 35 0 S,116 7 0 E,,1,0,1,0,850,,,,,,,,,,,,,,,,,,,,
9207,MTA,Mataatua,-9,3,3,1816-01-01,0,-9,-9,0,-9,14000,1801,1,-9,-9,1,0,0,1835-10-28,0,3,-9,1,1,1,0,1,37 59 0 S,177 0 0 E,,0,0,0,0,920,,,,,,,,,,,,,,,,,,,,
435,MAA,Mauritania,-9,1,1,1960-11-28,0,-9,-9,-9,-9,-9,-9,-9,-9,-9,-9,-9,-9,2016-12-31,0,-9,-9,-9,0,-9,-9,-9,-9,-9,,-9,-9,-9,-9,,,,,,,,,,,,,,,,,,,,,
590,MAS,Mauritius,-9,1,1,1968-03-12,0,-9,-9,-9,-9,-9,-9,-9,-9,-9,-9,-9,-9,2016-12-31,0,-9,-9,-9,0,-9,-9,-9,-9,-9,,-9,-9,-9,-9,,,,,,,,,,,,,,,,,,,,,
280,MEC,Mecklenburg Schwerin,-9,2,5,1816-01-01,0,1815,1,0,-9,340000,1816,0,463362,-9,2,0,1,1866-08-18,1,3,0,1,0,1,1,0,53 38 0 N,11 25 0 E,Schwerin,0,0,0,0,255,265,,,,,,,,,,,,,,,,,,,
253,MKS,Mecklenburg Strelitz,-9,3,5,1816-01-01,0,1815,1,0,-9,71764,1816,0,99060,-9,2,1,1,1866-08-21,0,3,0,1,0,1,1,0,53 21 53 N,13 3 49 E,Strelitz,0,0,0,0,255,265,,,,,,,,,,,,,,,,,,,
5797,MNB,Menabe,Sakalava Kingdom,1,1,1816-01-01,0,1550,1,0,0,-8,-9,-9,-9,-9,1,0,0,1850-12-31,1,2,0,-9,0,0,0,0,20 17 5 S,44 19 3 E,,0,0,1,0,580,,,,,,,,,,,,,,,,,,,,
8571,MGW,Mengwi,Mang Oei Manguwi Mengoi Mengui,3,3,1816-01-01,0,1690,1,-9,-9,150000,1837,0,-9,-9,3,1,-9,1823-12-31,1,2,0,1,0,-9,0,0,8 33 0 S,115 10 0.12 E,,0,0,1,0,850,,,,,,,,,,,,,,,,,,,,
70,MEX,Mexico,-9,1,4,1821-08-24,1,-9,-9,1,24-02-1821,6'587'000,1820,0,-9,-9,5,0,1,2016-12-31,0,-9,-9,-9,0,1,1,0,19 26 0 N,99 8 0 W,Mexico City,1,0,-9,-9,70,,,,,,,,,,,,,,,,,,,,
8534,MIN,Minangkabau,-9,1,3,1816-01-01,0,1347,0,0,-9,695917,1852,0,-9,-9,2,1,0,1837-12-31,1,1,0,1,0,0,0,0,0 26 22 S,100 40 9 E,Pagaruyung,1,1,1,0,850,,,,,,,,,,,,,,,,,,,,
332,MOD,Modena,-9,1,5,1816-01-01,0,1815,1,0,-9,400000,1839,0,-9,-9,2,1,1,1860-03-31,0,3,0,0,0,1,1,0,44 38 49 N,10 55 32 E,Modena,0,0,0,0,325,,,,,,,,,,,,,,,,,,,,
5814,MOH,Moheli,Mwali,3,1,1830-01-01,0,-9,-9,0,-9,-9,-9,1,-9,-9,2,0,0,1886-12-31,1,1,0,1,0,1,1,0,12 16 48 S,43 44 33 E,,-9,-9,-9,1,581,,,,,,,,,,,,,,,,,,,,
359,MLD,Moldova,-9,1,5,1991-12-26,0,-9,-9,-9,-9,-9,-9,-9,-9,-9,-9,-9,-9,2016-12-31,0,-9,-9,-9,0,-9,-9,-9,-9,-9,,-9,-9,-9,-9,,,,,,,,,,,,,,,,,,,,,
221,MNC,Monaco,-9,1,5,1993-05-28,0,-9,-9,-9,-9,-9,-9,-9,-9,-9,-9,-9,-9,2016-12-31,0,-9,-9,-9,0,-9,-9,-9,-9,-9,,-9,-9,-9,-9,,,,,,,,,,,,,,,,,,,,,
712,MON,Mongolia,-9,1,2,1921-01-01,0,1200,1,1,01-01-1911,1000000,1960,0,1000000,-9,2,0,0,2016-12-31,0,-9,-9,-9,0,1,1,0,47 55 13 N,106 55 2 E,Ulaanbaatar,1,0,-9,-9,712,,,,,,,,,,,,,,,,,,,,
341,MNG,Montenegro,-9,1,5,2006-06-12,0,-9,-9,-9,-9,-9,-9,-9,-9,-9,-9,-9,-9,2016-12-31,0,-9,-9,-9,0,-9,-9,-9,-9,-9,,-9,-9,-9,-9,,,,,,,,,,,,,,,,,,,,,
341,MNG,Montenegro,-9,1,5,1878-07-13,0,-9,-9,1,13-07-1878,195585,1871,0,-9,-9,2,1,1,1918-11-26,1,2,0,1,0,1,1,0,42 26 28.63 N,19 15 46.41 E,Podgorica,0,1,1,0,341,,,,,,,,,,,,,,,,,,,,
600,MOR,Morocco,-9,1,1,1956-03-02,0,-9,-9,-9,-9,-9,-9,-9,-9,-9,-9,-9,-9,2016-12-31,0,-9,-9,-9,0,-9,-9,-9,-9,-9,,-9,-9,-9,-9,,,,,,,,,,,,,,,,,,,,,
600,MOR,Morocco,The Morocco Sultanate,2,1,1816-01-01,0,1578,1,0,-9,1000000,1906,0,5000000,-9,2,0,0,1912-03-30,0,1,0,1,0,1,0,1,31 38 02.3 N,7 59 11.7 W,Marrakech,1,1,1,0,600,,,,,,,,,,,,,,,,,,,,
541,MZM,Mozambique,-9,1,1,1975-06-25,0,-9,-9,-9,-9,-9,-9,-9,-9,-9,-9,-9,-9,2016-12-31,0,-9,-9,-9,0,-9,-9,-9,-9,-9,,-9,-9,-9,-9,,,,,,,,,,,,,,,,,,,,,
5603,MTW,Mthetwa,"Mtetwa, Mthethwa Paramountcy",3,1,1816-01-01,0,1810,1,0,-9,-9,-9,1,-9,-9,1,1,0,1817-12-31,1,3,0,0,0,0,1,0,28 30 54 S,31 50 55 E,,0,0,0,1,560,,,,,,,,,,,,,,,,,,,,
775,MYA,Myanmar,-9,1,3,1948-01-04,0,-9,-9,-9,-9,-9,-9,-9,-9,-9,-9,-9,-9,2016-12-31,0,-9,-9,-9,0,-9,-9,-9,-9,-9,,-9,-9,-9,-9,,,,,,,,,,,,,,,,,,,,,
775,MYA,Myanmar,Burma,1,3,1816-01-01,0,1757,1,0,-9,21486400,1960,0,-9,-9,4,0,0,1885-11-28,0,1,0,0,0,1,1,1,21 58 30 N,96 5 0 E,Mandalay,1,0,1,0,775,,,,,,,,,,,,,,,,,,,,
7585,NAG,Nagpur,"(of the) Bhonsla, Nagpore, Nagpoor",1,2,1816-01-01,0,1743,1,0,-9,2214904,1820,0,2214904,697356,2,0,1,1818-12-31,1,1,0,1,1,1,0,1,21 9 0 N,79 5 0 E,Nagpur,1,0,1,0,750,,,,,,,,,,,,,,,,,,,,
565,NAM,Namibia,-9,1,1,1990-03-21,0,-9,-9,-9,-9,-9,-9,-9,-9,-9,-9,-9,-9,2016-12-31,0,-9,-9,-9,0,-9,-9,-9,-9,-9,,-9,-9,-9,-9,,,,,,,,,,,,,,,,,,,,,
254,NAS,Nassau,-9,1,5,1816-01-01,0,1815,1,0,-9,301907,1817,0,362652,-9,2,1,1,1866-09-20,0,2,0,1,0,1,1,0,50 4 57 N,8 14 24 E,Wiesbaden,0,0,1,0,255,260,,,,,,,,,,,,,,,,,,,
970,NAU,Nauru,-9,1,3,1968-01-31,0,-9,-9,-9,-9,-9,-9,-9,-9,-9,-9,-9,-9,2016-12-31,0,-9,-9,-9,0,-9,-9,-9,-9,-9,,-9,-9,-9,-9,,,,,,,,,,,,,,,,,,,,,
5522,NDB,Ndebele Kingdom,Matabele Kingdom,2,1,1822-01-01,1,-9,-9,0,-9,60000,1829,0,80000,60000,2,1,0,1893-12-31,1,2,0,0,0,,0,1,20 10 00 S,28 34 00 E,Bulawayo,1,0,1,0,552,560,,,,,,,,,,,,,,,,,,,
5602,NDW,Ndwandwe Kingdom,-9,3,1,1816-01-01,0,1750,1,0,-9,-9,-9,1,-9,-9,-9,-9,0,1820-12-31,0,2,0,0,0,0,0,1,27 53 0 S,31 38 0 E,,0,0,1,0,560,,,,,,,,,,,,,,,,,,,,
8210,NGS,Negeri Sembilan,Negeri Sembilan Sri Menanti confederacy,3,3,1816-01-01,0,1773,0,1,21-03-1773,65219,1891,1,130199,27680,4,0,0,1887-12-31,0,1,0,1,0,1,1,0,2 42 0 N,102 10 0 E,Seri Menanti,0,0,0,0,820,,,,,,,,,,,,,,,,,,,,
670,SAU,Nejd (Saudi Arabia),"House of Saud (or al-Saud), Riyadh, Nejd/Saud Sultanate/Emirate, etc.",2,6,1843-01-01,0,1744,0,0,-9,300000,1810,0,-9,-9,5,0,0,1891-12-31,0,2,0,0,0,1,0,0,24 38 0 N,46 43 0 E,Riyadh,0,0,1,0,670,,,,,,,,,,,,,,,,,,,,
670,SAU,Nejd (Saudi Arabia),"House of Saud (or al-Saud), Riyadh, Nejd/Saud Sultanate/Emirate, etc.",1,6,1816-01-01,0,1744,0,0,-9,300000,1810,0,-9,-9,6,0,1,1818-12-31,0,2,0,0,0,1,0,0,24 38 0 N,46 43 0 E,Riyadh,0,0,1,0,670,,,,,,,,,,,,,,,,,,,,
670,SAU,Nejd (Saudi Arabia),"House of Saud (or al-Saud), Riyadh, Nejd/Saud Sultanate/Emirate, etc.",2,6,1902-01-15,0,-9,-9,0,-9,2550000,1920,0,-9,-9,2,0,0,2016-12-31,0,-9,-9,-9,0,1,0,0,24 38 0 N,46 43 0 E,Riyadh,0,0,-9,-9,670,,,,,,,,,,,,,,,,,,,,
790,NEP,Nepal,-9,1,2,1816-01-01,0,1768,0,0,-9,10100000,1960,0,-9,-9,4,0,0,2016-12-31,0,-9,-9,-9,0,1,1,0,27 43 02 N,85 19 26 E,Kathmandu,1,0,-9,-9,790,,,,,,,,,,,,,,,,,,,,
210,NTH,Netherlands,-9,1,5,1945-06-26,0,-9,-9,-9,-9,-9,-9,-9,-9,-9,-9,-9,-9,2016-12-31,0,-9,-9,-9,0,-9,-9,-9,-9,-9,,-9,-9,-9,-9,,,,,,,,,,,,,,,,,,,,,
210,NTH,Netherlands,The United Kingdom of the Netherlands,1,5,1816-01-01,0,1815,0,0,-9,2'333'000,1820,0,-9,-9,3,0,1,1940-05-15,0,2,0,0,0,1,1,0,52 22 0 N,4 54 0 E,Amsterdam,1,0,1,0,210,211,212,,,,,,,,,,,,,,,,,,
920,NEW,New Zealand,-9,1,3,1920-01-10,0,-9,-9,0,-9,1'241'000,1920,0,-9,-9,5,0,1,2016-12-31,0,-9,-9,-9,0,1,1,0,41 18 0 S,174 47 0 E,Wellington,0,0,-9,-9,920,,,,,,,,,,,,,,,,,,,,
9208,NGA,Ngapuhi,-9,3,3,1816-01-01,0,-9,-9,0,-9,14000,1801,1,18000,-9,1,0,0,1828-12-31,1,4,0,0,1,1,0,0,35 19 17 s,173 51 33 e,Okuratope,1,0,1,0,920,,,,,,,,,,,,,,,,,,,,
93,NIC,Nicaragua,-9,1,4,1840-01-01,1,-9,-9,1,30-04-1838,242000,1840,0,277000,207269,3,0,1,2016-12-31,0,-9,-9,-9,1,1,1,1,12 8 11 N,86 15 5 W,Managua,0,1,-9,-9,93,,,,,,,,,,,,,,,,,,,,
436,NIR,Niger,-9,1,1,1960-10-03,0,-9,-9,-9,-9,-9,-9,-9,-9,-9,-9,-9,-9,2016-12-31,0,-9,-9,-9,0,-9,-9,-9,-9,-9,,-9,-9,-9,-9,,,,,,,,,,,,,,,,,,,,,
475,NIG,Nigeria,-9,1,1,1960-10-01,0,-9,-9,-9,-9,-9,-9,-9,-9,-9,-9,-9,-9,2016-12-31,0,-9,-9,-9,0,-9,-9,-9,-9,-9,,-9,-9,-9,-9,,,,,,,,,,,,,,,,,,,,,
731,PRK,North Korea,-9,1,3,1948-09-09,0,-9,-9,-9,-9,-9,-9,-9,-9,-9,-9,-9,-9,2016-12-31,0,-9,-9,-9,0,-9,-9,-9,-9,-9,,-9,-9,-9,-9,,,,,,,,,,,,,,,,,,,,,
385,NOR,Norway,-9,1,5,1945-05-07,0,-9,-9,-9,-9,-9,-9,-9,-9,-9,-9,-9,-9,2016-12-31,0,-9,-9,-9,0,-9,-9,-9,-9,-9,,-9,-9,-9,-9,,,,,,,,,,,,,,,,,,,,,
385,NOR,Norway,-9,1,5,1905-06-07,0,-9,-9,1,07-06-1905,2'384'000,1910,0,-9,-9,3,0,1,1940-04-30,0,2,0,0,0,1,1,0,59 56 0 N,10 41 0 E,Oslo,0,0,1,0,385,,,,,,,,,,,,,,,,,,,,
4761,NUP,Nupe,-9,3,1,1816-01-01,0,1500,1,0,-9,100000,1830,0,-9,-9,1,1,0,1832-12-31,0,2,0,0,0,1,0,0,9 12 39.7 N,5 01 46.5 E,Rabba,1,0,1,0,475,,,,,,,,,,,,,,,,,,,,
5110,NYA,Nyungu Kingdom,-9,3,1,1880-01-01,0,-9,-9,0,-9,100000,1884,0,200000,-9,1,1,0,1894-12-31,0,1,0,1,0,1,0,0,5 55 42.7 S,34 09 57.9 E,Ukimbu,1,0,0,0,510,,,,,,,,,,,,,,,,,,,,
4395,OGD,Oaugadougou,Wagadugu,3,1,1816-01-01,0,1400,1,0,-9,750000,1958,0,-9,-9,1,1,0,1896-09-30,0,1,0,0,0,1,0,1,12 21 26 N,1 32 7 W,Oaugadougou,1,0,1,0,439,,,,,,,,,,,,,,,,,,,,
257,OLD,Oldenburg,-9,2,5,1816-01-01,0,1815,1,0,-9,217000,1820,0,-9,-9,2,1,1,1866-08-18,1,3,0,1,0,1,1,0,53 8 38 N,8 12 50 E,Oldenburg,0,0,0,0,255,260,,,,,,,,,,,,,,,,,,,
698,OMA,Oman,-9,1,6,1971-10-07,0,-9,-9,-9,-9,-9,-9,-9,-9,-9,-9,-9,-9,2016-12-31,0,-9,-9,-9,0,-9,-9,-9,-9,-9,,-9,-9,-9,-9,,,,,,,,,,,,,,,,,,,,,
698,OMA,Oman,-9,1,6,1816-01-01,0,1650,1,0,-9,471000,1907,0,-9,-9,2,0,0,1891-12-31,0,1,0,1,0,1,1,0,23 35 20 N,58 24 30 E,Muscat,1,0,0,0,698,,,,,,,,,,,,,,,,,,,,
564,OFS,Orange Free State,-9,1,1,1854-02-23,0,-9,-9,1,23-02-1854,210000,1875,0,528000,100000,5,1,1,1902-05-31,0,1,0,1,0,1,1,0,29 07 0 S,26 13 0 E,Bloemfontein,1,0,1,0,560,,,,,,,,,,,,,,,,,,,,
5402,OVI,Ovimbundu,Southern Mbundu Umbundu Mambari Kimbanda,2,1,1816-01-01,0,1770,1,0,-9,1000000,1859,0,1000000,100000,1,0,0,1902-09-30,0,1,0,0,0,1,0,0,12 11 45 S,15 51 20 E,,1,0,1,0,540,,,,,,,,,,,,,,,,,,,,
4799,OWO,Owo,,1,1,1816-01-01,0,1150,1,0,-9,-8,-9,-9,-9,-9,1,0,0,1893-12-31,0,1,0,0,0,0,0,0,7 11 0 N,5 35 0 E,,0,0,1,0,475,,,,,,,,,,,,,,,,,,,,
4775,OYO,Oyo Empire,Yoruda Oyo Empire Old Oyo Empire Oyo-Ile,2,1,1816-01-01,0,1600,1,0,-9,1000000,1700,0,1000000,-9,2,0,0,1833-12-31,0,2,0,0,0,1,0,0,7 50 21.7 N,3 56 15.4 E,Oyo-Ile,1,0,1,0,475,,,,,,,,,,,,,,,,,,,,
8203,PAH,Pahang,Pulau Pinang,2,3,1863-06-10,0,1454,1,1,01-01-1853,84113,1901,0,118708,-9,2,0,0,1887-10-08,0,1,0,1,0,1,1,1,3 30 0 N,103 25 0 E,Pekan,0,1,0,0,820,,,,,,,,,,,,,,,,,,,,
770,PAK,Pakistan,-9,1,2,1947-08-14,0,-9,-9,-9,-9,-9,-9,-9,-9,-9,-9,-9,-9,2016-12-31,0,-9,-9,-9,0,-9,-9,-9,-9,-9,,-9,-9,-9,-9,,,,,,,,,,,,,,,,,,,,,
986,PAL,Palau,-9,1,3,1994-12-15,0,-9,-9,-9,-9,-9,-9,-9,-9,-9,-9,-9,-9,2016-12-31,0,-9,-9,-9,0,-9,-9,-9,-9,-9,,-9,-9,-9,-9,,,,,,,,,,,,,,,,,,,,,
8537,PAL,Palembang,-9,1,3,1816-01-01,0,1528,1,1,21-03-1670,100000,1821,0,-9,-9,2,1,0,1823-12-31,0,1,0,1,0,1,1,1,2 59 10 S,104 45 20 E,Palembang,-9,-9,1,0,850,,,,,,,,,,,,,,,,,,,,
95,PAN,Panama,-9,1,4,1903-11-03,1,-9,-9,1,03-11-1903,1132921,1960,0,-9,297000,2,0,1,2016-12-31,0,-9,-9,-9,1,1,1,1,8 59 0 N,79 31 0 W,Panama City,0,0,-9,-9,95,,,,,,,,,,,,,,,,,,,,
327,PAP,Papal States,Roman Republic,2,5,1816-01-01,0,1815,1,0,-9,2700000,1839,0,-9,-9,2,1,1,1870-10-22,0,3,0,0,0,1,1,0,41 54 0 N,12 30 0 E,Rome,0,0,1,0,325,,,,,,,,,,,,,,,,,,,,
910,PNG,Papua New Guinea,-9,1,3,1975-09-16,0,-9,-9,-9,-9,-9,-9,-9,-9,-9,-9,-9,-9,2016-12-31,0,-9,-9,-9,0,-9,-9,-9,-9,-9,,-9,-9,-9,-9,,,,,,,,,,,,,,,,,,,,,
150,PAR,Paraguay,-9,1,4,1816-01-01,0,14-5-1811,1,1,14-5-1811,143'000,1820,0,-9,-9,5,0,0,2016-12-31,0,-9,-9,-9,0,1,1,0,25 16 0 S,57 40 0 W,Asuncion,1,0,-9,-9,150,,,,,,,,,,,,,,,,,,,,
335,PMA,Parma,-9,1,5,1816-01-01,0,1815,1,0,-9,500000,1839,0,-9,-9,2,1,1,1860-03-15,0,3,0,0,0,1,1,0,44 48 5.3 N,10 19 40.8 E,Parma,0,0,0,0,325,,,,,,,,,,,,,,,,,,,,
8201,PRK,Perak,Peracke Pera Perat,2,3,1826-01-01,0,1529,1,1,01-01-1826,214254,1891,0,502359,-9,2,0,1,1874-01-20,0,1,0,1,0,1,1,1,4 46 0 N,100 56 0 E,,1,1,1,1,820,,,,,,,,,,,,,,,,,,,,
135,PER,Peru,-9,1,4,1821-07-15,0,-9,-9,1,15-07-1821,1248723,1821,0,-9,-9,2,0,-9,1836-10-27,0,3,1,-9,1,1,-9,1,12 3 0 S,77 2 0 W,Lima,-9,1,-9,1,135,,,,,,,,,,,,,,,,,,,,
135,PER,Peru,-9,2,4,1839-01-01,0,-9,-9,-9,-9,1248723,1821,0,-9,-9,3,0,-9,2016-12-31,0,-9,-9,-9,0,1,1,0,12 3 0 S,77 2 0 W,Lima,-9,1,-9,-9,135,,,,,,,,,,,,,,,,,,,,
136,PBC,Peru-Bolivian Confederation,-9,1,4,1836-10-28,0,-9,-9,1,28-10-1836,2355723,1825,0,-9,-9,4,1,1,1839-01-01,1,4,1,-9,0,1,1,1,18 0 52.78 S,70 14 55.93 W,Tacna,1,1,1,0,135,145,,,,,,,,,,,,,,,,,,,
840,PHI,Philippines,-9,1,3,1946-07-04,0,-9,-9,-9,-9,-9,-9,-9,-9,-9,-9,-9,-9,2016-12-31,0,-9,-9,-9,0,-9,-9,-9,-9,-9,,-9,-9,-9,-9,,,,,,,,,,,,,,,,,,,,,
290,POL,Poland,-9,1,5,1945-06-28,0,-9,-9,-9,-9,-9,-9,-9,-9,-9,-9,-9,-9,2016-12-31,0,-9,-9,-9,0,-9,-9,-9,-9,-9,,-9,-9,-9,-9,,,,,,,,,,,,,,,,,,,,,
290,POL,Poland,-9,1,5,1918-11-03,0,-9,-9,0,-9,23'968'000,1920,0,-9,-9,3,0,1,1939-09-27,0,2,0,0,0,1,1,1,52 13 0 N,21 2 0 E,Warsaw,1,0,1,0,290,369,368,370,,,,,,,,,,,,,,,,,
7561,PES,Poona,"(of the) Peshwa/s, Maharashtra, Satara, Poona district, Pune, Puna",2,2,1816-01-01,0,1739,1,0,-9,922439,1871,0,4000000,-9,2,0,1,1818-12-31,1,1,0,1,1,1,0,1,18 31 13 N,73 51 24 E,Pune,1,1,1,0,750,,,,,,,,,,,,,,,,,,,,
235,POR,Portugal,-9,1,5,1816-01-01,0,01-12-1640,0,0,-9,3'297'000,1820,0,-9,-9,2,0,0,2016-12-31,0,-9,-9,-9,0,1,1,0,38 46 0 N,9 9 0 W,Lissabon,1,0,-9,-9,235,,,,,,,,,,,,,,,,,,,,
7691,PUN,Punjab,"Panjab, Panjuab, (of the Sikhs)",1,2,1816-01-01,0,1799,1,0,-9,4740000,1834,0,17251627,-9,2,0,1,1846-03-16,0,1,0,1,0,1,1,1,31 32 59 N,74 20 37 E,Lahore,1,0,1,0,770,750,,,,,,,,,,,,,,,,,,,
694,QAT,Qatar,-9,1,6,1971-09-03,0,-9,-9,-9,-9,-9,-9,-9,-9,-9,-9,-9,-9,2016-12-31,0,-9,-9,-9,0,-9,-9,-9,-9,-9,,-9,-9,-9,-9,,,,,,,,,,,,,,,,,,,,,
6845,QUA,Quaiti Sultanate,-9,2,6,1849-01-01,1,-9,-9,0,-9,60000,1880,0,-9,-9,1,1,0,1882-12-31,0,1,0,1,0,1,0,1,14 32 0 N,49 08 0 E,Ash-Shihr,1,0,0,0,679,680,,,,,,,,,,,,,,,,,,,
4766,RAB,Rabih,Rabih's state,,1,1878-01-01,1,-9,-9,0,-9,5360000,1892,1,-9,-9,6,0,0,1900-04-22,0,1,0,-9,0,1,0,0,12 1 26 N,13 54 57 E,Dikwa,1,0,1,0,475,436,483,471,482,,,,,,,,,,,,,,,,
817,RVN,Republic of Vietnam,-9,1,3,1954-06-04,0,-9,-9,-9,-9,-9,-9,-9,-9,-9,-9,-9,-9,1975-04-30,0,-9,-9,-9,0,-9,-9,-9,-9,-9,,-9,-9,-9,-9,,,,,,,,,,,,,,,,,,,,,
258,REG,Reuss-Greiz,"Reuss Elder Line, Reu?? Senior Line, Reuss-Greitz ",3,5,1816-01-01,0,1815,1,0,-9,30293,1816,0,-9,25500,2,1,1,1866-08-18,1,3,0,1,0,1,1,0,50 39 17 N,12 11 59 E,Greiz,0,0,1,1,255,265,,,,,,,,,,,,,,,,,,,
259,RSS,Reuss-Schleiz,Reuss Younger Line,3,5,1816-01-01,0,1815,1,0,-9,59500,1831,0,77400,20580,2,1,1,1866-08-18,0,3,0,1,0,1,1,0,50 52 50 N,12 5 0 E,Gera,0,0,0,0,255,265,,,,,,,,,,,,,,,,,,,
8544,RIA,Riau,Riau-Johor,3,3,1819-01-01,0,1511,1,-9,-9,1200000,1960,1,-9,-9,2,0,0,1824-12-31,0,1,0,1,1,1,0,1,0 32 0 N,101 27 0 E,,1,0,0,0,850,,,,,,,,,,,,,,,,,,,,
360,ROM,Romania,-9,1,5,1878-07-13,0,-9,-9,1,21-05-1877,3864848,1859,0,7900000,-9,2,0,1,2016-12-31,0,-9,-9,-9,0,1,1,0,44 25 57 N,26 6 14 E,Bucarest,1,0,-9,-9,360,,,,,,,,,,,,,,,,,,,,
5521,ROZ,Rozvi Empire,Changamire Rozvi Rozwe Mutapa Empire,3,1,1816-01-01,0,1696,0,0,-9,1000000,1700,0,1000000,-9,2,0,0,1834-12-31,0,2,0,0,0,1,0,0,20 08 25.8 S,28 25 32.0 E,Danangombe,1,0,1,0,552,,,,,,,,,,,,,,,,,,,,
517,RWA,Ruanda,"Nigina Kingdom of Rwanda, Nyiginya",2,1,1816-01-01,0,1650,1,0,-9,2000000,1844,0,2000000,-9,1,0,0,1894-12-31,1,1,0,0,0,1,0,0,02 21 06 S,29 45 03 E,Nyanza,1,0,0,0,517,,,,,,,,,,,,,,,,,,,,
365,RUS,Russia,-9,1,5,1816-01-01,0,1480,0,0,-9,45'606'000,1867,0,-9,-9,2,0,0,2016-12-31,0,-9,-9,-9,0,1,1,0,55 45 21 N,37 37 2 E,Moscow,0,0,-9,-9,365,369,366,367,368,375,370,371,372,373,701,705,703,702,704,290,,,,,
517,RWA,Rwanda,-9,1,1,1962-07-01,0,-9,-9,-9,-9,-9,-9,-9,-9,-9,-9,-9,-9,2016-12-31,0,-9,-9,-9,0,-9,-9,-9,-9,-9,,-9,-9,-9,-9,,,,,,,,,,,,,,,,,,,,,
4335,SLM,Saloum,Kingdom of Salum,2,1,1816-01-01,0,1600,1,0,-9,80000,1887,0,300000,80000,2,0,0,1865-12-31,1,2,0,0,0,1,0,0,14 09 41 N,16 01 51 W,Kahone,1,0,1,0,433,,,,,,,,,,,,,,,,,,,,
990,WSM,Samoa,-9,1,3,1962-01-01,0,-9,-9,-9,-9,-9,-9,-9,-9,-9,-9,-9,-9,2016-12-31,0,-9,-9,-9,0,-9,-9,-9,-9,-9,,-9,-9,-9,-9,,,,,,,,,,,,,,,,,,,,,
7537,SMP,Sampthar,Samptar,3,2,1816-01-01,0,1762,1,0,-9,30000,1875,1,-9,-9,2,0,0,1817-12-31,1,1,0,1,1,1,0,1,25 50 00 N,78 00 00 E,Samthar,0,1,0,1,750,,,,,,,,,,,,,,,,,,,,
331,SNM,San Marino,-9,1,5,1992-03-02,0,-9,-9,-9,-9,-9,-9,-9,-9,-9,-9,-9,-9,2016-12-31,0,-9,-9,-9,0,-9,-9,-9,-9,-9,,-9,-9,-9,-9,,,,,,,,,,,,,,,,,,,,,
403,STP,Sao Tome and Principe,-9,1,1,1975-07-12,0,-9,-9,-9,-9,-9,-9,-9,-9,-9,-9,-9,-9,2016-12-31,0,-9,-9,-9,0,-9,-9,-9,-9,-9,,-9,-9,-9,-9,,,,,,,,,,,,,,,,,,,,,
824,SWK,Sarawak,-9,3,3,1841-01-01,0,-9,-9,0,-9,300000,1884,0,-9,100000,2,0,1,1888-12-31,0,1,0,1,0,1,0,1,1 33 40 N,110 20 30 E,Kuching,0,0,0,0,820,,,,,,,,,,,,,,,,,,,,
7539,SAW,Sawantvadi,"Sawantwadi, Sawunt waree, Waree, Sawantwari",1,2,1816-01-01,0,1709,1,0,-9,190814,1872,0,-9,-9,2,0,1,1838-12-31,0,1,0,1,0,1,0,1,16 0 0 N,73 45 0 E,Sawantwadi,1,1,0,0,750,,,,,,,,,,,,,,,,,,,,
262,SXA,Saxe-Altenburg,-9,2,5,1826-11-12,0,-9,-9,0,-9,130000,1829,0,-9,-9,4,1,1,1866-08-18,1,3,0,1,1,1,1,0,50 59 6 N,12 26 0 E,Altenburg,0,0,0,0,255,265,,,,,,,,,,,,,,,,,,,
264,SXG,Saxe-Coburg-Gotha,-9,2,5,1826-11-12,0,-9,-9,0,-9,133000,1830,0,-9,130231,4,1,1,1866-08-18,1,3,0,1,0,1,1,0,50 16 0 N,10 58 0 E,Coburg,0,0,0,0,255,265,,,,,,,,,,,,,,,,,,,
266,SXM,Saxe-Meiningen-Hidburghausen,Saxe-Meiningen,2,5,1816-01-01,1,1815,1,0,-9,142064,1831,0,-9,-9,2,1,1,1866-08-18,1,3,0,1,0,1,1,0,50 33 0 N,10 25 0 E,Meiningen,0,0,0,0,255,265,,,,,,,,,,,,,,,,,,,
261,SXW,Saxe-Wiemar-Eisenach,-9,2,5,1816-01-01,0,1815,1,0,-9,191000,1815,0,241046,-9,2,1,1,1866-08-18,1,3,0,1,0,1,1,0,50 59 0 N,11 19 0 E,Weimar,0,0,0,0,255,265,,,,,,,,,,,,,,,,,,,
269,SAX,Saxony,-9,2,5,1816-01-01,0,1815,1,0,-9,1192789,1816,0,-9,-9,2,1,1,1866-10-21,1,2,0,1,0,1,1,0,51 2 0 N,13 44 0 E,Dresden,0,1,1,0,255,265,,,,,,,,,,,,,,,,,,,
274,SCL,Schaumburg-Lippe,-9,3,5,1816-01-01,0,1815,1,0,-9,24000,1816,0,-9,23128,2,1,1,1866-08-18,0,3,1,1,0,1,1,0,52 15 39 N,9 2 57 E,Bûckenburg,1,1,0,1,255,260,,,,,,,,,,,,,,,,,,,
270,SCR,Schwarzburg-Rudolstadt,-9,3,5,1816-01-01,0,1815,1,0,-9,53937,1816,0,62000,-9,2,1,1,1866-08-18,0,3,0,1,0,1,1,0,50 43 1 N,11 19 39 E,Rudolstadt,0,1,0,0,255,265,,,,,,,,,,,,,,,,,,,
268,SCS,Schwarzburg-Sondershausen,-9,3,5,1816-01-01,0,1815,1,0,-9,45125,1816,0,-9,-9,2,1,1,1866-08-18,0,3,0,1,0,1,1,0,51 22 0 N,10 52 0 E,Sondershausen,0,1,0,0,255,265,,,,,,,,,,,,,,,,,,,
4327,SEG,Segou,The Bambara Kingdom of Segou (or Segu),1,1,1816-01-01,0,1712,0,0,-9,200000,1712,0,-9,-9,1,0,0,1861-03-10,0,2,0,0,0,0,0,0,13 27 00 N,06 16 00 W,Ségou,1,1,1,0,432,,,,,,,,,,,,,,,,,,,,
8202,SLG,Selangor,Salengore Salangore,2,3,1816-01-01,0,1766,1,1,01-01-1766,81592,1891,0,-9,-9,2,0,0,1874-12-31,1,1,0,1,0,1,0,1,3 2 0 N,101 27 0 E,Klang,1,1,0,0,820,,,,,,,,,,,,,,,,,,,,
433,SEN,Senegal,-9,1,1,1960-08-20,0,-9,-9,-9,-9,-9,-9,-9,-9,-9,-9,-9,-9,2016-12-31,0,-9,-9,-9,0,-9,-9,-9,-9,-9,,-9,-9,-9,-9,,,,,,,,,,,,,,,,,,,,,
345,SER,Serbia,Yugoslavia,1,5,1878-07-13,0,-9,-9,0,-9,700000,1878,0,1700000,-9,2,0,1,1941-04-14,0,2,1,1,0,1,1,0,44 49 0 N,20 28 0 E,Belgrade,1,0,1,0,345,,,,,,,,,,,,,,,,,,,,
591,SEY,Seychelles,-9,1,1,1976-06-29,0,-9,-9,-9,-9,-9,-9,-9,-9,-9,-9,-9,-9,2016-12-31,0,-9,-9,-9,0,-9,-9,-9,-9,-9,,-9,-9,-9,-9,,,,,,,,,,,,,,,,,,,,,
6255,SHI,Shilluk Kingdom,Collo (or Chollo) Kingdom,3,1,1816-01-01,0,1700,1,0,-9,500000,1860,0,100000,100000,1,0,0,1863-12-31,0,1,0,0,0,0,0,1,9 53 17.8 N,32 06 33.2 E,Kodok,1,0,1,0,625,626,,,,,,,,,,,,,,,,,,,
5303,SHO,Shoa,Shewa,2,1,1816-01-01,0,1813,1,0,-9,1250000,1844,0,450000,-9,2,0,0,1889-11-03,0,3,1,1,0,0,0,1,9 35 51.2 N,39 44 13.4 E,Ankober,1,0,1,0,530,,,,,,,,,,,,,,,,,,,,
8533,SIA,Siak,-9,1,3,1816-01-01,0,1717,0,0,-9,17000,1864,1,-9,-9,2,0,0,1858-12-31,0,1,0,1,0,1,0,1,0 32 0 N,101 27 0 E,,1,0,0,0,850,,,,,,,,,,,,,,,,,,,,
451,SIE,Sierra Leone,-9,1,1,1961-04-27,0,-9,-9,-9,-9,-9,-9,-9,-9,-9,-9,-9,-9,2016-12-31,0,-9,-9,-9,0,-9,-9,-9,-9,-9,,-9,-9,-9,-9,,,,,,,,,,,,,,,,,,,,,
4328,SKO,Sikasso,-9,3,1,1816-01-01,0,1750,0,0,-9,100000,1898,0,-9,-9,1,1,-9,1898-05-01,0,1,0,0,0,1,0,1,11 19 0 N,5 40 0 W,Sikasso,1,0,1,0,432,,,,,,,,,,,,,,,,,,,,
761,SIK,Sikkim,Sikhim,2,2,1816-01-01,0,1642,0,1,01-01-1642,60916,1891,0,-9,59014,1,1,1,1861-01-01,1,1,0,1,0,1,0,1,27 25 12 N,88 34 48 E,,0,1,0,1,750,,,,,,,,,,,,,,,,,,,,
7693,SID,Sind,"(of the) Mirs, Sindh, Scindia, Sinde, Sindhu",2,2,1816-01-01,0,1763,0,0,-9,105000,1875,0,1772367,105000,2,0,1,1843-06-14,1,1,0,1,0,1,0,1,25 22 45 N,68 22 6 E,,1,0,1,0,770,,,,,,,,,,,,,,,,,,,,
830,SIN,Singapore,-9,1,3,1965-08-09,0,-9,-9,-9,-9,-9,-9,-9,-9,-9,-9,-9,-9,2016-12-31,0,-9,-9,-9,0,-9,-9,-9,-9,-9,,-9,-9,-9,-9,,,,,,,,,,,,,,,,,,,,,
7568,SNB,Singhbhum,"Singboom, Porahat",3,2,1816-01-01,0,1742,1,0,-9,66227,1820,0,-9,-9,2,1,0,1820-12-31,0,1,0,1,0,1,0,1,22 36 0 N,85 26 0 E,Porahat,0,1,0,1,750,,,,,,,,,,,,,,,,,,,,
7571,SIR,Sirohi,"Sarohi, (of the) Deoras",1,2,1816-01-01,0,1707,1,1,-9,55000,1875,0,142903,-9,2,0,0,1823-09-11,0,1,0,1,1,1,0,1,24 53 6 N,72 51 45 E,Sirohi,1,1,0,1,750,,,,,,,,,,,,,,,,,,,,
4383,SIS,Sise Empire,Moriuledugu Kingdom Madina Kingdom,3,1,1835-01-01,0,-9,-9,0,-9,-9,-9,1,-9,-9,1,0,0,1881-12-31,0,2,0,0,0,0,0,1,10 39 03.7 N,9 25 10.5 W,Madina,1,0,1,0,438,,,,,,,,,,,,,,,,,,,,
317,SLO,Slovakia,-9,1,5,1993-01-01,0,-9,-9,-9,-9,-9,-9,-9,-9,-9,-9,-9,-9,2016-12-31,0,-9,-9,-9,0,-9,-9,-9,-9,-9,,-9,-9,-9,-9,,,,,,,,,,,,,,,,,,,,,
349,SLV,Slovenia,-9,1,5,1992-01-15,0,-9,-9,-9,-9,-9,-9,-9,-9,-9,-9,-9,-9,2016-12-31,0,-9,-9,-9,0,-9,-9,-9,-9,-9,,-9,-9,-9,-9,,,,,,,,,,,,,,,,,,,,,
4751,SOK,Sokoto Caliphate,Sokoto-Gando Empire,1,1,1816-01-01,0,1804,0,0,-9,6000000,1916,0,10000000,-9,2,0,0,1903-03-15,0,1,0,0,0,1,0,1,13 00 16.1 N,5 14 47.0 E,Sokoto,1,0,1,0,475,436,471,,,,,,,,,,,,,,,,,,
940,SOL,Solomon Islands,-9,1,3,1978-07-07,0,-9,-9,-9,-9,-9,-9,-9,-9,-9,-9,-9,-9,2016-12-31,0,-9,-9,-9,0,-9,-9,-9,-9,-9,,-9,-9,-9,-9,,,,,,,,,,,,,,,,,,,,,
520,SOM,Somalia,-9,1,1,1960-07-01,0,-9,-9,-9,-9,-9,-9,-9,-9,-9,-9,-9,-9,2016-12-31,0,-9,-9,-9,0,-9,-9,-9,-9,-9,,-9,-9,-9,-9,,,,,,,,,,,,,,,,,,,,,
560,SAF,South Africa,Union of South Africa,1,1,1885-01-10,1,-9,-9,0,-9,6078000,1910,0,6078000,-9,2,1,1,2016-12-31,0,-9,-9,-9,0,1,1,0,25 44 46 S,28 11 17 E,Pretoria,0,0,-9,-9,560,,,,,,,,,,,,,,,,,,,,
732,ROK,South Korea,-9,1,3,1949-06-29,0,-9,-9,-9,-9,-9,-9,-9,-9,-9,-9,-9,-9,2016-12-31,0,-9,-9,-9,0,-9,-9,-9,-9,-9,,-9,-9,-9,-9,,,,,,,,,,,,,,,,,,,,,
626,SSD,South Sudan,-9,1,1,2011-07-09,0,-9,-9,-9,-9,-9,-9,-9,-9,-9,-9,-9,-9,2016-12-31,0,-9,-9,-9,0,-9,-9,-9,-9,-9,,-9,-9,-9,-9,,,,,,,,,,,,,,,,,,,,,
230,SPN,Spain,-9,1,5,1816-01-01,0,16-01-1556,1,0,-9,12'203'000,1820,0,-9,-9,4,0,0,2016-12-31,0,-9,-9,-9,0,1,1,0,40 25 0 N,3 43 0 W,Madrid,0,0,-9,-9,230,,,,,,,,,,,,,,,,,,,,
780,SRI,Sri Lanka,-9,1,2,1948-02-04,0,-9,-9,-9,-9,-9,-9,-9,-9,-9,-9,-9,-9,2016-12-31,0,-9,-9,-9,0,-9,-9,-9,-9,-9,,-9,-9,-9,-9,,,,,,,,,,,,,,,,,,,,,
60,SKN,St. Kitts and Nevis,-9,1,4,1983-09-19,0,-9,-9,-9,-9,-9,-9,-9,-9,-9,-9,-9,-9,2016-12-31,0,-9,-9,-9,0,-9,-9,-9,-9,-9,,-9,-9,-9,-9,,,,,,,,,,,,,,,,,,,,,
56,SLU,St. Lucia,-9,1,4,1979-02-22,0,-9,-9,-9,-9,-9,-9,-9,-9,-9,-9,-9,-9,2016-12-31,0,-9,-9,-9,0,-9,-9,-9,-9,-9,,-9,-9,-9,-9,,,,,,,,,,,,,,,,,,,,,
57,SVG,St. Vincent and the Grenadines,-9,1,4,1979-10-27,0,-9,-9,-9,-9,-9,-9,-9,-9,-9,-9,-9,-9,2016-12-31,0,-9,-9,-9,0,-9,-9,-9,-9,-9,,-9,-9,-9,-9,,,,,,,,,,,,,,,,,,,,,
625,SUD,Sudan,-9,1,1,1956-01-01,0,-9,-9,-9,-9,-9,-9,-9,-9,-9,-9,-9,-9,2016-12-31,0,-9,-9,-9,0,-9,-9,-9,-9,-9,,-9,-9,-9,-9,,,,,,,,,,,,,,,,,,,,,
625,SUD,Sudan,"Nubia Dervish Empire, Mahdist State",2,1,1885-06-01,0,-9,-9,1,25-01-1885,1500000,1904,0,8500000,1500000,2,1,0,1898-09-02,0,1,0,0,0,1,1,0,15 38 35.3 N,32 29 06.0 E,Khartoum,1,0,1,0,625,,,,,,,,,,,,,,,,,,,,
5332,AWS,Sultanate of Aussa,Awsa Sultanate,3,1,1816-01-01,0,1734,0,0,-9,100000,1894,0,-9,-9,2,0,0,1944-12-31,0,2,0,0,0,0,0,1,11 34 0 N,41 26 0 E,Aussa,1,0,1,0,530,,,,,,,,,,,,,,,,,,,,
8403,MGU,Sultanate of Maguindanao,-9,3,3,1816-01-01,0,1515,1,0,-9,60000,1800,0,180000,25000,1,0,0,1861-12-31,1,1,0,0,0,1,0,1,7 13 12 N,124 14 0 E,Cotabato City/Kuta Watu,0,0,0,0,840,,,,,,,,,,,,,,,,,,,,
8401,SUL,Sulu Sultanate,"Sooloo, Jolo",1,3,1816-01-01,0,1450,0,0,-9,60000,1812,0,200000,-9,1,1,0,1851-12-31,1,1,0,1,0,1,0,1,5 55 48 N,121 1 48 E,Maimbung,0,1,1,0,840,,,,,,,,,,,,,,,,,,,,
115,SUR,Suriname,-9,1,4,1975-11-25,0,-9,-9,-9,-9,-9,-9,-9,-9,-9,-9,-9,-9,2016-12-31,0,-9,-9,-9,0,-9,-9,-9,-9,-9,,-9,-9,-9,-9,,,,,,,,,,,,,,,,,,,,,
572,SWA,Swazi Kingdom,Swaziland,1,1,1816-01-01,0,1750,1,0,-9,66'160,1850,0,-9,-9,1,0,0,1894-12-31,0,1,0,1,0,1,0,0,26 30 0 S,31 30 0 E,Mbabane,0,0,0,0,572,,,,,,,,,,,,,,,,,,,,
572,SWA,Swaziland,-9,1,1,1968-09-06,0,-9,-9,-9,-9,-9,-9,-9,-9,-9,-9,-9,-9,2016-12-31,0,-9,-9,-9,0,-9,-9,-9,-9,-9,,-9,-9,-9,-9,,,,,,,,,,,,,,,,,,,,,
380,SWD,Sweden,-9,1,5,1816-01-01,0,06-06-1523,0,0,-9,2'573'000,1820,0,-9,-9,2,0,0,2016-12-31,0,-9,-9,-9,0,1,1,0,59 21 0 N,18 4 0 E,Stockholm,1,0,-9,-9,380,385,,,,,,,,,,,,,,,,,,,
225,SWZ,Switzerland,-9,1,5,1816-01-01,0,20-11-1815,0,0,-9,1'986'000,1820,0,-9,-9,3,0,1,2016-12-31,0,-9,-9,-9,0,1,1,0,46 57 0 N,7 27 0 E,Bern,0,0,-9,-9,225,,,,,,,,,,,,,,,,,,,,
652,SYR,Syria,-9,1,6,1946-04-17,0,-9,-9,-9,-9,-9,-9,-9,-9,-9,-9,-9,-9,1958-01-02,0,-9,-9,-9,0,-9,-9,-9,-9,-9,,-9,-9,-9,-9,,,,,,,,,,,,,,,,,,,,,
652,SYR,Syria,-9,1,6,1961-09-29,0,-9,-9,-9,-9,-9,-9,-9,-9,-9,-9,-9,-9,2016-12-31,0,-9,-9,-9,0,-9,-9,-9,-9,-9,,-9,-9,-9,-9,,,,,,,,,,,,,,,,,,,,,
8572,TAB,Tabanan,Tabannan,3,3,1816-01-01,0,1660,1,-9,-9,200000,1837,1,-9,-9,3,0,-9,1906-12-31,0,1,0,1,0,1,0,0,8 33 4.13 S,115 7 17.81 E,Tabanan,0,0,0,0,850,,,,,,,,,,,,,,,,,,,,
713,TAW,Taiwan,-9,1,3,1949-12-08,0,-9,-9,-9,-9,-9,-9,-9,-9,-9,-9,-9,-9,2016-12-31,0,-9,-9,-9,0,-9,-9,-9,-9,-9,,-9,-9,-9,-9,,,,,,,,,,,,,,,,,,,,,
702,TAJ,Tajikistan,-9,1,2,1991-12-26,0,-9,-9,-9,-9,-9,-9,-9,-9,-9,-9,-9,-9,2016-12-31,0,-9,-9,-9,0,-9,-9,-9,-9,-9,,-9,-9,-9,-9,,,,,,,,,,,,,,,,,,,,,
8217,TAM,Tampin,-9,3,3,1836-01-01,1,-9,-9,-9,-9,84889,2010,1,-9,-9,2,0,0,1887-12-31,0,1,0,1,1,1,0,1,2 29 23 N,102 14 15 E,Tampin,1,0,0,0,820,,,,,,,,,,,,,,,,,,,,
510,TAZ,Tanzania,-9,1,1,1961-12-09,0,-9,-9,-9,-9,-9,-9,-9,-9,-9,-9,-9,-9,2016-12-31,0,-9,-9,-9,0,-9,-9,-9,-9,-9,,-9,-9,-9,-9,,,,,,,,,,,,,,,,,,,,,
6257,TEG,Tegali Kingdom,Nuba Tegali (Takali or Taqali) Kingdom,3,1,1816-01-01,0,1780,1,0,-9,3180000,1920,0,-9,-9,1,0,0,1884-12-31,0,2,0,1,0,1,0,0,12 09 15.9 N,31 15 48.9 E,Rashad,1,0,1,0,625,,,,,,,,,,,,,,,,,,,,
4841,TEK,Teke Kingdom,"Tio Macoco (Makoko) Anziku (Ansiku) Kingdom, Bateke (Anzico)",3,1,1816-01-01,0,1535,1,0,-9,500000,1883,0,2000000,-9,1,0,0,1883-12-31,0,1,0,1,0,1,0,0,3 59 56.1 S,15 26 10.7 E,,1,0,0,0,484,490,,,,,,,,,,,,,,,,,,,
4399,TNG,Tenkodogo,-9,3,1,1816-01-01,0,1400,1,0,-9,120000,1958,1,-9,-9,2,1,0,1896-12-31,0,1,0,0,0,1,0,0,11 47 0 N,0 22 0 W,,1,0,1,0,439,,,,,,,,,,,,,,,,,,,,
8225,TER,Terengganu,"Tringano, Tringanu, Trengganu",2,3,1816-01-01,0,1760,1,0,-9,100000,1895,0,154073,-9,2,0,0,1909-10-03,0,1,0,1,1,1,0,1,5 19 45 N,103 8 10 E,Terengganu,0,1,0,0,820,,,,,,,,,,,,,,,,,,,,
7,TEX,Texas,The Lone Star State,2,4,1837-03-03,1,-9,-9,1,02-03-1836,65000,1836,0,212592,65000,2,0,1,1846-02-19,1,4,0,1,0,1,1,0,30 16 0 N,97 44 0 W,Austin,1,1,0,0,2,,,,,,,,,,,,,,,,,,,,
800,THI,Thailand,Siam,1,3,1816-01-01,0,1351,1,0,-9,2000000,1810,0,-9,-9,2,0,0,2016-12-31,0,-9,-9,-9,0,1,1,1,13 45 9 N,100 29 39 E,Bangkok,1,0,-9,-9,800,,,,,,,,,,,,,,,,,,,,
7910,TBT,Tibet,"Outer Tibet, central Tibet",2,2,1912-04-01,0,-9,-9,1,01-01-1913,1000000,1951,0,1150000,-9,2,0,1,1951-05-23,0,2,0,1,1,1,1,1,29 39 0 N,91 7 0 E,Lhasa,1,0,1,0,710,,,,,,,,,,,,,,,,,,,,
5304,TIG,Tigray,"Tegray, Tegre, Tigre",2,1,1816-01-01,0,1750,1,0,-9,-9,-9,0,-9,-9,2,0,0,1855-12-31,0,2,0,0,1,1,1,1,14 10 00 N,38 54 00 E,Adwa,-9,-9,1,0,530,,,,,,,,,,,,,,,,,,,,
461,TOG,Togo,-9,1,1,1960-04-27,0,-9,-9,-9,-9,-9,-9,-9,-9,-9,-9,-9,-9,2016-12-31,0,-9,-9,-9,0,-9,-9,-9,-9,-9,,-9,-9,-9,-9,,,,,,,,,,,,,,,,,,,,,
4321,TOK,Tokolor,Tukolor (or Toucouleur) Empire,1,1,1848-01-01,0,-9,-9,0,-9,1000000,1852,0,1000000,400000,2,1,0,1893-04-29,0,1,0,0,0,1,0,0,13 25 51.0 N,6 15 14.4 W,Segu,1,0,1,0,432,433,438,,,,,,,,,,,,,,,,,,
955,TON,Tonga,-9,1,3,1970-06-04,0,-9,-9,-9,-9,-9,-9,-9,-9,-9,-9,-9,-9,2016-12-31,0,-9,-9,-9,0,-9,-9,-9,-9,-9,,-9,-9,-9,-9,,,,,,,,,,,,,,,,,,,,,
955,TON,Tonga,Kingdom of Tonga,3,3,1845-01-01,1,1100,1,-9,-9,18000,1850,1,-9,-9,4,0,-9,1900-12-31,0,1,0,1,0,1,1,1,21 8 0 S,175 12 0 W,Nuku'alofa,1,1,0,0,955,,,,,,,,,,,,,,,,,,,,
7527,TNK,Tonk,-9,3,2,1816-01-01,0,1798,1,0,-9,182000,1875,0,-9,-9,1,0,1,1817-12-31,0,1,0,1,1,1,0,1,26 10 12 N,75 46 48 E,Tonk,1,0,0,1,750,,,,,,,,,,,,,,,,,,,,
5005,TOR,Toro,Butoro,3,1,1830-01-01,1,-9,-9,1,-9,200000,1962,1,-9,-9,2,0,1,1900-12-31,0,1,0,1,0,1,0,1,0 36 0 N,30 18 0 E,,1,0,0,0,500,,,,,,,,,,,,,,,,,,,,
563,TRA,Transvaal,Transvaal Republic or South African Republic,2,1,1852-01-17,1,-9,-9,0,-9,275000,1874,0,1040000,100000,5,1,1,1877-04-12,0,1,0,1,0,1,1,0,25 44 46 S,28 11 17 E,Pretoria,1,0,1,0,560,,,,,,,,,,,,,,,,,,,,
4354,TRZ,Trarza Emirate,Trarza Sultanate Trarza Moors,3,1,1816-01-01,0,1700,1,0,-9,50000,1848,1,30000,30000,2,1,0,1904-12-31,0,1,-9,1,0,1,0,0,16 30 46 N,15 48 18 W,Rosso,1,0,1,0,435,,,,,,,,,,,,,,,,,,,,
52,TRI,Trinidad and Tobago,-9,1,4,1962-08-31,0,-9,-9,-9,-9,-9,-9,-9,-9,-9,-9,-9,-9,2016-12-31,0,-9,-9,-9,0,-9,-9,-9,-9,-9,,-9,-9,-9,-9,,,,,,,,,,,,,,,,,,,,,
616,TUN,Tunisia,-9,1,1,1956-03-20,0,-9,-9,-9,-9,-9,-9,-9,-9,-9,-9,-9,-9,2016-12-31,0,-9,-9,-9,0,-9,-9,-9,-9,-9,,-9,-9,-9,-9,,,,,,,,,,,,,,,,,,,,,
616,TUN,Tunisia,Ifriqiyyah,1,1,1816-01-01,0,1705,1,0,-9,1000000,1838,0,2000000,800000,2,0,0,1881-05-12,0,1,0,1,0,1,1,1,36 48 23 N,10 10 54 E,Tunis,0,0,1,0,616,,,,,,,,,,,,,,,,,,,,
640,TUR,Turkey,Ottoman  Empire,1,6,1816-01-01,0,29-5-1453,0,0,-9,17143859,1884,1,-9,-9,1,0,0,2016-12-31,0,-9,-9,-9,0,1,1,0,41 0 49 N,28 57 18 E,Istanbul,1,0,-9,-9,640,350,360,355,339,346,345,341,359,343,645,620,651,652,660,666,663,371,372,670,690
701,TKM,Turkmenistan,-9,1,2,1991-12-26,0,-9,-9,-9,-9,-9,-9,-9,-9,-9,-9,-9,-9,2016-12-31,0,-9,-9,-9,0,-9,-9,-9,-9,-9,,-9,-9,-9,-9,,,,,,,,,,,,,,,,,,,,,
337,TUS,Tuscany,-9,1,5,1816-01-01,0,1815,1,0,-9,1700000,1839,0,-9,-9,2,1,1,1860-03-31,0,3,0,0,0,1,1,0,43 47 0 N,11 15 0 E,Florence,0,0,0,0,325,,,,,,,,,,,,,,,,,,,,
947,TUV,Tuvalu,-9,1,3,1978-10-01,0,-9,-9,-9,-9,-9,-9,-9,-9,-9,-9,-9,-9,2016-12-31,0,-9,-9,-9,0,-9,-9,-9,-9,-9,,-9,-9,-9,-9,,,,,,,,,,,,,,,,,,,,,
329,SIC,Two Sicilies,-9,1,5,1816-01-01,0,1815,1,0,-9,8000000,1839,0,-9,-9,2,1,1,1860-10-31,0,3,0,0,0,1,1,0,40 50 42 N,14 15 30 E,Napels,0,0,1,0,325,,,,,,,,,,,,,,,,,,,,
7513,UPR,Udaipur,"Mewar, Oudeepoor, Oudeypour",2,2,1816-01-01,0,1710,1,1,01-01-1710,1161400,1875,0,1494220,-9,2,0,1,1818-12-31,0,1,0,1,0,1,0,1,24 34 48 N,73 40 48 E,Udaipur,1,0,1,1,750,,,,,,,,,,,,,,,,,,,,
500,UGA,Uganda,-9,1,1,1962-10-09,0,-9,-9,-9,-9,-9,-9,-9,-9,-9,-9,-9,-9,2016-12-31,0,-9,-9,-9,0,-9,-9,-9,-9,-9,,-9,-9,-9,-9,,,,,,,,,,,,,,,,,,,,,
369,UKR,Ukraine,-9,1,5,1991-12-26,0,-9,-9,-9,-9,-9,-9,-9,-9,-9,-9,-9,-9,2016-12-31,0,-9,-9,-9,0,-9,-9,-9,-9,-9,,-9,-9,-9,-9,,,,,,,,,,,,,,,,,,,,,
696,UAE,United Arab Emirates,-9,1,6,1971-12-02,0,-9,-9,-9,-9,-9,-9,-9,-9,-9,-9,-9,-9,2016-12-31,0,-9,-9,-9,0,-9,-9,-9,-9,-9,,-9,-9,-9,-9,,,,,,,,,,,,,,,,,,,,,
200,UKG,United Kingdom,-9,1,5,1816-01-01,0,1066,0,0,-9,21'239'000,1820,0,-9,-9,1,0,0,2016-12-31,0,-9,-9,-9,0,1,1,0,51 30 26 N,0 7 39 W,London,1,0,-9,-9,200,205,,,,,,,,,,,,,,,,,,,
89,UPC,United Provinces of Central America,Central American Republic,2,4,1823-07-01,1,-9,-9,1,11-07-1823,1227000,1820,0,1572000,-9,4,0,1,1840-03-21,1,4,0,1,1,-9,1,1,14 36 48 N,90 32 7 W,Guatemala City,0,1,1,0,90,91,92,93,94,,,,,,,,,,,,,,,,
2,USA,United States of America,-9,1,4,1816-01-01,0,3-9-1783,0,1,04-07-1776,9'980'510,1820,0,-9,-9,5,0,1,2016-12-31,0,-9,-9,-9,0,1,1,0,38 53 0 N,77 1 0 W,Washington D.C.,1,0,-9,-9,2,,,,,,,,,,,,,,,,,,,,
5109,UNY,Unyanyembe,-9,3,1,1816-01-01,0,-9,-9,0,-9,-9,-9,0,-9,-9,-9,-9,0,1892-10-30,0,1,0,1,0,1,0,1,3 36 0 S,33 45 0 E,Unyanyembe,0,1,1,0,510,,,,,,,,,,,,,,,,,,,,
5105,URA,Urambo,-9,3,1,1860-01-01,0,-9,-9,0,-9,4000000,-9,0,-9,-9,1,0,0,1890-12-31,0,4,0,1,0,1,0,0,5 04 38.9 S,32 04 15.2 E,,0,0,1,0,510,,,,,,,,,,,,,,,,,,,,
165,URU,Uruguay,-9,1,4,1828-08-27,1,-9,0,0,-9,132'000,1850,0,-9,-9,2,0,1,2016-12-31,0,-9,-9,-9,0,1,1,0,34 53 0 S,56 10 0 W,Montevideo,1,0,-9,-9,165,,,,,,,,,,,,,,,,,,,,
516,BUR,Urundi,Brundi kingdom,1,1,1816-01-01,0,1700,1,0,-9,2000000,1879,0,-9,-9,1,0,0,1890-07-01,0,1,0,1,0,1,0,0,3 23 0 S,29 22 0 E,Bujumburq,1,0,1,0,516,,,,,,,,,,,,,,,,,,,,
704,UZB,Uzbekistan,-9,1,2,1991-12-26,0,-9,-9,-9,-9,-9,-9,-9,-9,-9,-9,-9,-9,2016-12-31,0,-9,-9,-9,0,-9,-9,-9,-9,-9,,-9,-9,-9,-9,,,,,,,,,,,,,,,,,,,,,
935,VAN,Vanuatu,-9,1,3,1980-07-30,0,-9,-9,-9,-9,-9,-9,-9,-9,-9,-9,-9,-9,2016-12-31,0,-9,-9,-9,0,-9,-9,-9,-9,-9,,-9,-9,-9,-9,,,,,,,,,,,,,,,,,,,,,
101,VEN,Venezuela,-9,1,4,1830-05-06,0,-9,-9,1,05-07-1811,900000,1830,0,-9,-9,2,0,-9,2016-12-31,0,-9,-9,-9,0,1,1,1,10 28 50 N,66 54 13 W,Caracas,0,1,-9,-9,101,,,,,,,,,,,,,,,,,,,,
8121,VTN,Vientiane,Viang Chan,3,3,1816-01-01,1,1707,1,0,-9,150000,1827,0,-9,-9,2,0,0,1827-12-31,1,2,0,1,1,1,0,1,17 58 0 N,102 36 0 E,Vientiane,1,0,1,0,812,,,,,,,,,,,,,,,,,,,,
816,DRV,Vietnam,-9,1,3,1954-07-21,0,-9,-9,-9,-9,-9,-9,-9,-9,-9,-9,-9,-9,2016-12-31,0,-9,-9,-9,0,-9,-9,-9,-9,-9,,-9,-9,-9,-9,,,,,,,,,,,,,,,,,,,,,
4832,WAD,Wadai,Waday Quadai Queddai Burgu Kingdom,2,1,1816-01-01,0,1707,1,0,-9,260000,1885,0,2500000,260000,2,1,0,1909-06-02,0,1,0,1,0,1,0,0,14 13 36 N,20 40 20 E,Ouara,1,0,1,0,483,,,,,,,,,,,,,,,,,,,,
9209,WAI,Waikato,-9,3,3,1820-01-01,1,-9,-9,-9,-9,10000,1801,1,20000,-9,1,0,0,1863-12-08,1,1,0,1,1,1,0,1,37 40 00 s,175 09 00 e,Ngaruawahia,-9,-9,1,0,920,,,,,,,,,,,,,,,,,,,,
272,WAL,Waldeck,Waldeck-Pyrmont,3,5,1816-01-01,0,1815,1,0,-9,52557,1816,0,56000,-9,2,1,1,1866-08-18,0,3,0,1,0,1,1,0,51 22 0 N,9 1 0 E,Arolesen,0,1,0,1,255,260,,,,,,,,,,,,,,,,,,,
4337,WAL,Walo,Waalo Kingdom,3,1,1816-01-01,0,1600,1,0,-9,75000,1894,1,-9,-9,2,0,0,1855-03-18,0,1,0,0,0,1,0,1,16 16 00 N,15 53 00 W,N'Der,1,0,1,0,433,,,,,,,,,,,,,,,,,,,,
271,WRT,Wuerttemburg,-9,2,5,1816-01-01,0,1815,1,0,-9,1410327,1816,0,-9,-9,2,1,1,1870-11-25,1,3,1,1,0,1,1,0,48 47 0 N,9 11 0 E,Stuttgart,0,1,1,0,255,260,,,,,,,,,,,,,,,,,,,
4396,YAT,Yatenga,Yatenga,1,1,1816-01-01,0,1540,1,0,-9,700000,1899,0,1000000,-9,1,0,0,1895-05-18,0,1,0,1,0,1,0,1,13 20 0 N,2 30 0 W,,1,0,0,1,439,,,,,,,,,,,,,,,,,,,,
4907,YEK,Yeke Kingdom,"Garanganze, Msiri",1,1,1880-01-01,0,-9,-9,0,-9,70000,1891,1,80000,-9,2,1,0,1891-12-20,0,1,0,0,0,1,0,0,10 23 50.76 S,26 58 5.01 E,Bunkeya,1,0,1,0,490,,,,,,,,,,,,,,,,,,,,
679,YEM,Yemen,-9,1,6,1990-05-22,0,-9,-9,-9,-9,-9,-9,-9,-9,-9,-9,-9,-9,2016-12-31,0,-9,-9,-9,0,-9,-9,-9,-9,-9,,-9,-9,-9,-9,,,,,,,,,,,,,,,,,,,,,
678,YAR,Yemen Arab Republic,-9,1,6,1918-11-11,0,-9,-9,0,-9,3284000,1910,0,-9,-9,2,0,1,1990-05-22,0,4,0,1,0,1,1,0,15 20 54 N,44 12 23 E,Sanaa,0,0,0,0,679,678,,,,,,,,,,,,,,,,,,,
680,YPR,Yemen People's Republic,-9,1,6,1967-11-30,0,-9,-9,-9,-9,-9,-9,-9,-9,-9,-9,-9,-9,1990-05-22,0,-9,-9,-9,0,-9,-9,-9,-9,-9,,-9,-9,-9,-9,,,,,,,,,,,,,,,,,,,,,
345,YUG,Yugoslavia,Serbia (post-1992),1,5,1944-10-20,0,-9,-9,-9,-9,-9,-9,-9,-9,-9,-9,-9,-9,2016-12-31,0,-9,-9,-9,0,-9,-9,-9,-9,-9,,-9,-9,-9,-9,,,,,,,,,,,,,,,,,,,,,
551,ZAM,Zambia,-9,1,1,1964-10-24,0,-9,-9,-9,-9,-9,-9,-9,-9,-9,-9,-9,-9,2016-12-31,0,-9,-9,-9,0,-9,-9,-9,-9,-9,,-9,-9,-9,-9,,,,,,,,,,,,,,,,,,,,,
511,ZAN,Zanzibar,-9,1,1,1963-12-19,0,-9,-9,-9,-9,-9,-9,-9,-9,-9,-9,-9,-9,1964-04-26,0,-9,-9,-9,0,-9,-9,-9,-9,-9,,-9,-9,-9,-9,,,,,,,,,,,,,,,,,,,,,
511,ZAN,Zanzibar,Zanzibar Sultanate,2,1,1856-01-01,1,-9,-9,0,-9,200000,1840,0,300000,-9,2,0,0,1890-07-01,0,1,0,1,0,1,0,1,6 9 54 S,39 11 56.4 E,Stone Town of Zanzibar,0,1,0,0,510,511,,,,,,,,,,,,,,,,,,,
552,ZIM,Zimbabwe,-9,1,1,1965-11-11,0,-9,-9,-9,-9,-9,-9,-9,-9,-9,-9,-9,-9,2016-12-31,0,-9,-9,-9,0,-9,-9,-9,-9,-9,,-9,-9,-9,-9,,,,,,,,,,,,,,,,,,,,,
4362,ZIN,Zinder (Damagaram),"Zindir, the Hausa Kingdom of Damagaram",2,1,1841-01-01,1,-9,-9,1,01-01-1841,400000,1850,0,200000,200000,2,0,0,1899-07-30,0,1,0,1,1,1,0,0,13 48 29.9 N,8 59 16.9 E,Zinder,1,0,1,0,436,,,,,,,,,,,,,,,,,,,,
5621,ZUL,Zululand,"Zulu Kingdom, Zulu Empire",2,1,1817-01-01,0,-9,-9,0,-9,250000,1825,0,-9,-9,2,1,0,1879-07-01,0,1,0,0,0,1,0,0,28 26 9.23 S,31 16 3.35 E,,1,0,1,0,560,,,,,,,,,,,,,,,,,,,,
811,CAM,Cambodia,Khmer Kingdom,2,3,1816-01-01,0,802,1,0,-9,2000000,1816,0,2000000,750000,1,1,0,1863-08-11,0,1,0,1,1,1,0,1,11 34 10 N,104 55 16 E,Phnom Penh,-9,-9,0,1,811,,,,,,,,,,,,,,,,,,,,
9606,TAH,Tahiti,Pomare dynasty,2,3,1816-01-01,0,1791,0,0,-9,10054,1848,1,30000,10000,1,0,0,1842-09-09,1,1,0,0,0,1,1,1,17 32 06 s,149 34 11 w,papetee,1,0,1,0,220,,,,,,,,,,,,,,,,,,,,
9212,NGT,Ngati Toa,,2,3,1822-01-01,1,-9,-9,0,-9,-9,-9,1,-9,-9,1,1,0,1846-12-31,1,1,0,0,1,1,0,0,40 51 18 s,174 54 54 e,kapiti island,1,0,1,0,920,,,,,,,,,,,,,,,,,,,,
9501,BAU,Bau,Kingdom of Bau,2,3,1816-01-01,0,1790,1,0,-9,50000,1800,1,100000,4000,1,0,0,1871-06-05,1,3,0,1,0,1,0,0,17 58 21 s,178 36 55 e,bau island,1,0,0,0,950,,,,,,,,,,,,,,,,,,,,
9900,SAM,Samoa,Kingdom of Samoa,2,3,1873-08-21,0,-9,0,1,21-08-1873,-9,-9,1,50000,-9,4,0,1,1899-11-07,0,1,0,0,1,1,0,0,13 49 00 s,171 47 00 w,mulinuu,0,1,1,1,990,,,,,,,,,,,,,,,,,,,,