Id,CoW,Label,Capital,Start,End,Notes,UN,FAO,EC.EU,Latitude,Longitude,Area,Region,Land.Area.Sqkm,EEZ,CoastLine,FishConsump2007,ThreatSpecies.2010,MPA2010,CoastalPop,Pop.Density,PopDensLog,MPA.EEZ,MPA.INV,EEZ.TRAWL,MSI.ECOL,BIRD.PROT,MAM.PROT,LV.GDP,MEAL.MAR,CODE.FAO,STAT.REP,SUB.GOOD,CATCH.FUEL,SUB.LV,MSI.SOC
SMR,331,San Marino,San Marino,0301-09-03,9999-12-31,,1992-03-02,1999-11-12,,43.94236,12.457777,EUROPE,Southern Europe,61,0,0,,0,0,0,491.8,2.693,NA,NA,NA,NA,NA,NA,NA,NA,NA,NA,NA,NA,NA,NA
FRA,220,France,Paris,0486-01-01,1942-11-11,,1945-10-24,1945-10-16,1952-07-23,46.22764,2.213749,EUROPE,Western Europe,547030,11035000,7330,2147043.95,40,21.3397280755276,39.6,113.5,2.059,0,1,3,6.4,5.9,7.4,1,9,5,63.6,1,0,8,7
BAV,245,Bavaria,Munich,0555-01-01,1871-01-18,,,,,,,EUROPE,,,,,,,,,,,,,,,,,,,,,,,,
BGR,355,Bulgaria,Sofia,0681-12-31,1018-12-31,,1955-12-14,1967-11-06,2007-01-01,42.733883,25.48583,EUROPE,Eastern Europe,110910,34307,457,32104.56,18,3.18146472610744,29.2,65.5,1.823,NA,NA,NA,NA,NA,NA,NA,NA,NA,NA,NA,NA,NA,NA
PAP,327,Papal States,Rome,0754-07-28,1798-02-15,,,,,,,,,,,,,,,,,,,,,,,,,,,,,,,
HRV,344,Croatia,Zagreb,0879-06-07,1102-12-31,,1992-05-22,1993-11-08,2013-07-01,44.236804,15.754395,EUROPE,Southern Europe,56542,59032,5664,67788.4,56,3.35876874780964,37.9,79.4,1.905,NA,NA,NA,NA,NA,NA,NA,NA,NA,NA,NA,NA,NA,NA
KOR,730,Republic of Korea,Seoul,0918-01-01,1910-08-22,,1991-09-17,1949-11-25,,35.907757,127.76692,ASIA,Eastern Asia,98480,300851,12478,,17,3.85388678453516,100,499.9,2.7,1,0,4,7.1,2.8,5.3,5,10,5.5,39.8,0,0,8,6.4
HUN,310,Hungary,Budapest,1000-12-25,1526-08-29,,1955-12-14,1967-11-06,2004-05-01,47.162495,19.503304,EUROPE,Eastern Europe,93030,0,0,,8,0,0,106.8,2.033,NA,NA,NA,NA,NA,NA,NA,NA,NA,NA,NA,NA,NA,NA
POL,290,Poland,Warsaw,1025-04-18,1795-10-24,,1945-10-24,1957-11-09,2004-05-01,51.919437,19.145136,EUROPE,Eastern Europe,312685,29797,1032,363610.11,6,4.10523250491291,13.5,123.1,2.094,1,1,6,5.2,3.7,7.6,1,9,2.5,16.2,5,4,6,5.2
ESP,230,Spain,Madrid,1065-12-24,9999-12-31,Calculated as continuator of first Kingdom (until 1230) and then Crown (until 1702/1715) of Castile,1955-12-14,1951-04-05,1986-01-01,40.46367,-3.74922,EUROPE,Southern Europe,504782,1039233,7268,1763402.46,62,3.48654579428386,67.9,80.2,1.91,1,2,4,8.7,4.8,7.1,2,9,5.2,67.5,0,0,6,7.1
GBR,200,United Kingdom,London,1066-12-25,9999-12-31,,1945-10-24,1945-10-16,1973-01-01,55.37805,-3.435973,EUROPE,Western Europe,244820,6805586,19717,,41,5.69842480996461,98.6,248.9,2.398,1,5,4,4.5,5.3,8,1,5,5.2,60.8,5,4,9,4.2
PRT,235,Portugal,Lisbon,1139-07-25,1578-08-04,,1955-12-14,1946-09-11,1986-01-01,39.39987,-8.224454,EUROPE,Southern Europe,92391,1727408,2830,583314.89,47,3.05723347690489,92.7,115.6,2.067,0,1,4,6.8,3.3,7.4,2,6,4.1,70,2,0,6,5.7
BIH,346,Bosnia and Herzegovina,Sarajevo,1154-12-31,1463-06-05,,1992-05-22,1993-11-08,,43.915886,17.679075,EUROPE,Southern Europe,51129,50,23,,31,0.707014981566435,46.6,89.8,1.958,NA,NA,NA,NA,NA,NA,NA,NA,NA,NA,NA,NA,NA,NA
BGR,355,Bulgaria,Sofia,1185-10-26,1396-09-25,,1955-12-14,1967-11-06,2007-01-01,42.733883,25.48583,EUROPE,Eastern Europe,110910,34307,457,32104.56,18,3.18146472610744,29.2,65.5,1.823,NA,NA,NA,NA,NA,NA,NA,NA,NA,NA,NA,NA,NA,NA
THA,800,Thailand,Bangkok,1238-01-01,9999-12-31,,1946-12-16,1947-08-27,,15.870032,100.99254,ASIA,South-Eastern Asia,514000,299397,7066,2067666.54,72,4.37738950292251,38.7,127.4,2.109,1,2,3,3.3,3.3,6.3,6,9,2,22.1,0,0,7,4.9
ALB,339,Albania,Tirana,1272-02-21,1392-12-31,,1955-12-14,1973-11-12,,41.15333,20.168331,EUROPE,Southern Europe,28748,13691,649,16581.53,38,1.6240838244711,97.1,125.9,2.103,NA,NA,NA,NA,NA,NA,NA,NA,NA,NA,NA,NA,NA,NA
AND,232,Andorra,Andorra la Vella,1278-09-08,1812-01-26,,1993-07-28,2007-11-17,,42.546246,1.601554,EUROPE,Southern Europe,468,0,0,,1,0,0,154.7,2.192,NA,NA,NA,NA,NA,NA,NA,NA,NA,NA,NA,NA,NA,NA
CHE,225,Switzerland,Bern,1291-08-01,9999-12-31,,2002-09-10,1946-09-11,,46.818188,8.227512,EUROPE,Western Europe,41290,0,0,112565.32,9,0,0,183.6,2.266,NA,NA,NA,NA,NA,NA,NA,NA,NA,NA,NA,NA,NA,NA
ITA,325,Italy,Rome,1324-02-29,9999-12-31,Previously the Kingdom of Sardinia,1955-12-14,1946-09-12,1952-07-23,41.87194,12.56738,EUROPE,Southern Europe,301230,541915,9226,1446902.87,42,17.4352886281145,79.1,193,2.288,1,3,4,5.3,4.8,6.4,1,9,4.2,23.1,3,0,6,5.9
SRB,345,Yugoslavia-Serbia,Belgrade,1346-04-16,1389-06-28,,1945-10-24,2001-11-02,,44.01652,21.00586,EUROPE,Southern Europe,102350,0,0,,11,0,0,99.3,2.001,NA,NA,NA,NA,NA,NA,NA,NA,NA,NA,NA,NA,NA,NA
MDA,359,Moldavia,Chisinau,1346-12-31,1859-02-05,,1992-03-02,1995-10-20,,47.02833,28.827967,EUROPE,Eastern Europe,33843,0,0,,9,0,9.1,127.8,2.11,NA,NA,NA,NA,NA,NA,NA,NA,NA,NA,NA,NA,NA,NA
SIC,329,Two Sicilies,Naples,1442-06-02,1458-06-27,,,,,,,,,,,,,,,,,,,,,,,,,,,,,,,
MOD,332,Modena,Modena,1452-05-18,1796-05-07,,,,,,,,,,,,,,,,,,,,,,,,,,,,,,,
TUR,640,Turkey,Ankara,1453-05-29,9999-12-31,From the conquest of Constantinople,1945-10-24,1948-04-06,,38.963745,35.24332,ASIA,Western Asia,780580,261654,8140,505835.92,67,2.42592510837061,57.5,92.1,1.969,1,1,4,5,3.4,4.9,2,6,1.8,28,0,4,10,5
IRN,630,Islamic Republic of Iran,Tehran,1501-07-31,9999-12-31,,1945-10-24,1953-12-01,,32.42791,53.688046,ASIA,Western Asia,1648000,168718,5891,,29,1.71311720295393,23.9,40,1.613,1,1,0,3.7,2.8,5.3,1,9,2,22.6,2,0,7,4.8
SIC,329,Two Sicilies,Naples,1501-08-01,1714-03-07,,,,,,,,,,,,,,,,,,,,,,,,,,,,,,,
SDN,625,Funj Sultanate of Sennar,Khartoum,1504-01-01,1821-06-14,,1956-11-12,1956-09-13,,12.862807,30.217636,AFRICA,Northern Africa,2505810,68148,2245,70656.28,17,0.0459020347428708,2.8,16,1.23,NA,NA,NA,NA,NA,NA,NA,NA,NA,NA,NA,NA,NA,NA
SWE,380,Sweden,Stockholm,1523-06-06,9999-12-31,From coronation of Gustav I,1946-11-19,1950-02-13,1995-01-01,60.128162,18.643501,EUROPE,Northern Europe,449964,160885,26384,261003.42,11,5.33218108764864,87.7,20.1,1.324,1,10,3,5.4,4.2,8,1,5,4.5,27.5,6,0,8,6.2
DNK,390,Denmark,Copenhagen,1523-06-06,1940-04-09,From Swedish secession from Kalmar Union to German occupation,1945-10-24,1945-10-16,1973-01-01,56.26392,9.501785,EUROPE,Northern Europe,43094,2551238,5316,133559.83,14,3.21829964551571,100,127.3,2.108,1,8,3,5.5,4.3,7.8,5,5,5.7,41.6,1,4,0,6.5
DZA,615,Ottoman Algeria,Algiers,1529-05-29,1830-07-07,From Capture of Peñón to the French invasion of Algiers,1962-10-08,1963-11-19,,28.033886,1.659626,AFRICA,Northern Africa,2381740,126353,1557,174448.39,33,0.286329749270636,68.8,14.2,1.182,NA,NA,NA,NA,NA,NA,NA,NA,NA,NA,NA,NA,NA,NA
PMA,335,Parma,Parma,1545-09-16,1802-10-09,,,,,,,,,,,,,,,,,,,,,,,,,,,,,,,
RUS,365,Russian Federation,Moscow,1547-01-16,9999-12-31,,1945-10-24,2006-04-11,,61.52401,105.318756,EUROPE,Eastern Europe,17075200,7566673,110310,2676603.89,35,10.8114203540319,14.9,8.2,0.964,1,0,4,8.7,3.4,5.2,3,10,3.4,56.4,3,0,4,5.4
TUS,337,Tuscany,Florence,1569-08-27,1801-03-21,,,,,,,,,,,,,,,,,,,,,,,,,,,,,,,
NLD,210,Netherlands,Amsterdam,1581-07-26,1940-07-14,,1945-12-10,1945-10-16,1952-07-23,52.132633,5.291266,EUROPE,Western Europe,41526,154011,1914,313134.65,12,22.1084195416424,93.4,400.8,2.604,1,3,0,9,4.3,7.9,5,10,5.5,31.8,1,4,10,7.1
PRT,235,Portugal,Lisbon,1640-12-01,9999-12-31,,1955-12-14,1946-09-11,1986-01-01,39.39987,-8.224454,EUROPE,Southern Europe,92391,1727408,2830,583314.89,47,3.05723347690489,92.7,115.6,2.067,0,1,4,6.8,3.3,7.4,2,6,4.1,70,2,0,6,5.7
MCO,221,Monaco,Monaco,1641-09-14,1793-02-14,,1993-05-28,2001-11-02,,43.73842,7.424616,EUROPE,Western Europe,2,288,4,,9,99.9999959582785,100,16400,4.215,NA,NA,NA,NA,NA,NA,NA,NA,NA,NA,NA,NA,NA,NA
MAR,600,Morocco,Rabat,1664-08-02,1912-03-30,From coronation of Al-Rashid to Treaty of Fez,1956-11-12,1956-09-13,,31.791702,-7.09262,AFRICA,Northern Africa,446550,575230,2009,299544.15,45,1.32020165005104,65.1,76.9,1.892,0,1,3,5.5,3.4,5.8,4,6,3.5,29.3,2,4,7,5.8
DEU,255,Germany (Prussia),Berlin,1701-01-18,1945-05-08,Calculated from the Coronation of Frederick I of Prussia,1973-09-18,1950-11-27,1952-07-23,51.16569,10.451526,EUROPE,Western Europe,357021,57485,3624,1218325.22,21,40.2846753942246,14.6,230.7,2.365,2,10,2,9,5.3,8.8,1,8,4.2,26.9,1,4,8,7.1
TUN,616,Tunisia,Tunis,1705-07-15,1881-05-12,From coronation of Al-Husayn I ibn Ali to establishment of French protectorate,1956-11-12,1955-11-25,,33.886917,9.537499,AFRICA,Northern Africa,163610,101857,1927,131265.68,31,1.16841042600534,84,63.5,1.81,NA,NA,NA,NA,NA,NA,NA,NA,NA,NA,NA,NA,NA,NA
LBY,620,Tripolitania,Tripoli,1711-07-29,1835-05-26,From coronation of Ahmed I to reoccupation by Ottoman Empire,1955-12-14,1953-11-24,,26.3351,17.22833,AFRICA,Northern Africa,1759540,351589,2025,60819.46,21,0.0500477858983402,78.7,3.5,0.653,NA,NA,NA,NA,NA,NA,NA,NA,NA,NA,NA,NA,NA,NA
LIE,223,Liechtenstein,Vaduz,1718-01-23,1806-07-25,,1990-09-18,NA,,47.152836,9.546432,EUROPE,Western Europe,160,0,0,,0,0,0,215.6,2.336,NA,NA,NA,NA,NA,NA,NA,NA,NA,NA,NA,NA,NA,NA
SAU,670,Emirate of Diriyah,Riyadh,1744-01-01,1818-04-30,,1945-10-24,1948-11-23,,23.885942,45.079163,ASIA,Western Asia,1960582,228633,7572,221644.94,22,3.43284721861953,30.3,14.4,1.188,NA,NA,NA,NA,NA,NA,NA,NA,NA,NA,NA,NA,NA,NA
USA,2,United States of America,Washington DC,1776-07-04,9999-12-31,,1945-10-24,1945-10-16,,37.09024,-95.71289,NORTHERN AMERICA,Northern America,9629091,11351000,133312,,177,28.5956543020562,43.3,31.6,1.513,1,3,4,6.1,3.9,5,1,9,6.8,69.4,7,0,8,6.1
PAP,327,Papal States,Rome,1800-03-14,1809-05-17,,,,,,,,,,,,,,,,,,,,,,,,,,,,,,,
HSE,273,Hesse Electoral,Kassel,1803-04-27,1807-07-09,,,,,,,,,,,,,,,,,,,,,,,,,,,,,,,
HTI,41,Haiti,Port-au-Prince,1804-01-01,1915-07-28,,1945-10-24,1945-10-16,,18.971188,-72.28522,LATIN AMERICA,Caribbean,27750,126760,1977,39045.2,17,0,99.6,321.6,2.509,NA,NA,NA,NA,NA,NA,NA,NA,NA,NA,NA,NA,NA,NA
AUT,305,Austria,Vienna,1804-08-11,1867-03-30,,1955-12-14,1947-08-27,1995-01-01,47.51623,14.550072,EUROPE,Western Europe,83858,0,0,111015.63,11,0,2.2,97.9,1.995,NA,NA,NA,NA,NA,NA,NA,NA,NA,NA,NA,NA,NA,NA
EGY,651,Egypt,Cairo,1805-05-17,9999-12-31,,1945-10-24,1945-10-16,,26.820553,30.802498,AFRICA,Northern Africa,1001450,263451,5898,1337778.35,36,9.32173870867686,53.1,81.6,1.917,1,5,4,5.4,5.5,5.9,1,10,1.4,15.6,2,0,8,6
WRT,271,Wuerttemburg,Stuttgart,1805-12-26,1871-01-18,,,,,,,,,,,,,,,,,,,,,,,,,,,,,,,
BAD,267,Baden,Karlsruhe,1806-08-06,1871-01-18,,,,,,,EUROPE,,,,,,,,,,,,,,,,,,,,,,,,
HSG,275,Hesse Grand Ducal,Darmstadt,1806-08-13,1871-01-18,,,,,,,,,,,,,,,,,,,,,,,,,,,,,,,
EHT,,State of Haiti,Milot,1806-10-17,1820-10-08,,,,,,,,,,,,,,,,,,,,,,,,,,,,,,,
SAX,269,Saxony,Dresden,1806-12-20,1871-01-18,,,,,,,,,,,,,,,,,,,,,,,,,,,,,,,
POL,290,Poland,Warsaw,1807-06-09,1815-06-09,,1945-10-24,1957-11-09,2004-05-01,51.919437,19.145136,EUROPE,Eastern Europe,312685,29797,1032,363610.11,6,4.10523250491291,13.5,123.1,2.094,1,1,6,5.2,3.7,7.6,1,9,2.5,16.2,5,4,6,5.2
MDG,580,Madagascar,Antananarivo,1810-07-06,1896-08-06,From death of Andrianampoinimerina to French proclamation of colony,1960-09-20,1961-11-09,,-18.766947,46.869106,AFRICA,Eastern Africa,587040,1225259,9935,136750.13,83,0.118586566600924,55.1,34.1,1.545,NA,NA,NA,NA,NA,NA,NA,NA,NA,NA,NA,NA,NA,NA
PRY,150,Paraguay,Asuncion,1811-05-14,9999-12-31,,1945-10-24,1945-10-30,,-23.442503,-58.443832,LATIN AMERICA,South America,406750,0,0,24386.14,0,0,0,16.8,1.25,NA,NA,NA,NA,NA,NA,NA,NA,NA,NA,NA,NA,NA,NA
LIE,223,Liechtenstein,Vaduz,1813-10-19,1815-06-20,,1990-09-18,NA,,47.152836,9.546432,EUROPE,Western Europe,160,0,0,,0,0,0,215.6,2.336,NA,NA,NA,NA,NA,NA,NA,NA,NA,NA,NA,NA,NA,NA
AND,232,Andorra,Andorra la Vella,1814-03-10,9999-12-31,,1993-07-28,2007-11-17,,42.546246,1.601554,EUROPE,Southern Europe,468,0,0,,1,0,0,154.7,2.192,NA,NA,NA,NA,NA,NA,NA,NA,NA,NA,NA,NA,NA,NA
PMA,335,Parma,Parma,1814-04-11,1859-12-03,,,,,,,,,,,,,,,,,,,,,,,,,,,,,,,
MCO,221,Monaco,Monaco,1814-05-17,9999-12-31,,1993-05-28,2001-11-02,,43.73842,7.424616,EUROPE,Western Europe,2,288,4,,9,99.9999959582785,100,16400,4.215,NA,NA,NA,NA,NA,NA,NA,NA,NA,NA,NA,NA,NA,NA
HSE,273,Hesse Electoral,Kassel,1814-05-30,1866-08-23,,,,,,,,,,,,,,,,,,,,,,,,,,,,,,,
PAP,327,Papal States,Rome,1814-05-30,1849-02-09,,,,,,,,,,,,,,,,,,,,,,,,,,,,,,,
MOD,332,Modena,Modena,1814-07-14,1859-06-04,,,,,,,,,,,,,,,,,,,,,,,,,,,,,,,
HAN,240,Hanover,Hannover,1814-10-12,1866-09-20,,,,,,,,,,,,,,,,,,,,,,,,,,,,,,,
TUS,337,Tuscany,Florence,1815-06-09,1859-12-08,,,,,,,,,,,,,,,,,,,,,,,,,,,,,,,
MEC,280,Mecklenburg Schwerin,Schwerin,1815-06-14,1871-01-18,,,,,,,,,,,,,,,,,,,,,,,,,,,,,,,
ARG,160,Argentina,Buenos Aires,1816-07-09,9999-12-31,,1945-10-24,1951-11-21,,-38.416096,-63.616673,LATIN AMERICA,South America,2766890,1159063,8397,252781.45,36,1.10372557788221,45.1,14.7,1.196,0,1,0,7.4,4,7.1,5,8,3.4,36.7,1,0,7,5.9
SIC,329,Two Sicilies,Naples,1816-12-12,1861-03-17,,,,,,,,,,,,,,,,,,,,,,,,,,,,,,,
CHL,155,Chile,Santiago,1818-02-12,9999-12-31,,1945-10-24,1946-05-17,,-35.675148,-71.54297,LATIN AMERICA,South America,756950,3681989,78563,333889.22,19,3.68504677471,81.5,21.7,1.356,0,0,4,2.9,4.4,7,6,5,5.4,62.3,0,7,10,4.1
UPC,89,United Provinces of Central America,Guatemala,1821-09-15,1822-01-25,,,,,,,,,,,,,,,,,,,,,,,,,,,,,,,
MEX,70,Mexico,Mexico,1821-09-28,9999-12-31,,1945-11-07,1945-10-16,,23.6345,-102.55279,LATIN AMERICA,Central America,1972550,3177593,23761,1160718.17,150,16.6683811136481,28.7,55.7,1.754,1,1,3,4.9,4.2,6.9,2,7,4.5,44.1,1,0,8,5.2
DOM,42,Dominican Republic,Santo Domingo,1821-11-30,1822-02-09,,1945-10-24,1945-10-16,,18.735693,-70.16265,LATIN AMERICA,Caribbean,48730,255898,1612,105707.13,17,30.3737527363071,100,195.1,2.292,NA,NA,NA,NA,NA,NA,NA,NA,NA,NA,NA,NA,NA,NA
GCL,99,Gran Colombia,Bogota,1821-12-17,1831-11-19,,,,,,,,,,,,,,,,,,,,,,,,,,,,,,,
BRA,140,Brazil,Brasilia,1822-09-07,9999-12-31,,1945-10-24,1945-10-16,,-14.235004,-51.92528,LATIN AMERICA,South America,8511965,3660955,33379,1305763.15,80,16.4799420040554,48.6,22.5,1.371,1,1,3,2.5,1.7,7,1,9,3.1,45.8,0,0,0,4.8
UPC,89,United Provinces of Central America,Guatemala,1823-07-01,1839-12-31,,,,,,,,,,,,,,,,,,,,,,,,,,,,,,,
SAU,670,Emirate of Nejd,Riyadh,1824-01-01,1891-01-24,,1945-10-24,1948-11-23,,23.885942,45.079163,ASIA,Western Asia,1960582,228633,7572,221644.94,22,3.43284721861953,30.3,14.4,1.188,NA,NA,NA,NA,NA,NA,NA,NA,NA,NA,NA,NA,NA,NA
PER,135,Peru,Lima,1824-12-09,9999-12-31,,1945-10-31,1952-06-17,,-9.189967,-75.01515,LATIN AMERICA,South America,1285220,906454,3362,608944.12,19,2.84293107802319,57.2,22.7,1.375,0,0,4,4.3,4.1,6.3,7,8,4.3,36,8,10,9,4.9
BOL,145,Plurinational State of Bolivia,Sucre,1825-08-06,9999-12-31,,1945-11-14,1945-10-16,,-16.290154,-63.588654,LATIN AMERICA,South America,1098580,0,0,16237.52,0,0,0,8.4,0.973,NA,NA,NA,NA,NA,NA,NA,NA,NA,NA,NA,NA,NA,NA
GRC,350,Greece,Athens,1827-05-17,1941-04-23,,1945-10-25,1945-10-16,1981-01-01,39.074207,21.824312,EUROPE,Southern Europe,131940,505572,15147,234330.85,73,2.61449496689692,99.2,81.3,1.915,NA,NA,NA,NA,NA,NA,NA,NA,NA,NA,NA,NA,NA,NA
VEN,101,Bolivarian Republic of Venezuela,Caracas,1830-01-13,9999-12-31,,1945-11-15,1945-10-16,,6.42375,-66.58973,LATIN AMERICA,South America,912050,471507,6762,458760.27,34,15.3341622542775,73.1,29,1.477,NA,NA,NA,NA,NA,NA,NA,NA,NA,NA,NA,NA,NA,NA
ECU,130,Ecuador,Quito,1830-05-13,9999-12-31,,1945-12-21,1945-10-16,,-1.831239,-78.1834,LATIN AMERICA,South America,283560,1077231,4597,58673.18,49,75.3603177516488,60.5,49.1,1.7,0,1,5,4.5,4,6.4,6,8,3,34.6,2,0,8,4.9
URY,165,Uruguay,Montevideo,1830-07-18,9999-12-31,,1945-12-18,1945-11-30,,-32.522778,-55.765835,LATIN AMERICA,South America,176220,142166,1096,31205.87,35,0.331136452781342,78.5,19.7,1.316,NA,NA,NA,NA,NA,NA,NA,NA,NA,NA,NA,NA,NA,NA
BEL,211,Belgium,Brussels,1830-10-04,1940-05-28,,1945-12-27,1945-10-16,1952-07-23,50.503887,4.469936,EUROPE,Western Europe,30510,3447,76,257835.1,10,0.0432004072662654,83,341,2.534,NA,NA,NA,NA,NA,NA,NA,NA,NA,NA,NA,NA,NA,NA
COL,100,Colombia,Bogota,1831-11-19,9999-12-31,,1945-11-05,1945-10-17,,4.570868,-74.29733,LATIN AMERICA,South America,1138910,808158,5875,245205.53,50,15.5304089788533,29.9,39.5,1.607,NA,NA,NA,NA,NA,NA,NA,NA,NA,NA,NA,NA,NA,NA
ALT,,Los Altos,Quetzaltenango,1838-02-02,1840-04-02,,,,,,,,,,,,,,,,,,,,,,,,,,,,,,,
NIC,93,Nicaragua,Managua,1838-05-31,1896-09-15,,1945-10-24,1945-10-26,,12.865416,-85.20723,LATIN AMERICA,Central America,129494,123881,1915,26548.07,26,37.2223578981306,71.6,44.7,1.66,NA,NA,NA,NA,NA,NA,NA,NA,NA,NA,NA,NA,NA,NA
HND,91,Honduras,Tegucigalpa,1838-11-05,1896-09-15,,1945-12-27,1945-10-16,,15.199999,-86.241905,LATIN AMERICA,Central America,112090,249542,1878,21773.7,22,1.89121881910578,65.5,68.2,1.84,NA,NA,NA,NA,NA,NA,NA,NA,NA,NA,NA,NA,NA,NA
CRI,94,Costa Rica,San Jose,1838-11-05,9999-12-31,,1945-11-02,1948-04-07,,9.748917,-83.753426,LATIN AMERICA,Central America,51100,574725,2069,33263.91,46,12.2435318621148,100,82.1,1.92,NA,NA,NA,NA,NA,NA,NA,NA,NA,NA,NA,NA,NA,NA
SLV,92,El Salvador,San Salvador,1841-02-18,1896-09-15,,1945-10-24,1947-08-19,,13.794185,-88.89653,LATIN AMERICA,Central America,21040,90962,756,42112.65,12,3.10820960890568,98.8,335.8,2.527,NA,NA,NA,NA,NA,NA,NA,NA,NA,NA,NA,NA,NA,NA
DOM,42,Dominican Republic,Santo Domingo,1844-02-27,1861-03-18,,1945-10-24,1945-10-16,,18.735693,-70.16265,LATIN AMERICA,Caribbean,48730,255898,1612,105707.13,17,30.3737527363071,100,195.1,2.292,NA,NA,NA,NA,NA,NA,NA,NA,NA,NA,NA,NA,NA,NA
GTM,90,Guatemala,Guatemala,1847-03-21,9999-12-31,,1945-11-21,1945-10-16,,15.783471,-90.23076,LATIN AMERICA,Central America,108890,114170,445,29646.97,20,12.5100599571449,61.2,119.4,2.081,NA,NA,NA,NA,NA,NA,NA,NA,NA,NA,NA,NA,NA,NA
LBR,450,Liberia,Monrovia,1847-07-26,9999-12-31,,1945-11-02,1945-10-16,,6.428055,-9.429499,AFRICA,Western Africa,111370,249734,842,18245.14,52,0,57.9,29.9,1.49,NA,NA,NA,NA,NA,NA,NA,NA,NA,NA,NA,NA,NA,NA
ALT,,Los Altos,Quetzaltenango,1848-08-26,1849-05-08,,,,,,,,,,,,,,,,,,,,,,,,,,,,,,,
PAP,327,Papal States,Rome,1849-07-02,1870-09-20,,,,,,,,,,,,,,,,,,,,,,,,,,,,,,,
TRA,563,Transvaal,Pretoria,1852-01-17,1902-05-31,From Sand River Convention to Treaty of Vereeniging,,,,,,,,,,,,,,,,,,,,,,,,,,,,,,
MNE,341,Montenegro,Podgorica,1852-03-13,1918-12-01,,2006-06-28,2007-11-17,,42.70868,19.37439,EUROPE,Southern Europe,14026,7745,294,,24,0.849827608173776,100,48.4,1.694,NA,NA,NA,NA,NA,NA,NA,NA,NA,NA,NA,NA,NA,NA
OFS,564,Orange Free State,Bloemfontein,1854-03-28,1902-05-31,From Orange River Convention to Treaty of Vereeniging,,,,,,,,,,,,,,,,,,,,,,,,,,,,,,
ETH,530,Ethiopia,Addis Ababa,1855-02-11,1936-05-05,From coronation of Emperor Theodore II to occupation by Italy,1945-11-13,1948-01-01,,9.145,40.489674,AFRICA,Eastern Africa,1127127,0,0,12542.81,14,0,1.4,69.4,1.848,NA,NA,NA,NA,NA,NA,NA,NA,NA,NA,NA,NA,NA,NA
JPN,740,Japan,Tokyo,1860-01-01,1945-08-14,,1956-12-18,1951-11-21,,36.202023,138.25293,ASIA,Eastern Asia,377835,4479388,29020,7743633.39,59,5.54996424289576,96.4,336.9,2.529,0,1,4,7.5,3.5,4.4,5,8,6.3,36.8,6,0,7,6.5
CHN,710,China,Beijing,1860-10-25,9999-12-31,,1945-10-24,1945-10-16,,35.86166,104.1954,ASIA,Eastern Asia,9596960,879666,30017,35364494.51,97,1.28254031577527,24,138.6,2.145,0,0,4,5.2,3.7,5.1,3,10,4.7,15.1,0,0,8,6.1
DOM,42,Dominican Republic,Santo Domingo,1865-03-03,1916-11-29,,1945-10-24,1945-10-16,,18.735693,-70.16265,LATIN AMERICA,Caribbean,48730,255898,1612,105707.13,17,30.3737527363071,100,195.1,2.292,NA,NA,NA,NA,NA,NA,NA,NA,NA,NA,NA,NA,NA,NA
LIE,223,Liechtenstein,Vaduz,1866-08-24,9999-12-31,,1990-09-18,NA,,47.152836,9.546432,EUROPE,Western Europe,160,0,0,,0,0,0,215.6,2.336,NA,NA,NA,NA,NA,NA,NA,NA,NA,NA,NA,NA,NA,NA
AUH,300,Austria-Hungary,Vienna,1867-03-30,1918-11-11,,,,,,,EUROPE,,,,,,,,,,,,,,,,,,,,,,,,
LUX,212,Luxembourg,Luxembourg,1867-05-11,1914-08-02,,1945-10-24,1945-10-16,1952-07-23,49.815273,6.129583,EUROPE,Western Europe,2586,0,0,13197.22,1,0,0,187.9,2.276,NA,NA,NA,NA,NA,NA,NA,NA,NA,NA,NA,NA,NA,NA
BGR,355,Bulgaria,Sofia,1878-03-03,9999-12-31,,1955-12-14,1967-11-06,2007-01-01,42.733883,25.48583,EUROPE,Eastern Europe,110910,34307,457,32104.56,18,3.18146472610744,29.2,65.5,1.823,NA,NA,NA,NA,NA,NA,NA,NA,NA,NA,NA,NA,NA,NA
SRB,340,Yugoslavia-Serbia,Belgrade,1878-07-13,1941-04-20,,1945-10-24,2001-11-02,,44.01652,21.00586,EUROPE,Southern Europe,102350,0,0,,11,0,0,99.3,2.001,NA,NA,NA,NA,NA,NA,NA,NA,NA,NA,NA,NA,NA,NA
ROU,360,Romania,Bucharest,1878-07-13,9999-12-31,,1955-12-14,1961-11-09,2007-01-01,45.94316,24.96676,EUROPE,Eastern Europe,237500,23627,696,112800.17,18,33.2592095744114,6.3,93.7,1.976,NA,NA,NA,NA,NA,NA,NA,NA,NA,NA,NA,NA,NA,NA
UPC,89,Greater Republic of Central America,Amapala,1896-09-15,1898-11-21,,,,,,,,,,,,,,,,,,,,,,,,,,,,,,,
HND,91,Honduras,Tegucigalpa,1898-11-21,9999-12-31,,1945-12-27,1945-10-16,,15.199999,-86.241905,LATIN AMERICA,Central America,112090,249542,1878,21773.7,22,1.89121881910578,65.5,68.2,1.84,NA,NA,NA,NA,NA,NA,NA,NA,NA,NA,NA,NA,NA,NA
SLV,92,El Salvador,San Salvador,1898-11-21,9999-12-31,,1945-10-24,1947-08-19,,13.794185,-88.89653,LATIN AMERICA,Central America,21040,90962,756,42112.65,12,3.10820960890568,98.8,335.8,2.527,NA,NA,NA,NA,NA,NA,NA,NA,NA,NA,NA,NA,NA,NA
NIC,93,Nicaragua,Managua,1898-11-21,9999-12-31,,1945-10-24,1945-10-26,,12.865416,-85.20723,LATIN AMERICA,Central America,129494,123881,1915,26548.07,26,37.2223578981306,71.6,44.7,1.66,NA,NA,NA,NA,NA,NA,NA,NA,NA,NA,NA,NA,NA,NA
CUB,40,Cuba,Havana,1902-05-20,1906-09-25,,1945-10-24,1945-10-19,,21.521757,-77.781166,LATIN AMERICA,Caribbean,110860,350751,14519,96955.3,30,4.41134916920556,100,103,2.017,NA,NA,NA,NA,NA,NA,NA,NA,NA,NA,NA,NA,NA,NA
PAN,95,Panama,Panama,1903-11-03,9999-12-31,,1945-11-13,1945-10-16,,8.537981,-80.78213,LATIN AMERICA,Central America,78200,335646,5637,40673.23,36,4.00561473667169,100,42.1,1.634,NA,NA,NA,NA,NA,NA,NA,NA,NA,NA,NA,NA,NA,NA
NOR,385,Norway,Oslo,1905-06-07,1940-06-10,Dissolution of Sweden-Norway until German occupation,1945-11-27,1945-10-16,,60.472023,8.468946,EUROPE,Northern Europe,324220,2385178,53199,242753.97,18,2.35335687156997,95.4,14.3,1.185,0,1,4,3.5,4,5.1,6,4,6.7,53.4,3,4,8,3.7
CUB,40,Cuba,Havana,1909-01-23,9999-12-31,,1945-10-24,1945-10-19,,21.521757,-77.781166,LATIN AMERICA,Caribbean,110860,350751,14519,96955.3,30,4.41134916920556,100,103,2.017,NA,NA,NA,NA,NA,NA,NA,NA,NA,NA,NA,NA,NA,NA
ZAF,560,South Africa,Pretoria,1910-05-31,9999-12-31,,1945-11-07,1993-11-09,,-30.559483,22.937506,AFRICA,Southern Africa,1219912,1535538,3751,374611.58,81,6.49201611636595,38.9,35.9,1.567,0,2,4,7,5,7.7,1,9,6.1,53.1,3,4,8,5.5
ALB,339,Albania,Tirana,1913-07-29,1939-04-07,,1955-12-14,1973-11-12,,41.15333,20.168331,EUROPE,Southern Europe,28748,13691,649,16581.53,38,1.6240838244711,97.1,125.9,2.103,NA,NA,NA,NA,NA,NA,NA,NA,NA,NA,NA,NA,NA,NA
FIN,375,Finland,Helsinki,1917-12-06,9999-12-31,,1955-12-14,1947-08-27,1995-01-01,61.92411,25.748152,EUROPE,Northern Europe,337030,87171,31119,167533.16,5,4.96209033751037,72.8,15.6,1.22,NA,NA,NA,NA,NA,NA,NA,NA,NA,NA,NA,NA,NA,NA
UKR,369,Ukrainian SSR,Kiev,1919-03-10,1991-08-19,,1945-10-24,2003-11-29,,48.379433,31.16558,EUROPE,Eastern Europe,603700,147318,4953,783009.29,21,4.85849971182726,20.9,76.2,1.888,1,4,0,6.2,3.7,6.5,2,10,2.2,26.5,1,4,6,5.5
LTU,368,Lithuania,Vilnius,1918-02-16,1940-06-15,,1991-09-17,1991-11-11,2004-05-01,55.169437,23.881275,EUROPE,Northern Europe,65200,7031,258,126031.35,5,10.7495411156547,22.9,54.7,1.746,NA,NA,NA,NA,NA,NA,NA,NA,NA,NA,NA,NA,NA,NA
EST,366,Estonia,Tallinn,1918-02-24,1940-06-16,,1991-09-17,1991-11-11,2004-05-01,58.595272,25.013607,EUROPE,Northern Europe,45226,36992,2956,22016.69,4,26.4682716264724,85.9,28.9,1.476,NA,NA,NA,NA,NA,NA,NA,NA,NA,NA,NA,NA,NA,NA
BLR,370,Belarus,Minsk,1918-03-25,1919-01-05,,1945-10-24,2005-11-19,,53.70981,27.953388,EUROPE,Eastern Europe,207600,0,0,152164.86,2,0,0,46.7,1.679,NA,NA,NA,NA,NA,NA,NA,NA,NA,NA,NA,NA,NA,NA
BLR,370,SSR Byelorussia,Minsk,1920-07-31,1991-08-19,,1945-10-24,2005-11-19,,53.70981,27.953388,EUROPE,Eastern Europe,207600,0,0,152164.86,2,0,0,46.7,1.679,NA,NA,NA,NA,NA,NA,NA,NA,NA,NA,NA,NA,NA,NA
GEO,372,Georgia,Tbilisi,1918-05-26,1921-02-25,,1992-07-31,1995-10-20,,42.163403,43.533325,ASIA,Western Asia,69700,21946,376,36475.62,9,0.449665831392053,38.8,66.4,1.829,NA,NA,NA,NA,NA,NA,NA,NA,NA,NA,NA,NA,NA,NA
ARM,371,Armenia,Yerevan,1918-05-28,1920-12-02,,1992-03-02,1993-11-08,,40.0691,45.03819,ASIA,Western Asia,29800,0,0,6589.88,3,0,0,99.6,2.003,NA,NA,NA,NA,NA,NA,NA,NA,NA,NA,NA,NA,NA,NA
AZE,373,Azerbaijan,Baku,1918-05-28,1920-04-28,,1992-03-02,1995-10-20,,40.143105,47.576927,ASIA,Western Asia,86600,0,871,14457.42,10,0,55.7,94.4,1.98,NA,NA,NA,NA,NA,NA,NA,NA,NA,NA,NA,NA,NA,NA
CZE,315,Czech Republic,Prague,1918-10-28,1939-03-15,,1993-01-19,1993-11-08,2004-05-01,49.817493,15.472962,EUROPE,Eastern Europe,78866,0,0,106899.84,2,0,0,129.6,2.116,NA,NA,NA,NA,NA,NA,NA,NA,NA,NA,NA,NA,NA,NA
POL,290,Poland,Warsaw,1918-11-11,1939-09-27,,1945-10-24,1957-11-09,2004-05-01,51.919437,19.145136,EUROPE,Eastern Europe,312685,29797,1032,363610.11,6,4.10523250491291,13.5,123.1,2.094,1,1,6,5.2,3.7,7.6,1,9,2.5,16.2,5,4,6,5.2
LVA,367,Latvia,Riga,1918-11-18,1940-06-16,,1991-09-17,1991-11-11,2004-05-01,56.879635,24.60319,EUROPE,Northern Europe,64589,28452,566,28572.48,5,6.66925659643855,75.2,34.8,1.554,0,1,1,NA,3.6,7.1,3,10,2.4,20.2,2,7,8,NA
AFG,700,Afghanistan,Kabul,1919-08-08,9999-12-31,,1946-11-19,1949-12-01,,33.93911,67.70995,ASIA,Southern Asia,647500,0,0,,5,0,0,50.6,1.713,NA,NA,NA,NA,NA,NA,NA,NA,NA,NA,NA,NA,NA,NA
AUT,305,Austria,Vienna,1919-09-10,1938-03-13,,1955-12-14,1947-08-27,1995-01-01,47.51623,14.550072,EUROPE,Western Europe,83858,0,0,111015.63,11,0,2.2,97.9,1.995,NA,NA,NA,NA,NA,NA,NA,NA,NA,NA,NA,NA,NA,NA
NPL,790,Nepal,Kathmandu,1920-01-01,9999-12-31,,1955-12-14,1951-11-21,,28.394857,84.12401,ASIA,Southern Asia,140800,0,0,42816.09,8,0,0,209.7,2.324,NA,NA,NA,NA,NA,NA,NA,NA,NA,NA,NA,NA,NA,NA
CAN,20,Canada,Ottawa,1920-01-10,9999-12-31,,1945-11-09,1945-10-16,,56.130367,-106.34677,NORTHERN AMERICA,Northern America,9976140,5599077,265523,783670.69,32,1.24590169680589,23.9,3.3,0.633,1,3,4,4.1,4.1,4.4,4,6,6.8,37.4,4,4,8,4.6
AUS,900,Australia,Canberra,1920-01-10,9999-12-31,,1945-11-01,1945-10-16,,-25.274399,133.77513,OCEANIA,Australia/New Zealand,7686850,8505348,66530,505171.47,100,28.3415279092091,89.8,2.7,0.568,1,10,3,3.9,4.9,8.9,4,7,6.2,26,3,0,8,5.1
NZL,920,New Zealand,Wellington,1920-01-10,9999-12-31,,1945-10-24,1945-10-16,,-40.90056,174.88597,OCEANIA,Australia/New Zealand,268680,4083744,17209,110545.61,21,10.7828822458878,100,15.5,1.217,0,1,3,5.7,4.1,6.7,7,10,6.4,73.1,10,0,10,6.1
HUN,310,Hungary,Budapest,1920-06-04,9999-12-31,Gleditsch and Ward have it 1918-11-03 and COW has it 1918-11-16. We use the Treaty of Trianon.,1955-12-14,1967-11-06,2004-05-01,47.162495,19.503304,EUROPE,Eastern Europe,93030,0,0,,8,0,0,106.8,2.033,NA,NA,NA,NA,NA,NA,NA,NA,NA,NA,NA,NA,NA,NA
LUX,212,Luxembourg,Luxembourg,1920-11-15,1940-05-10,,1945-10-24,1945-10-16,1952-07-23,49.815273,6.129583,EUROPE,Western Europe,2586,0,0,13197.22,1,0,0,187.9,2.276,NA,NA,NA,NA,NA,NA,NA,NA,NA,NA,NA,NA,NA,NA
DZG,,Free City of Danzig,Danzig,1920-11-15,1939-09-02,,,,,,,,,,,,,,,,,,,,,,,,,,,,,,,
MNG,712,Mongolia,Ulaanbaatar,1921-03-13,9999-12-31,,1961-10-27,1973-11-12,,46.862495,103.84666,ASIA,Eastern Asia,1565000,0,0,568.42,1,0,0,1.9,0.462,NA,NA,NA,NA,NA,NA,NA,NA,NA,NA,NA,NA,NA,NA
IRL,205,Ireland,Dublin,1921-12-06,9999-12-31,,1955-12-14,1946-09-03,1973-01-01,53.41291,-8.24389,EUROPE,Northern Europe,70280,410310,6437,92985.34,18,0.176004683929576,99.9,59.1,1.779,0,1,3,7.4,4.1,6.6,3,8,0,51.1,7,4,6,6.1
DOM,42,Dominican Republic,Santo Domingo,1924-09-29,9999-12-31,,1945-10-24,1945-10-16,,18.735693,-70.16265,LATIN AMERICA,Caribbean,48730,255898,1612,105707.13,17,30.3737527363071,100,195.1,2.292,NA,NA,NA,NA,NA,NA,NA,NA,NA,NA,NA,NA,NA,NA
YEM,678,Yemen,Sanaa,1926-09-02,1990-05-21,,1947-09-30,1990-05-22,,15.552727,48.516388,ASIA,Western Asia,527970,552669,3149,102240.08,21,1.76722735507023,63.5,43.6,1.649,0,0,3,3.7,2.8,6,6,10,0.9,11.6,0,0,7,5
VAT,327,Vatican/Holy See,Rome,1929-02-11,9999-12-31,,,,,,,,,,,,,,,,,,,,,,,,,,,,,,,
SAU,670,Saudi Arabia,Riyadh,1932-09-23,9999-12-31,,1945-10-24,1948-11-23,,23.885942,45.079163,ASIA,Western Asia,1960582,228633,7572,221644.94,22,3.43284721861953,30.3,14.4,1.188,NA,NA,NA,NA,NA,NA,NA,NA,NA,NA,NA,NA,NA,NA
IRQ,645,Iraq,Baghdad,1932-10-03,9999-12-31,,1945-12-21,1945-10-16,,33.22319,43.67929,ASIA,Western Asia,437072,771,105,,11,0,5.7,64.6,1.817,NA,NA,NA,NA,NA,NA,NA,NA,NA,NA,NA,NA,NA,NA
HTI,41,Haiti,Port-au-Prince,1934-08-15,9999-12-31,,1945-10-24,1945-10-16,,18.971188,-72.28522,LATIN AMERICA,Caribbean,27750,126760,1977,39045.2,17,0,99.6,321.6,2.509,NA,NA,NA,NA,NA,NA,NA,NA,NA,NA,NA,NA,NA,NA
HRV,344,Croatia,Zagreb,1941-04-10,1945-05-08,,1992-05-22,1993-11-08,2013-07-01,44.236804,15.754395,EUROPE,Southern Europe,56542,59032,5664,67788.4,56,3.35876874780964,37.9,79.4,1.905,NA,NA,NA,NA,NA,NA,NA,NA,NA,NA,NA,NA,NA,NA
ETH,530,Ethiopia,Addis Ababa,1941-05-05,9999-12-31,,1945-11-13,1948-01-01,,9.145,40.489674,AFRICA,Eastern Africa,1127127,0,0,12542.81,14,0,1.4,69.4,1.848,NA,NA,NA,NA,NA,NA,NA,NA,NA,NA,NA,NA,NA,NA
ISL,395,Iceland,Reykjavik,1944-06-17,9999-12-31,Sovereign but in personal union with Denmark from Danish-Icelandic Act of Union on 1 December 1918,1946-11-19,1945-10-16,,64.96305,-19.020836,EUROPE,Northern Europe,103000,751345,8506,26919.13,12,3.89524227531521,99.9,3,0.602,0,0,4,5.4,2.5,4.6,9,4,6.6,35.7,1,4,9,7.1
FRA,220,France,Paris,1944-08-25,9999-12-31,,1945-10-24,1945-10-16,1952-07-23,46.22764,2.213749,EUROPE,Western Europe,547030,11035000,7330,2147043.95,40,21.3397280755276,39.6,113.5,2.059,0,1,3,6.4,5.9,7.4,1,9,5,63.6,1,0,8,7
LUX,212,Luxembourg,Luxembourg,1944-09-10,9999-12-31,,1945-10-24,1945-10-16,1952-07-23,49.815273,6.129583,EUROPE,Western Europe,2586,0,0,13197.22,1,0,0,187.9,2.276,NA,NA,NA,NA,NA,NA,NA,NA,NA,NA,NA,NA,NA,NA
GRC,350,Greece,Athens,1944-10-13,9999-12-31,,1945-10-25,1945-10-16,1981-01-01,39.074207,21.824312,EUROPE,Southern Europe,131940,505572,15147,234330.85,73,2.61449496689692,99.2,81.3,1.915,NA,NA,NA,NA,NA,NA,NA,NA,NA,NA,NA,NA,NA,NA
SRB,345,Yugoslavia-Serbia,Belgrade,1944-10-20,9999-12-31,,1945-10-24,2001-11-02,,44.01652,21.00586,EUROPE,Southern Europe,102350,0,0,,11,0,0,99.3,2.001,NA,NA,NA,NA,NA,NA,NA,NA,NA,NA,NA,NA,NA,NA
ALB,339,Albania,Tirana,1944-11-17,9999-12-31,,1955-12-14,1973-11-12,,41.15333,20.168331,EUROPE,Southern Europe,28748,13691,649,16581.53,38,1.6240838244711,97.1,125.9,2.103,NA,NA,NA,NA,NA,NA,NA,NA,NA,NA,NA,NA,NA,NA
DNK,390,Denmark,Copenhagen,1945-05-07,9999-12-31,From restoration after German occupation,1945-10-24,1945-10-16,1973-01-01,56.26392,9.501785,EUROPE,Northern Europe,43094,2551238,5316,133559.83,14,3.21829964551571,100,127.3,2.108,1,8,3,5.5,4.3,7.8,5,5,5.7,41.6,1,4,0,6.5
NOR,385,Norway,Oslo,1945-05-08,9999-12-31,From restoration from German occupation,1945-11-27,1945-10-16,,60.472023,8.468946,EUROPE,Northern Europe,324220,2385178,53199,242753.97,18,2.35335687156997,95.4,14.3,1.185,0,1,4,3.5,4,5.1,6,4,6.7,53.4,3,4,8,3.7
CZE,315,Czech Republic,Prague,1945-05-10,9999-12-31,,1993-01-19,1993-11-08,2004-05-01,49.817493,15.472962,EUROPE,Eastern Europe,78866,0,0,106899.84,2,0,0,129.6,2.116,NA,NA,NA,NA,NA,NA,NA,NA,NA,NA,NA,NA,NA,NA
NLD,210,Netherlands,Amsterdam,1945-06-26,9999-12-31,,1945-12-10,1945-10-16,1952-07-23,52.132633,5.291266,EUROPE,Western Europe,41526,154011,1914,313134.65,12,22.1084195416424,93.4,400.8,2.604,1,3,0,9,4.3,7.9,5,10,5.5,31.8,1,4,10,7.1
BEL,211,Belgium,Brussels,1945-06-26,9999-12-31,,1945-12-27,1945-10-16,1952-07-23,50.503887,4.469936,EUROPE,Western Europe,30510,3447,76,257835.1,10,0.0432004072662654,83,341,2.534,NA,NA,NA,NA,NA,NA,NA,NA,NA,NA,NA,NA,NA,NA
POL,290,Poland,Warsaw,1945-06-28,9999-12-31,,1945-10-24,1957-11-09,2004-05-01,51.919437,19.145136,EUROPE,Eastern Europe,312685,29797,1032,363610.11,6,4.10523250491291,13.5,123.1,2.094,1,1,6,5.2,3.7,7.6,1,9,2.5,16.2,5,4,6,5.2
SYR,652,Syrian Arab Republic,Damascus,1945-10-24,1958-02-01,,1945-10-24,1945-10-27,,34.802074,38.996815,ASIA,Western Asia,185180,10503,212,,33,0.625662261682456,34.5,106.6,2.032,NA,NA,NA,NA,NA,NA,NA,NA,NA,NA,NA,NA,NA,NA
LBN,660,Lebanon,Beirut,1945-10-24,9999-12-31,,1945-10-24,1945-10-27,,33.85472,35.862286,ASIA,Western Asia,10400,19516,294,38972.01,21,0.106117746633252,100,381.9,2.583,NA,NA,NA,NA,NA,NA,NA,NA,NA,NA,NA,NA,NA,NA
JOR,663,Jordan,Amman,1946-05-25,9999-12-31,,1955-12-14,1951-01-23,,30.585163,36.238415,ASIA,Western Asia,92300,166,27,33953.9,13,29.9730273359602,29,67.2,1.834,NA,NA,NA,NA,NA,NA,NA,NA,NA,NA,NA,NA,NA,NA
PHL,840,Philippines,Manila,1946-07-04,9999-12-31,,1945-10-24,1945-10-16,,12.879721,121.77402,ASIA,South-Eastern Asia,300000,1590780,33900,2870848.5,65,2.46832964586724,100,308.9,2.491,1,1,4,4.7,4.1,5.7,6,9,3.2,26,1,0,6,5.8
HAN,240,Hanover,Hannover,1946-08-23,1946-11-23,,,,,,,,,,,,,,,,,,,,,,,,,,,,,,,
PAK,770,Pakistan,Islamabad,1947-08-14,9999-12-31,,1947-09-30,1947-09-07,,30.37532,69.345116,ASIA,Southern Asia,803940,235999,2599,326921.23,33,1.83298312251985,9.1,208.7,2.322,1,0,4,3.8,3.9,5.9,2,10,2.5,17.7,2,0,7,4.2
IND,750,India,New Delhi,1947-08-15,9999-12-31,,1945-10-30,1945-10-16,,20.593683,78.96288,ASIA,Southern Asia,3287590,2305143,17181,5963953.1,122,1.67467983555848,26.3,349.2,2.544,1,0,3,2.8,3.8,6.1,1,10,3.6,15.8,0,0,0,5
MMR,775,Myanmar,Rangoon,1948-01-04,9999-12-31,,1948-04-19,1947-09-11,,21.913965,95.95622,ASIA,South-Eastern Asia,678500,532775,14708,,33,0.311825373898431,49,70.4,1.854,0,0,4,2.8,2.8,5.5,7,10,1,1.4,2,0,7,3.7
LKA,780,Sri Lanka,Colombo,1948-02-04,9999-12-31,,1955-12-14,1948-05-21,,7.873054,80.7718,ASIA,Southern Asia,65610,532619,2825,431386.85,41,1.06304713367493,100,322,2.509,0,1,3,2.5,3.7,5.9,5,7,1.5,7.6,2,0,8,5
ISR,666,Israel,Jerusalem,1948-05-14,9999-12-31,,1949-05-11,1949-11-23,,31.046051,34.851612,ASIA,Western Asia,20770,26352,205,142460.39,35,0.445133330987489,96.6,342.4,2.536,NA,NA,NA,NA,NA,NA,NA,NA,NA,NA,NA,NA,NA,NA
PRK,731,Democratic People's Republic of Korea,Pyongyang,1948-09-09,9999-12-31,,1991-09-17,1977-11-14,,40.33985,127.51009,ASIA,Eastern Asia,120540,132826,4009,,12,0.114814454316886,92.9,194.8,2.292,0,0,4,7.4,2,4,4,10,0.7,4.1,0,0,0,6.4
TKL,,Tokelau,Atafu,1949-01-01,9999-12-31,,,2011-06-25,,-8.551667,-172.500833,OCEANIA,Polynesia,10,,,,,,,,,,,,,,,,,,,,,,
DEU,260,German Federal Republic,Bonn/Berlin,1949-05-23,9999-12-31,,1973-09-18,1950-11-27,1952-07-23,51.16569,10.451526,EUROPE,Western Europe,357021,57485,3624,1218325.22,21,40.2846753942246,14.6,230.7,2.365,2,10,2,9,5.3,8.8,1,8,4.2,26.9,1,4,8,7.1
KOR,730,Republic of Korea,Seoul,1949-06-29,9999-12-31,,1991-09-17,1949-11-25,,35.907757,127.76692,ASIA,Eastern Asia,98480,300851,12478,,17,3.85388678453516,100,499.9,2.7,1,0,4,7.1,2.8,5.3,5,10,5.5,39.8,0,0,8,6.4
DDR,265,German Democratic Republic,Berlin,1949-10-07,1990-10-02,,,,,52.524577,13.406067,EUROPE,Eastern Europe,108178,,,,,,,,,,,,,,,,,,,,,,
TWN,713,Chinese Taipei,Taipei,1949-12-08,9999-12-31,,,,,23.775291,120.893555,ASIA,Eastern Asia,35980,83231,2007,,0,0,100,637,2.805,0,1,4,5,1.6,6,4,8,4,27.5,0,0,8,5.7
IDN,850,Indonesia,Jakarta,1949-12-27,9999-12-31,,1950-09-28,1949-11-28,,-0.789275,113.921326,ASIA,South-Eastern Asia,1919440,6159032,95181,5456840.62,138,1.98611380189418,95.9,123.7,2.096,1,1,4,4.9,2.8,5,3,9,2.4,27,1,0,7,5.3
LBY,620,Libyan Arab Jamahiriya,Tripoli,1951-12-24,9999-12-31,,1955-12-14,1953-11-24,,26.3351,17.22833,AFRICA,Northern Africa,1759540,351589,2025,60819.46,21,0.0500477858983402,78.7,3.5,0.653,NA,NA,NA,NA,NA,NA,NA,NA,NA,NA,NA,NA,NA,NA
JPN,740,Japan,Tokyo,1952-04-28,9999-12-31,,1956-12-18,1951-11-21,,36.202023,138.25293,ASIA,Eastern Asia,377835,4479388,29020,7743633.39,59,5.54996424289576,96.4,336.9,2.529,0,1,4,7.5,3.5,4.4,5,8,6.3,36.8,6,0,7,6.5
LAO,812,Lao People's Democratic Republic,Vientiane,1953-10-23,9999-12-31,,1955-12-14,1951-11-21,,19.85627,102.4955,ASIA,South-Eastern Asia,236800,0,0,,23,0,5.7,28.2,1.465,NA,NA,NA,NA,NA,NA,NA,NA,NA,NA,NA,NA,NA,NA
KHM,811,Cambodia,Phnom Penh,1953-11-09,9999-12-31,,1955-12-14,1950-11-11,,12.565679,104.99097,ASIA,South-Eastern Asia,181040,62515,1127,358168.42,28,0.436054687697371,23.8,78.7,1.901,NA,NA,NA,NA,NA,NA,NA,NA,NA,NA,NA,NA,NA,NA
VNM,816,Viet Nam,Hanoi,1945-09-02,9999-12-31,,1977-09-20,1950-11-11,,14.058324,108.2772,ASIA,South-Eastern Asia,329560,417663,11409,,46,1.71310214538948,82.8,261.3,2.419,0,0,4,3.7,3.6,6.1,6,7,1.6,1.5,1,0,8,5
AUT,305,Austria,Vienna,1955-07-27,9999-12-31,,1955-12-14,1947-08-27,1995-01-01,47.51623,14.550072,EUROPE,Western Europe,83858,0,0,111015.63,11,0,2.2,97.9,1.995,NA,NA,NA,NA,NA,NA,NA,NA,NA,NA,NA,NA,NA,NA
SDN,625,Sudan,Khartoum,1956-01-01,9999-12-31,,1956-11-12,1956-09-13,,12.862807,30.217636,AFRICA,Northern Africa,2505810,68148,2245,70656.28,17,0.0459020347428708,2.8,16,1.23,NA,NA,NA,NA,NA,NA,NA,NA,NA,NA,NA,NA,NA,NA
MAR,600,Morocco,Rabat,1956-03-02,9999-12-31,,1956-11-12,1956-09-13,,31.791702,-7.09262,AFRICA,Northern Africa,446550,575230,2009,299544.15,45,1.32020165005104,65.1,76.9,1.892,0,1,3,5.5,3.4,5.8,4,6,3.5,29.3,2,4,7,5.8
TUN,616,Tunisia,Tunis,1956-03-20,9999-12-31,,1956-11-12,1955-11-25,,33.886917,9.537499,AFRICA,Northern Africa,163610,101857,1927,131265.68,31,1.16841042600534,84,63.5,1.81,NA,NA,NA,NA,NA,NA,NA,NA,NA,NA,NA,NA,NA,NA
GHA,452,Ghana,Accra,1957-03-06,9999-12-31,,1957-03-08,1957-11-09,,7.946527,-1.023194,AFRICA,Western Africa,239460,235349,758,676052.33,42,0.0130810889611613,42.5,97.6,1.994,0,0,4,NA,4.2,4.9,4,10,3.7,20.1,1,4,5,NA
EUE,,European Union,Brussels,1957-03-25,9999-12-31,,,1991-11-26,,48.57479,13.974609,EUROPE,,4422773,7044342,65993,,0,0,50,,NA,NA,NA,NA,NA,NA,NA,NA,NA,NA,NA,NA,NA,NA,NA
MYS,820,Malaysia,Kuala Lumpur,1957-08-31,9999-12-31,,1957-09-17,1957-11-09,,4.210484,101.97577,ASIA,South-Eastern Asia,329750,334671,9323,1330015.93,60,2.02655630341222,98,76.6,1.89,1,2,3,5.1,2.6,5.1,7,9,4.7,20.7,0,0,8,4.9
GIN,438,Guinea,Conakry,1958-10-02,9999-12-31,,1958-12-12,1959-11-05,,9.945587,-9.696645,AFRICA,Western Africa,245857,59426,1615,99578.91,63,0,40.9,41.5,1.628,NA,NA,NA,NA,NA,NA,NA,NA,NA,NA,NA,NA,NA,NA
CMR,471,Cameroon,Yaounde,1960-01-01,9999-12-31,,1960-09-20,1960-03-22,,7.369722,12.354722,AFRICA,Middle Africa,475440,16547,1799,258474.82,110,0.391109861666427,21.9,38.8,1.6,NA,NA,NA,NA,NA,NA,NA,NA,NA,NA,NA,NA,NA,NA
TGO,461,Togo,Lome,1960-04-27,9999-12-31,,1960-09-20,1960-05-23,,8.619543,0.824782,AFRICA,Western Africa,56785,12045,53,43953.45,24,0,44.6,103.2,2.018,NA,NA,NA,NA,NA,NA,NA,NA,NA,NA,NA,NA,NA,NA
MLI,432,Mali,Bamako,1960-06-20,9999-12-31,From independence from France as Mali Federation,1960-09-28,1961-11-09,,17.570692,-3.996166,AFRICA,Western Africa,1240000,0,0,105756.36,3,0,0,9.9,1.037,NA,NA,NA,NA,NA,NA,NA,NA,NA,NA,NA,NA,NA,NA
MDG,580,Madagascar,Antananarivo,1960-06-26,9999-12-31,,1960-09-20,1961-11-09,,-18.766947,46.869106,AFRICA,Eastern Africa,587040,1225259,9935,136750.13,83,0.118586566600924,55.1,34.1,1.545,NA,NA,NA,NA,NA,NA,NA,NA,NA,NA,NA,NA,NA,NA
COD,490,Democratic Republic of the Congo,Kinshasa,1960-06-30,9999-12-31,,1960-09-20,1961-11-09,,-4.038333,21.758663,AFRICA,Middle Africa,2345410,1606,177,,81,4.39936585569221,2.7,28.4,1.468,NA,NA,NA,NA,NA,NA,NA,NA,NA,NA,NA,NA,NA,NA
SOM,520,Somalia,Mogadishu,1960-07-01,9999-12-31,,1960-09-20,1960-11-17,,5.152149,46.199615,AFRICA,Eastern Africa,637657,825052,3898,,26,1.40085355720726e-05,54.8,15,1.204,NA,NA,NA,NA,NA,NA,NA,NA,NA,NA,NA,NA,NA,NA
BEN,434,Benin,Porto-Novo,1960-08-01,9999-12-31,,1960-09-20,1961-11-09,,9.30769,2.315834,AFRICA,Western Africa,112620,33221,153,65575.13,27,0,62.4,73.7,1.873,NA,NA,NA,NA,NA,NA,NA,NA,NA,NA,NA,NA,NA,NA
NER,436,Niger,Niamey,1960-08-03,9999-12-31,,1960-09-20,1961-11-09,,17.607788,8.081666,AFRICA,Western Africa,1267000,0,0,45972.93,4,0,0,10.5,1.061,NA,NA,NA,NA,NA,NA,NA,NA,NA,NA,NA,NA,NA,NA
BFA,439,Burkina Faso,Ouagadougou,1960-08-05,9999-12-31,,1960-09-20,1961-11-09,,12.238333,-1.561593,AFRICA,Western Africa,274200,0,0,26955.11,4,0,0,55.7,1.754,NA,NA,NA,NA,NA,NA,NA,NA,NA,NA,NA,NA,NA,NA
CIV,437,Cote d'Ivoire,Yamoussoukro,1960-08-07,9999-12-31,,1960-09-20,1961-11-09,,7.539989,-5.54708,AFRICA,Western Africa,322460,176254,797,,43,0.0735345249736001,39.7,57,1.763,NA,NA,NA,NA,NA,NA,NA,NA,NA,NA,NA,NA,NA,NA
TCD,483,Chad,N’Djamena,1960-08-11,9999-12-31,,1960-09-20,1961-11-09,,15.454166,18.732206,AFRICA,Middle Africa,1284000,0,0,62189.81,1,0,0,7.9,0.949,NA,NA,NA,NA,NA,NA,NA,NA,NA,NA,NA,NA,NA,NA
CAF,482,Central African Republic,Bangui,1960-08-13,9999-12-31,,1960-09-20,1961-11-09,,6.611111,20.939444,AFRICA,Middle Africa,622984,0,0,15270.14,3,0,0,7.1,0.908,NA,NA,NA,NA,NA,NA,NA,NA,NA,NA,NA,NA,NA,NA
COG,484,Congo,Brazzaville,1960-08-15,9999-12-31,,1960-09-20,1961-11-09,,-0.228021,15.827659,AFRICA,Middle Africa,342000,31017,205,,45,32.8150432535091,24.5,11.4,1.093,NA,NA,NA,NA,NA,NA,NA,NA,NA,NA,NA,NA,NA,NA
CYP,352,Cyprus,Nicosia,1960-08-16,9999-12-31,,1960-09-20,1960-09-14,2004-05-01,35.12641,33.42986,ASIA,Western Asia,9250,98707,671,19291.83,17,0.558759510969502,100,85.7,1.938,NA,NA,NA,NA,NA,NA,NA,NA,NA,NA,NA,NA,NA,NA
GAB,481,Gabon,Libreville,1960-08-17,9999-12-31,,1960-09-20,1961-11-09,,-0.803689,11.609444,AFRICA,Middle Africa,267667,202790,2019,49567.58,59,7.28382153092141,62.8,5.6,0.82,NA,NA,NA,NA,NA,NA,NA,NA,NA,NA,NA,NA,NA,NA
SEN,433,Senegal,Dakar,1960-08-20,9999-12-31,From independence from Mali Federation,1960-09-28,1961-11-09,,14.497401,-14.452362,AFRICA,Western Africa,196190,158861,1327,288491.12,41,12.4340137296508,83.2,65.5,1.823,0,0,5,6.6,3.7,6.3,7,10,2.6,46.8,1,4,8,5.3
NGA,475,Nigeria,Abuja,1960-10-01,9999-12-31,,1960-10-07,1960-10-11,,9.081999,8.675277,AFRICA,Western Africa,923768,217313,3122,1327067.35,56,0.161183023997019,25.7,149.7,2.178,0,0,4,5.3,3.7,4.6,3,9,1.6,17.4,9,0,10,5.7
MRT,435,Mauritania,Nouakchott,1960-11-28,9999-12-31,,1961-10-27,1961-11-09,,21.00789,-10.940835,AFRICA,Western Africa,1030700,165338,1268,53861.92,30,32.1291651799456,39.6,3.3,0.633,NA,NA,NA,NA,NA,NA,NA,NA,NA,NA,NA,NA,NA,NA
SLE,451,Sierra Leone,Freetown,1961-04-27,9999-12-31,,1961-09-27,1961-11-09,,8.460555,-11.779889,AFRICA,Western Africa,71740,215611,1677,141648.25,45,0,54.7,87.7,1.948,NA,NA,NA,NA,NA,NA,NA,NA,NA,NA,NA,NA,NA,NA
KWT,690,Kuwait,Kuwait,1961-06-19,9999-12-31,,1963-05-14,1961-11-09,,29.31166,47.481766,ASIA,Western Asia,17820,11026,756,35317.58,11,0.00891197368843286,100,145.7,2.166,NA,NA,NA,NA,NA,NA,NA,NA,NA,NA,NA,NA,NA,NA
SYR,652,Syrian Arab Republic,Damascus,1961-09-29,9999-12-31,,1945-10-24,1945-10-27,,34.802074,38.996815,ASIA,Western Asia,185180,10503,212,,33,0.625662261682456,34.5,106.6,2.032,NA,NA,NA,NA,NA,NA,NA,NA,NA,NA,NA,NA,NA,NA
TZA,510,United Republic of Tanzania,Dar es Salaam,1961-12-09,9999-12-31,Previously Tanganyika,1961-12-14,1962-02-08,,-6.457234,34.96399,AFRICA,Eastern Africa,945087,241888,3461,,172,10.0195703454026,21.1,42.5,1.638,NA,NA,NA,NA,NA,NA,NA,NA,NA,NA,NA,NA,NA,NA
WSM,990,Samoa,Apia,1962-01-01,9999-12-31,,1976-12-15,1979-11-12,,-13.759029,-172.10463,OCEANIA,Polynesia,2944,127950,463,8286.54,11,0.545078935367202,100,73.7,1.873,NA,NA,NA,NA,NA,NA,NA,NA,NA,NA,NA,NA,NA,NA
BDI,516,Burundi,Bujumbura,1962-07-01,9999-12-31,,1962-09-18,1963-11-19,,-3.373056,29.918886,AFRICA,Eastern Africa,27830,0,0,14250.9,17,0,0,312.3,2.496,NA,NA,NA,NA,NA,NA,NA,NA,NA,NA,NA,NA,NA,NA
RWA,517,Rwanda,Kigali,1962-07-01,9999-12-31,Independence from Belgium granted same day as Burundi,1962-09-18,1963-11-19,,-1.940278,29.873888,AFRICA,Eastern Africa,26338,0,0,19602.95,9,0,0,386.7,2.588,NA,NA,NA,NA,NA,NA,NA,NA,NA,NA,NA,NA,NA,NA
DZA,615,Algeria,Algiers,1962-07-05,9999-12-31,,1962-10-08,1963-11-19,,28.033886,1.659626,AFRICA,Northern Africa,2381740,126353,1557,174448.39,33,0.286329749270636,68.8,14.2,1.182,NA,NA,NA,NA,NA,NA,NA,NA,NA,NA,NA,NA,NA,NA
JAM,51,Jamaica,Kingston,1962-08-06,9999-12-31,,1962-09-18,1963-03-13,,18.109581,-77.29751,LATIN AMERICA,Caribbean,10831,258137,895,82400.67,17,4.15597374342839,100,258.9,2.415,NA,NA,NA,NA,NA,NA,NA,NA,NA,NA,NA,NA,NA,NA
TTO,52,Trinidad and Tobago,Port-of-Spain,1962-08-31,9999-12-31,,1962-09-18,1963-11-19,,10.691803,-61.222504,LATIN AMERICA,Caribbean,5128,74199,704,,19,2.80732790855531,100,204.2,2.312,NA,NA,NA,NA,NA,NA,NA,NA,NA,NA,NA,NA,NA,NA
UGA,500,Uganda,Kampala,1962-10-09,9999-12-31,,1962-10-25,1963-11-19,,1.373333,32.290276,AFRICA,Eastern Africa,236040,0,0,477224.79,61,0,0,132.9,2.127,NA,NA,NA,NA,NA,NA,NA,NA,NA,NA,NA,NA,NA,NA
KEN,501,Kenya,Nairobi,1963-12-12,9999-12-31,,1963-12-16,1964-01-27,,-0.023559,37.906193,AFRICA,Eastern Africa,582650,116942,1586,133903.05,66,10.4722213734741,7.7,65.1,1.82,NA,NA,NA,NA,NA,NA,NA,NA,NA,NA,NA,NA,NA,NA
EAZ,511,Zanzibar,Zanzibar City,1963-12-19,1964-04-26,,,,,,,,,,,,,,,,,,,,,,,,,,,,,,,
MWI,553,Malawi,Lilongwe,1964-07-06,9999-12-31,,1964-12-01,1965-11-22,,-13.254308,34.301525,AFRICA,Eastern Africa,118480,0,0,71964.93,101,0,0,117.6,2.074,NA,NA,NA,NA,NA,NA,NA,NA,NA,NA,NA,NA,NA,NA
MLT,338,Malta,Valletta,1964-09-21,9999-12-31,,1964-12-01,1964-10-05,2004-05-01,35.937496,14.375416,EUROPE,Southern Europe,316,54823,198,12252.64,14,0.397557083465745,100,1276.9,3.106,NA,NA,NA,NA,NA,NA,NA,NA,NA,NA,NA,NA,NA,NA
ZMB,551,Zambia,Lusaka,1964-10-24,9999-12-31,,1964-12-01,1965-11-22,,-13.133897,27.849333,AFRICA,Eastern Africa,752614,0,0,76455.62,20,0,0,15.5,1.217,NA,NA,NA,NA,NA,NA,NA,NA,NA,NA,NA,NA,NA,NA
GMB,420,Gambia,Banjul,1965-02-18,9999-12-31,,1965-09-21,1965-11-22,,13.443182,-15.310139,AFRICA,Western Africa,11300,23112,503,,21,0.0636105360431951,90.8,153.5,2.189,NA,NA,NA,NA,NA,NA,NA,NA,NA,NA,NA,NA,NA,NA
MDV,781,Maldives,Male,1965-07-26,9999-12-31,,1965-09-21,1971-11-08,,3.202778,73.22068,ASIA,Southern Asia,300,923322,2002,53128.74,15,0,81.1,1264,3.102,NA,NA,NA,NA,NA,NA,NA,NA,NA,NA,NA,NA,NA,NA
COK,,Cook Islands,Avarua,1965-08-04,9999-12-31,,,1985-11-11,,-21.2,-159.766667,OCEANIA,Polynesia,240,1830000,120,1150,55,NA,100,86,1.94,NA,NA,NA,NA,NA,NA,NA,NA,NA,NA,NA,NA,NA,NA
SGP,830,Singapore,Singapore,1965-08-09,9999-12-31,,1965-09-21,2013-06-15,,1.301768,103.83453,ASIA,South-Eastern Asia,693,1067,268,,25,1.44338451170367,100,6649.4,3.823,NA,NA,NA,NA,NA,NA,NA,NA,NA,NA,NA,NA,NA,NA
ZWE,552,Zimbabwe,Harare,1965-11-11,9999-12-31,,1980-08-25,1981-11-07,,-19.015438,29.154858,AFRICA,Eastern Africa,390580,0,0,16112.03,3,0,0,31.7,1.515,NA,NA,NA,NA,NA,NA,NA,NA,NA,NA,NA,NA,NA,NA
GUY,110,Guyana,Georgetown,1966-05-26,9999-12-31,,1966-09-20,1966-08-22,,4.860416,-58.93018,LATIN AMERICA,South America,214970,137765,1154,25441.09,25,0,76.6,3.6,0.663,NA,NA,NA,NA,NA,NA,NA,NA,NA,NA,NA,NA,NA,NA
BWA,571,Botswana,Gaborone,1966-09-30,9999-12-31,,1966-10-17,1966-11-01,,-22.328474,24.684866,AFRICA,Southern Africa,600370,0,0,5676.5,2,0,0,3.1,0.613,NA,NA,NA,NA,NA,NA,NA,NA,NA,NA,NA,NA,NA,NA
LSO,570,Lesotho,Maseru,1966-10-04,9999-12-31,,1966-10-17,1966-11-07,,-29.609987,28.233608,AFRICA,Southern Africa,30355,0,0,46,1,0,0,70.1,1.852,NA,NA,NA,NA,NA,NA,NA,NA,NA,NA,NA,NA,NA,NA
BRB,53,Barbados,Bridgetown,1966-11-30,9999-12-31,,1966-12-09,1967-11-06,,13.193887,-59.543198,LATIN AMERICA,Caribbean,431,186898,97,11064.37,16,0.0651783219976143,100,654.3,2.816,NA,NA,NA,NA,NA,NA,NA,NA,NA,NA,NA,NA,NA,NA
YPR,680,Yemen People’s Republic,,1967-11-30,1990-05-21,,,,,12.79774,45.032959,,,,,,,,,,,,,,,,,,,,,,,,,
MUS,590,Mauritius,Port Louis,1968-03-12,9999-12-31,,1968-04-24,1968-03-12,,-20.348404,57.55215,AFRICA,Eastern Africa,2040,1284997,496,26182.68,12,0.279200463775553,100,624.5,2.796,NA,NA,NA,NA,NA,NA,NA,NA,NA,NA,NA,NA,NA,NA
SWZ,572,Swaziland,Mbabane,1968-09-06,9999-12-31,,1968-09-24,1971-11-08,,-26.522503,31.465866,AFRICA,Southern Africa,17363,0,0,7522.2,4,0,30.5,65,1.82,NA,NA,NA,NA,NA,NA,NA,NA,NA,NA,NA,NA,NA,NA
GNQ,411,Equatorial Guinea,Malabo,1968-10-12,9999-12-31,,1968-11-12,1981-11-07,,1.650801,10.267895,AFRICA,Middle Africa,28051,303509,603,,27,2.57333692236554,72.3,22,1.362,NA,NA,NA,NA,NA,NA,NA,NA,NA,NA,NA,NA,NA,NA
NRU,970,Nauru,Yaren,1968-12-31,9999-12-31,,1999-09-14,2001-11-02,,-0.522778,166.9315,OCEANIA,Micronesia,21,308480,30,,0,0,100,657.1,2.818,NA,NA,NA,NA,NA,NA,NA,NA,NA,NA,NA,NA,NA,NA
TON,955,Tonga,Nuku’alofa,1970-06-04,9999-12-31,,1999-09-14,1981-11-07,,-21.178986,-175.19824,OCEANIA,Polynesia,748,659558,909,,10,9.37298475165709,97.5,159.1,2.204,NA,NA,NA,NA,NA,NA,NA,NA,NA,NA,NA,NA,NA,NA
FJI,950,Fiji,Suva,1970-10-10,9999-12-31,,1970-10-13,1971-11-08,,-17.713371,178.06503,OCEANIA,Melanesia,18270,1282978,4638,30019.46,11,0.0604692423763231,99.9,51,1.716,NA,NA,NA,NA,NA,NA,NA,NA,NA,NA,NA,NA,NA,NA
BHR,692,Bahrain,Manama,1971-08-15,9999-12-31,,1971-09-21,1971-11-08,,25.930414,50.63777,ASIA,Western Asia,665,10225,255,,8,0.650520602543198,100,1080.2,3.034,NA,NA,NA,NA,NA,NA,NA,NA,NA,NA,NA,NA,NA,NA
QAT,694,Qatar,Doha,1971-09-03,9999-12-31,,1971-09-21,1971-11-08,,25.354826,51.183884,ASIA,Western Asia,11437,31590,909,,11,0.251266179825813,100,81.2,1.915,NA,NA,NA,NA,NA,NA,NA,NA,NA,NA,NA,NA,NA,NA
BTN,760,Bhutan,Thimphu,1971-09-21,9999-12-31,,1971-09-21,1981-11-07,,27.514162,90.4336,ASIA,Southern Asia,47000,0,0,,3,0,0,14.5,1.19,NA,NA,NA,NA,NA,NA,NA,NA,NA,NA,NA,NA,NA,NA
OMN,698,Oman,Muscat,1971-10-07,9999-12-31,,1971-10-07,1971-11-08,,21.512583,55.923256,ASIA,Western Asia,212460,533180,2810,,24,1.29804704678725,88.5,15.6,1.22,NA,NA,NA,NA,NA,NA,NA,NA,NA,NA,NA,NA,NA,NA
ARE,696,United Arab Emirates,Abu Dhabi,1971-12-02,9999-12-31,,1971-12-09,1973-11-12,,23.424076,53.847816,ASIA,Western Asia,82880,58218,2871,98506.44,13,2.57197104913309,84.9,55.8,1.754,NA,NA,NA,NA,NA,NA,NA,NA,NA,NA,NA,NA,NA,NA
BGD,771,Bangladesh,Dhaka,1971-12-16,9999-12-31,,1974-09-17,1973-11-12,,23.684994,90.35633,ASIA,Southern Asia,144000,86392,3306,2355614.08,19,0.810495357471549,54.8,1066.3,3.028,0,0,0,2.3,3.1,5.1,1,9,1.4,2.2,1,0,6,2.7
BHS,31,Bahamas,Nassau,1973-07-10,9999-12-31,,1973-09-18,1975-11-08,,25.03428,-77.39628,LATIN AMERICA,Caribbean,13940,654715,11238,10112.14,25,0.405409691763035,99.6,22.1,1.364,NA,NA,NA,NA,NA,NA,NA,NA,NA,NA,NA,NA,NA,NA
GRD,55,Grenada,Saint George’s,1974-02-07,9999-12-31,,1974-09-17,1975-11-08,,12.262776,-61.60417,LATIN AMERICA,Caribbean,344,27426,252,3808.18,15,0.022562666963014,100,262.5,2.421,NA,NA,NA,NA,NA,NA,NA,NA,NA,NA,NA,NA,NA,NA
GNB,404,Guinea-Bissau,Bissau,1974-09-10,9999-12-31,,1974-09-17,1973-11-26,,11.803749,-15.180413,AFRICA,Western Africa,36120,123725,3176,2474.97,30,45.8234416762713,94.6,41.6,1.629,NA,NA,NA,NA,NA,NA,NA,NA,NA,NA,NA,NA,NA,NA
MOZ,541,Mozambique,Maputo,1975-06-25,9999-12-31,,1975-09-16,1977-11-14,,-18.665695,35.529564,AFRICA,Eastern Africa,801590,578986,6942,49120.98,52,3.25452924547392,50,26.6,1.441,NA,NA,NA,NA,NA,NA,NA,NA,NA,NA,NA,NA,NA,NA
CPV,402,Cape Verde,Praia,1975-07-05,9999-12-31,,1975-09-16,1975-11-08,,16.002083,-24.01319,AFRICA,Western Africa,4033,800561,1121,5683.53,20,0,99.9,105.9,2.029,NA,NA,NA,NA,NA,NA,NA,NA,NA,NA,NA,NA,NA,NA
COM,581,Comoros,Moroni,1975-07-06,9999-12-31,,1975-11-12,1977-11-14,,-11.875001,43.87222,AFRICA,Eastern Africa,2170,163752,469,16324.86,6,0,100,337.2,2.529,NA,NA,NA,NA,NA,NA,NA,NA,NA,NA,NA,NA,NA,NA
STP,403,Sao Tome and Principe,Sao Tome,1975-07-12,9999-12-31,,1975-09-16,1977-11-14,,0.336767,6.727799,AFRICA,Middle Africa,1001,131397,269,3606.67,11,0,99.9,206,2.316,NA,NA,NA,NA,NA,NA,NA,NA,NA,NA,NA,NA,NA,NA
PNG,910,Papua New Guinea,Port Moresby,1975-09-16,9999-12-31,,1975-10-10,1975-11-08,,-6.314993,143.95555,OCEANIA,Melanesia,462840,2402288,20197,,41,0.318006585860125,61.3,12.8,1.14,NA,NA,NA,NA,NA,NA,NA,NA,NA,NA,NA,NA,NA,NA
AGO,540,Angola,Luanda,1975-11-11,9999-12-31,,1976-12-01,1977-11-14,,-11.202692,17.873886,AFRICA,Middle Africa,1246700,518433,2252,287970.94,37,0.0666226154317625,29.4,10.1,1.045,1,0,4,NA,2.6,6,6,10,1.2,27.4,2,0,8,NA
SUR,115,Suriname,Paramaribo,1975-11-25,9999-12-31,,1975-12-04,1975-11-26,,3.919305,-56.027782,LATIN AMERICA,South America,163270,127772,620,7694.33,24,22.8665445758284,87,2.9,0.591,NA,NA,NA,NA,NA,NA,NA,NA,NA,NA,NA,NA,NA,NA
SYC,591,Seychelles,Victoria,1976-06-29,9999-12-31,,1976-09-21,1977-11-14,,-4.679574,55.491978,AFRICA,Eastern Africa,455,1336559,747,5332.84,14,0.50731553067875,99.9,180.7,2.259,NA,NA,NA,NA,NA,NA,NA,NA,NA,NA,NA,NA,NA,NA
DJI,522,Djibouti,Djibouti,1977-06-27,9999-12-31,,1977-09-20,1977-11-14,,11.825138,42.590275,AFRICA,Eastern Africa,23000,7459,443,862.89,15,0.239406931426161,100,22,1.362,NA,NA,NA,NA,NA,NA,NA,NA,NA,NA,NA,NA,NA,NA
SLB,940,Solomon Islands,Honiara,1978-07-07,9999-12-31,,1978-09-19,1985-11-11,,-9.64571,160.15619,OCEANIA,Melanesia,28450,1589477,9880,14997.87,15,0.124611047389408,100,20.4,1.33,NA,NA,NA,NA,NA,NA,NA,NA,NA,NA,NA,NA,NA,NA
TUV,947,Tuvalu,Fongafale,1978-10-01,9999-12-31,,2000-09-05,2003-11-29,,-7.109535,177.64932,OCEANIA,Polynesia,26,749790,24,,9,0.188840883774993,100,469.2,2.672,NA,NA,NA,NA,NA,NA,NA,NA,NA,NA,NA,NA,NA,NA
DMA,54,Dominica,Roseau,1978-11-03,9999-12-31,,1978-12-18,1979-11-12,,15.414999,-61.370975,LATIN AMERICA,Caribbean,754,28985,152,1817.45,15,0.125202753420425,100,96.2,1.988,NA,NA,NA,NA,NA,NA,NA,NA,NA,NA,NA,NA,NA,NA
LCA,56,St. Lucia,Castries,1979-02-22,9999-12-31,,1979-09-18,1979-11-26,,13.909444,-60.978893,LATIN AMERICA,Caribbean,616,15617,166,6846.41,16,0.0574488375243558,100,280.7,2.45,NA,NA,NA,NA,NA,NA,NA,NA,NA,NA,NA,NA,NA,NA
KIR,946,Kiribati,Tarawa,1979-07-12,9999-12-31,,1999-09-14,1999-11-15,,-3.370417,-168.73404,OCEANIA,Micronesia,811,3441810,1961,7090.26,9,22.6204664046792,99,136.1,2.137,NA,NA,NA,NA,NA,NA,NA,NA,NA,NA,NA,NA,NA,NA
VCT,57,St. Vincent and the Grenadines,Saint-Pierre,1979-10-27,9999-12-31,,1980-09-16,1981-11-07,,13.012297,-61.22773,LATIN AMERICA,Caribbean,242,36302,264,,16,0.605506321500763,100,489.3,2.69,NA,NA,NA,NA,NA,NA,NA,NA,NA,NA,NA,NA,NA,NA
VUT,935,Vanuatu,Port-Vila,1980-07-30,9999-12-31,,1981-09-15,1983-11-07,,-15.376706,166.95915,OCEANIA,Melanesia,12200,663251,3132,6907.47,14,0.0515238153319421,100,17.7,1.272,NA,NA,NA,NA,NA,NA,NA,NA,NA,NA,NA,NA,NA,NA
BLZ,80,Belize,Belmopan,1981-09-21,9999-12-31,,1981-09-25,1983-11-07,,17.189877,-88.49765,LATIN AMERICA,Central America,22966,35351,1996,3690.92,25,11.855337230595,100,13.1,1.149,NA,NA,NA,NA,NA,NA,NA,NA,NA,NA,NA,NA,NA,NA
ATG,58,Antigua and Barbuda,Saint John’s,1981-11-01,9999-12-31,,1981-11-11,1983-11-07,,29.540352,-95.09471,LATIN AMERICA,Caribbean,443,110089,289,,14,0.703691619604426,100,157.6,2.2,NA,NA,NA,NA,NA,NA,NA,NA,NA,NA,NA,NA,NA,NA
KNA,60,St. Kitts and Nevis,Basseterre,1983-09-19,9999-12-31,,1983-09-23,1983-11-07,,17.357822,-62.782997,LATIN AMERICA,Caribbean,261,9974,135,,15,0.527303519279156,100,151.7,2.184,NA,NA,NA,NA,NA,NA,NA,NA,NA,NA,NA,NA,NA,NA
BRN,835,Brunei Darussalam,Bandar Seri Begawan,1984-01-01,9999-12-31,,1984-09-21,2013-06-15,,4.926779,114.922485,ASIA,South-Eastern Asia,5770,10090,269,,8,1.44133219749414,99.9,66.1,1.827,NA,NA,NA,NA,NA,NA,NA,NA,NA,NA,NA,NA,NA,NA
MHL,983,Marshall Islands,Majuro,1986-10-21,9999-12-31,,1991-09-17,1999-11-12,,7.131474,171.18448,OCEANIA,Micronesia,181,1990530,2106,,9,0.614202093899336,53.3,349.2,2.544,NA,NA,NA,NA,NA,NA,NA,NA,NA,NA,NA,NA,NA,NA
FSM,987,Federated States of Micronesia,Palikir,1986-11-03,9999-12-31,,1991-09-17,2003-11-29,,7.425554,150.55081,OCEANIA,Micronesia,702,2996419,1295,,14,0.0578902956993811,97.5,153.4,2.189,NA,NA,NA,NA,NA,NA,NA,NA,NA,NA,NA,NA,NA,NA
PSE,,State of Palestine,Jerusalem,1988-11-15,9999-12-31,,2012-11-29,,,,,,,,,,,,,,,,,,,,,,,,,,,,,
NAM,565,Namibia,Windhoek,1990-03-21,9999-12-31,,1990-04-23,1977-11-14,,-22.95764,18.49041,AFRICA,Southern Africa,825418,564748,1754,30705.24,25,8.24612181522995,4.7,2.5,0.544,0,0,3,7.2,2.9,6.3,7,10,5.8,38,1,4,6,4.8
YEM,678,Yemen,Sanaa,1990-05-22,9999-12-31,,1947-09-30,1990-05-22,,15.552727,48.516388,ASIA,Western Asia,527970,552669,3149,102240.08,21,1.76722735507023,63.5,43.6,1.649,0,0,3,3.7,2.8,6,6,10,0.9,11.6,0,0,7,5
GEO,372,Georgia,Tbilisi,1991-04-09,9999-12-31,,1992-07-31,1995-10-20,,42.163403,43.533325,ASIA,Western Asia,69700,21946,376,36475.62,9,0.449665831392053,38.8,66.4,1.829,NA,NA,NA,NA,NA,NA,NA,NA,NA,NA,NA,NA,NA,NA
HRV,344,Croatia,Zagreb,1991-06-25,9999-12-31,,1992-05-22,1993-11-08,2013-07-01,44.236804,15.754395,EUROPE,Southern Europe,56542,59032,5664,67788.4,56,3.35876874780964,37.9,79.4,1.905,NA,NA,NA,NA,NA,NA,NA,NA,NA,NA,NA,NA,NA,NA
SVN,349,Slovenia,Ljubljana,1991-06-25,9999-12-31,,1992-05-22,1993-11-08,2004-05-01,46.15124,14.995463,EUROPE,Southern Europe,20273,220,41,18848.48,26,0.677765817760895,60.6,99,2,NA,NA,NA,NA,NA,NA,NA,NA,NA,NA,NA,NA,NA,NA
EST,366,Estonia,Tallinn,1991-08-20,9999-12-31,,1991-09-17,1991-11-11,2004-05-01,58.595272,25.013607,EUROPE,Northern Europe,45226,36992,2956,22016.69,4,26.4682716264724,85.9,28.9,1.476,NA,NA,NA,NA,NA,NA,NA,NA,NA,NA,NA,NA,NA,NA
LVA,367,Latvia,Riga,1991-08-21,9999-12-31,,1991-09-17,1991-11-11,2004-05-01,56.879635,24.60319,EUROPE,Northern Europe,64589,28452,566,28572.48,5,6.66925659643855,75.2,34.8,1.554,0,1,1,NA,3.6,7.1,3,10,2.4,20.2,2,7,8,NA
UKR,369,Ukraine,Kiev,1991-08-24,9999-12-31,,1945-10-24,2003-11-29,,48.379433,31.16558,EUROPE,Eastern Europe,603700,147318,4953,783009.29,21,4.85849971182726,20.9,76.2,1.888,1,4,0,6.2,3.7,6.5,2,10,2.2,26.5,1,4,6,5.5
BLR,370,Belarus,Minsk,1991-08-25,9999-12-31,,1945-10-24,2005-11-19,,53.70981,27.953388,EUROPE,Eastern Europe,207600,0,0,152164.86,2,0,0,46.7,1.679,NA,NA,NA,NA,NA,NA,NA,NA,NA,NA,NA,NA,NA,NA
MDA,359,Republic of Moldova,Chisinau,1991-08-27,9999-12-31,,1992-03-02,1995-10-20,,47.02833,28.827967,EUROPE,Eastern Europe,33843,0,0,,9,0,9.1,127.8,2.11,NA,NA,NA,NA,NA,NA,NA,NA,NA,NA,NA,NA,NA,NA
LTU,368,Lithuania,Vilnius,1991-09-06,9999-12-31,,1991-09-17,1991-11-11,2004-05-01,55.169437,23.881275,EUROPE,Northern Europe,65200,7031,258,126031.35,5,10.7495411156547,22.9,54.7,1.746,NA,NA,NA,NA,NA,NA,NA,NA,NA,NA,NA,NA,NA,NA
MKD,343,The former Yugoslav Republic of Macedonia,Skopje,1991-09-08,9999-12-31,,1993-04-08,1993-11-08,,41.608635,21.745275,EUROPE,Southern Europe,25333,0,0,,14,0,14.3,81.4,1.916,NA,NA,NA,NA,NA,NA,NA,NA,NA,NA,NA,NA,NA,NA
ARM,371,Armenia,Yerevan,1991-09-21,9999-12-31,,1992-03-02,1993-11-08,,40.0691,45.03819,ASIA,Western Asia,29800,0,0,6589.88,3,0,0,99.6,2.003,NA,NA,NA,NA,NA,NA,NA,NA,NA,NA,NA,NA,NA,NA
AZE,373,Azerbaijan,Baku,1991-10-18,9999-12-31,,1992-03-02,1995-10-20,,40.143105,47.576927,ASIA,Western Asia,86600,0,871,14457.42,10,0,55.7,94.4,1.98,NA,NA,NA,NA,NA,NA,NA,NA,NA,NA,NA,NA,NA,NA
TKM,701,Turkmenistan,Ashgabat,1991-12-26,9999-12-31,,1992-03-02,1995-10-20,,38.96972,59.55628,ASIA,Central Asia,488100,0,0,16365.14,11,0,8.1,10.6,1.064,NA,NA,NA,NA,NA,NA,NA,NA,NA,NA,NA,NA,NA,NA
TJK,702,Tajikistan,Dushanbe,1991-12-26,9999-12-31,,1992-03-02,1995-10-20,,38.861034,71.27609,ASIA,Central Asia,143100,0,0,2169,5,0,0,50.4,1.711,NA,NA,NA,NA,NA,NA,NA,NA,NA,NA,NA,NA,NA,NA
KGZ,703,Kyrgyzstan,Bishkek,1991-12-26,9999-12-31,,1992-03-02,1993-11-08,,41.20438,74.7661,ASIA,Central Asia,198500,0,0,12315.18,3,0,0,27,1.447,NA,NA,NA,NA,NA,NA,NA,NA,NA,NA,NA,NA,NA,NA
UZB,704,Uzbekistan,Tashkent,1991-12-26,9999-12-31,,1992-03-02,2001-11-02,,41.37749,64.58526,ASIA,Central Asia,447400,0,1707,9359.65,7,0,2.6,63.2,1.808,NA,NA,NA,NA,NA,NA,NA,NA,NA,NA,NA,NA,NA,NA
KAZ,705,Kazakhstan,Astana,1991-12-26,9999-12-31,,1992-03-02,1997-11-07,,48.019573,66.92368,ASIA,Central Asia,2717300,0,4528,44110.36,14,0,3.6,5.6,0.82,NA,NA,NA,NA,NA,NA,NA,NA,NA,NA,NA,NA,NA,NA
BIH,346,Bosnia and Herzegovina,Sarajevo,1992-04-07,9999-12-31,,1992-05-22,1993-11-08,,43.915886,17.679075,EUROPE,Southern Europe,51129,50,23,,31,0.707014981566435,46.6,89.8,1.958,NA,NA,NA,NA,NA,NA,NA,NA,NA,NA,NA,NA,NA,NA
SVK,317,Slovakia,Bratislava,1993-01-01,9999-12-31,,1993-01-19,1993-11-08,2004-05-01,48.669025,19.699024,EUROPE,Eastern Europe,48845,0,0,43297.5,5,0,0,111.7,2.052,NA,NA,NA,NA,NA,NA,NA,NA,NA,NA,NA,NA,NA,NA
ERI,531,Eritrea,Asmara,1993-05-24,9999-12-31,,1993-05-28,1993-11-08,,15.179384,39.782333,AFRICA,Eastern Africa,121320,77728,3446,3925.14,18,0,73.5,41.4,1.627,NA,NA,NA,NA,NA,NA,NA,NA,NA,NA,NA,NA,NA,NA
NIU,,Niue,Alofi,1974-10-19,9999-12-31,,,1999-11-12,,-19.063333,-169.869722,OCEANIA,Polynesia,260,,,,,,,,,,,,,,,,,,,,,,
PLW,986,Palau,Koror,1994-10-01,9999-12-31,,1994-12-15,1999-11-12,,7.51498,134.58252,OCEANIA,Micronesia,458,603978,1519,,12,5.2740397471791,100,46.1,1.673,NA,NA,NA,NA,NA,NA,NA,NA,NA,NA,NA,NA,NA,NA
TLS,860,Timor-Leste,Dili,2002-09-27,9999-12-31,,2002-09-27,2003-11-29,,-8.874217,125.72754,ASIA,South-Eastern Asia,15007,70326,1289,,5,6.66505057423298,100,73.9,1.874,NA,NA,NA,NA,NA,NA,NA,NA,NA,NA,NA,NA,NA,NA
FRO,,Faroe Islands,Torshavn,2005-07-29,9999-12-31,,,2007-11-17,,62.33333,-7,EUROPE,Northern Europe,1399,,,,,,,,,,,,,,,,,,,,,,
MNE,341,Montenegro,Podgorica,2006-06-03,9999-12-31,,2006-06-28,2007-11-17,,42.70868,19.37439,EUROPE,Southern Europe,14026,7745,294,,24,0.849827608173776,100,48.4,1.694,NA,NA,NA,NA,NA,NA,NA,NA,NA,NA,NA,NA,NA,NA
KOS,347,Kosovo,Kosovo,2008-02-17,9999-12-31,,,,,,,,,,,,,,,,,,,,,,,,,,,,,,,
ABK,396,Abkhazia,Sukhumi,2008-08-26,9999-12-31,,,,,,,,,,,,,,,,,,,,,,,,,,,,,,,
SOT,397,South Ossetia,Tskhinvali,2008-08-26,9999-12-31,,,,,,,,,,,,,,,,,,,,,,,,,,,,,,,
SSD,626,South Sudan,Juba,2011-07-09,9999-12-31,,,,,,,,,,,,,,,,,,,,,,,,,,,,,,,
YAR,678,Yemen Arab Republic,,,,,,,,,,,,,,,,,,,,,,,,,,,,,,,,,,
RVN,817,Republic of Vietnam,Saigon,1955-10-26,1976-07-02,,,,,,,,,,,,,,,,,,,,,,,,,,,,,,,